sequence,job_id,gpu_id,status,attempt,config_path,config_sha256,out_dir,final_checkpoint,partial_checkpoints,started_utc,ended_utc,elapsed_s,timeout_s,returncode,log_path,prepare_manifest_sha256,data_manifest_sha256,surface_seed_sha256,job_binding_sha256,final_checkpoint_sha256,final_checkpoint_it,final_checkpoint_n_prim,message
1,gs_e5_C001_s3ap_b4907199_a0_r1,0,complete,1,phases/p2-gsjso/runs/20260715_e5_c001_s3ap_phase2_prepare/configs/gs_e5_C001_s3ap_b4907199_a0_r1.yaml,411f43273dccb996d076f783934c8f1bd8803b764407082da4d905318187425c,results/tum_transfer/e5_s3ap_phase2/runs/gs_e5_C001_s3ap_b4907199_a0_r1,results/tum_transfer/e5_s3ap_phase2/runs/gs_e5_C001_s3ap_b4907199_a0_r1/ckpt/final.pt,results/tum_transfer/e5_s3ap_phase2/runs/gs_e5_C001_s3ap_b4907199_a0_r1/ckpt/step_010000.pt;results/tum_transfer/e5_s3ap_phase2/runs/gs_e5_C001_s3ap_b4907199_a0_r1/ckpt/step_020000.pt,2026-07-15T13:21:52.459961+00:00,2026-07-15T13:28:04.711137+00:00,372.263,7200,0,phases/p2-gsjso/runs/20260715_e5_c001_s3ap_phase2_prepare/runner/logs/gs_e5_C001_s3ap_b4907199_a0_r1.log,3f99dd5983872d9ef882ecdb9382837887aec2ae6b8a0165889a9c72999ddf75,355ca14ef2d97ce163f26675c22045e62190480d5ccd8dc63a723070c722e21d,146a5134cb8958a98296ce5252852326f58a796bb1f6d58707d4655b0bec39ce,ae64c2768282ba3b8778f69fecf90eb14fd562ef01cba8c5a284af5c457d3fac,8c4baf17c363e4dd5f4841c77408e780be5826f2cd6e96630a2968fed58812ce,30000,27544,
2,gs_e5_C001_s3ap_b4907199_a0_r2,1,complete,1,phases/p2-gsjso/runs/20260715_e5_c001_s3ap_phase2_prepare/configs/gs_e5_C001_s3ap_b4907199_a0_r2.yaml,c3530ddb2454a38d4eddbfc7038905dc394c093d06974a668c78cb99d0cfa928,results/tum_transfer/e5_s3ap_phase2/runs/gs_e5_C001_s3ap_b4907199_a0_r2,results/tum_transfer/e5_s3ap_phase2/runs/gs_e5_C001_s3ap_b4907199_a0_r2/ckpt/final.pt,results/tum_transfer/e5_s3ap_phase2/runs/gs_e5_C001_s3ap_b4907199_a0_r2/ckpt/step_010000.pt;results/tum_transfer/e5_s3ap_phase2/runs/gs_e5_C001_s3ap_b4907199_a0_r2/ckpt/step_020000.pt,2026-07-15T13:21:52.431461+00:00,2026-07-15T13:27:57.672824+00:00,365.232,7200,0,phases/p2-gsjso/runs/20260715_e5_c001_s3ap_phase2_prepare/runner/logs/gs_e5_C001_s3ap_b4907199_a0_r2.log,3f99dd5983872d9ef882ecdb9382837887aec2ae6b8a0165889a9c72999ddf75,355ca14ef2d97ce163f26675c22045e62190480d5ccd8dc63a723070c722e21d,146a5134cb8958a98296ce5252852326f58a796bb1f6d58707d4655b0bec39ce,7761a316b4df2c4550786e4bd1599ea414d5b93c68f793204e591e7c75997f0e,5b0c6f9b51a7a085db806ee6665bfb2fad5706629b997d6257dc42d494fbe07e,30000,27184,
3,gs_e5_C001_s3ap_b4907199_a1_r1,1,complete,1,phases/p2-gsjso/runs/20260715_e5_c001_s3ap_phase2_prepare/configs/gs_e5_C001_s3ap_b4907199_a1_r1.yaml,d3aebe98c82e763726cda048458d94fdc58985e825b7778018013444eb216b7c,results/tum_transfer/e5_s3ap_phase2/runs/gs_e5_C001_s3ap_b4907199_a1_r1,results/tum_transfer/e5_s3ap_phase2/runs/gs_e5_C001_s3ap_b4907199_a1_r1/ckpt/final.pt,results/tum_transfer/e5_s3ap_phase2/runs/gs_e5_C001_s3ap_b4907199_a1_r1/ckpt/step_010000.pt;results/tum_transfer/e5_s3ap_phase2/runs/gs_e5_C001_s3ap_b4907199_a1_r1/ckpt/step_020000.pt,2026-07-15T13:27:57.709546+00:00,2026-07-15T13:45:21.562376+00:00,1043.839,7200,0,phases/p2-gsjso/runs/20260715_e5_c001_s3ap_phase2_prepare/runner/logs/gs_e5_C001_s3ap_b4907199_a1_r1.log,3f99dd5983872d9ef882ecdb9382837887aec2ae6b8a0165889a9c72999ddf75,355ca14ef2d97ce163f26675c22045e62190480d5ccd8dc63a723070c722e21d,709ca995719da80d2d586a99264d39a1164ca0f46e3960df01acc111a21fc90e,5d4e3f0395909c8ce2b276d29f187ccd67516f007303506e053028d15a07bda9,34d97b2f0497984884bfd283d246d4647c116cefda77f6fa3e8aba3db4fd2092,30000,32286,
4,gs_e5_C001_s3ap_b4907199_a1_r2,0,complete,1,phases/p2-gsjso/runs/20260715_e5_c001_s3ap_phase2_prepare/configs/gs_e5_C001_s3ap_b4907199_a1_r2.yaml,fef217863f1c3daee6de6100a8e8cf5039134755f9246053c6f6cd7dcf7f6c11,results/tum_transfer/e5_s3ap_phase2/runs/gs_e5_C001_s3ap_b4907199_a1_r2,results/tum_transfer/e5_s3ap_phase2/runs/gs_e5_C001_s3ap_b4907199_a1_r2/ckpt/final.pt,results/tum_transfer/e5_s3ap_phase2/runs/gs_e5_C001_s3ap_b4907199_a1_r2/ckpt/step_010000.pt;results/tum_transfer/e5_s3ap_phase2/runs/gs_e5_C001_s3ap_b4907199_a1_r2/ckpt/step_020000.pt,2026-07-15T13:28:04.747630+00:00,2026-07-15T13:45:14.877593+00:00,1030.117,7200,0,phases/p2-gsjso/runs/20260715_e5_c001_s3ap_phase2_prepare/runner/logs/gs_e5_C001_s3ap_b4907199_a1_r2.log,3f99dd5983872d9ef882ecdb9382837887aec2ae6b8a0165889a9c72999ddf75,355ca14ef2d97ce163f26675c22045e62190480d5ccd8dc63a723070c722e21d,709ca995719da80d2d586a99264d39a1164ca0f46e3960df01acc111a21fc90e,e0ff2d296a2cfa249cd1673690a3a5ff8a4b362a94be8ac983d27185942bd9a5,85e0df95ca79a9e063dc23f8312551fda248d4acf743d764f36cd6a85aa4529c,30000,31815,
5,gs_e5_C001_s3ap_b4907199_a2_r1,0,complete,1,phases/p2-gsjso/runs/20260715_e5_c001_s3ap_phase2_prepare/configs/gs_e5_C001_s3ap_b4907199_a2_r1.yaml,dbf6dbcccd8f9e686c6b6371c0502d7dbb6205c82ef72d44d80d82004738db1d,results/tum_transfer/e5_s3ap_phase2/runs/gs_e5_C001_s3ap_b4907199_a2_r1,results/tum_transfer/e5_s3ap_phase2/runs/gs_e5_C001_s3ap_b4907199_a2_r1/ckpt/final.pt,results/tum_transfer/e5_s3ap_phase2/runs/gs_e5_C001_s3ap_b4907199_a2_r1/ckpt/step_010000.pt;results/tum_transfer/e5_s3ap_phase2/runs/gs_e5_C001_s3ap_b4907199_a2_r1/ckpt/step_020000.pt,2026-07-15T13:45:14.923740+00:00,2026-07-15T14:02:31.632804+00:00,1036.698,7200,0,phases/p2-gsjso/runs/20260715_e5_c001_s3ap_phase2_prepare/runner/logs/gs_e5_C001_s3ap_b4907199_a2_r1.log,3f99dd5983872d9ef882ecdb9382837887aec2ae6b8a0165889a9c72999ddf75,355ca14ef2d97ce163f26675c22045e62190480d5ccd8dc63a723070c722e21d,709ca995719da80d2d586a99264d39a1164ca0f46e3960df01acc111a21fc90e,f280863359c7ef9801f4a9c91540ca07f83c1c2761e67c5c6678dc4b268865b1,bd4ba210a01a1264acc6b0110384de456d2953da8b607ca2f3fd8fb1b7c7c3ed,30000,30109,
6,gs_e5_C001_s3ap_b4907199_a2_r2,1,complete,1,phases/p2-gsjso/runs/20260715_e5_c001_s3ap_phase2_prepare/configs/gs_e5_C001_s3ap_b4907199_a2_r2.yaml,ffb65e94d725114e4beab4de70907223d9f841aa4071a0a456e2e87e44f7f148,results/tum_transfer/e5_s3ap_phase2/runs/gs_e5_C001_s3ap_b4907199_a2_r2,results/tum_transfer/e5_s3ap_phase2/runs/gs_e5_C001_s3ap_b4907199_a2_r2/ckpt/final.pt,results/tum_transfer/e5_s3ap_phase2/runs/gs_e5_C001_s3ap_b4907199_a2_r2/ckpt/step_010000.pt;results/tum_transfer/e5_s3ap_phase2/runs/gs_e5_C001_s3ap_b4907199_a2_r2/ckpt/step_020000.pt,2026-07-15T13:45:21.605799+00:00,2026-07-15T14:02:45.805681+00:00,1044.188,7200,0,phases/p2-gsjso/runs/20260715_e5_c001_s3ap_phase2_prepare/runner/logs/gs_e5_C001_s3ap_b4907199_a2_r2.log,3f99dd5983872d9ef882ecdb9382837887aec2ae6b8a0165889a9c72999ddf75,355ca14ef2d97ce163f26675c22045e62190480d5ccd8dc63a723070c722e21d,709ca995719da80d2d586a99264d39a1164ca0f46e3960df01acc111a21fc90e,82da035631de91c18c9fbeee121866fb3d1b98b1d33330f5ee341f5202988235,129b666f8b6bd1c288903c2f5d842e0d9ab4a594b7a272050c9c5b8bf116b053,30000,28864,
7,gs_e5_C001_s3ap_b8568391_a0_r1,0,complete,1,phases/p2-gsjso/runs/20260715_e5_c001_s3ap_phase2_prepare/configs/gs_e5_C001_s3ap_b8568391_a0_r1.yaml,7b0334151538d3bb268e226af7f7d6b1133f955eb5d874df6af24b45bea17af9,results/tum_transfer/e5_s3ap_phase2/runs/gs_e5_C001_s3ap_b8568391_a0_r1,results/tum_transfer/e5_s3ap_phase2/runs/gs_e5_C001_s3ap_b8568391_a0_r1/ckpt/final.pt,results/tum_transfer/e5_s3ap_phase2/runs/gs_e5_C001_s3ap_b8568391_a0_r1/ckpt/step_010000.pt;results/tum_transfer/e5_s3ap_phase2/runs/gs_e5_C001_s3ap_b8568391_a0_r1/ckpt/step_020000.pt,2026-07-15T14:02:31.673774+00:00,2026-07-15T14:08:44.547694+00:00,372.860,7200,0,phases/p2-gsjso/runs/20260715_e5_c001_s3ap_phase2_prepare/runner/logs/gs_e5_C001_s3ap_b8568391_a0_r1.log,3f99dd5983872d9ef882ecdb9382837887aec2ae6b8a0165889a9c72999ddf75,a0e1b937592fa12acbb4f701dbb5df43b4169d851b7fa1b42ac948181825c6bf,237fbb2f4a4737cef95874f73bc46b365bc55c574a65c52dfebabd92b1fbf33e,0087c2b2edf40a283c7f978e482b0dd8bbd8f66da010cbff39a8e6e814af4db1,91c0b4c6200b7574b8739d9bb4309600ce92c2fd1e1ad4975e137348e85d9e78,30000,53954,
8,gs_e5_C001_s3ap_b8568391_a0_r2,1,complete,1,phases/p2-gsjso/runs/20260715_e5_c001_s3ap_phase2_prepare/configs/gs_e5_C001_s3ap_b8568391_a0_r2.yaml,6de75b0cff917fdcb47d26df56509168d9e89ff03a02f027fffc60ea2a691bdc,results/tum_transfer/e5_s3ap_phase2/runs/gs_e5_C001_s3ap_b8568391_a0_r2,results/tum_transfer/e5_s3ap_phase2/runs/gs_e5_C001_s3ap_b8568391_a0_r2/ckpt/final.pt,results/tum_transfer/e5_s3ap_phase2/runs/gs_e5_C001_s3ap_b8568391_a0_r2/ckpt/step_010000.pt;results/tum_transfer/e5_s3ap_phase2/runs/gs_e5_C001_s3ap_b8568391_a0_r2/ckpt/step_020000.pt,2026-07-15T14:02:45.847931+00:00,2026-07-15T14:09:02.417458+00:00,376.546,7200,0,phases/p2-gsjso/runs/20260715_e5_c001_s3ap_phase2_prepare/runner/logs/gs_e5_C001_s3ap_b8568391_a0_r2.log,3f99dd5983872d9ef882ecdb9382837887aec2ae6b8a0165889a9c72999ddf75,a0e1b937592fa12acbb4f701dbb5df43b4169d851b7fa1b42ac948181825c6bf,237fbb2f4a4737cef95874f73bc46b365bc55c574a65c52dfebabd92b1fbf33e,790cb4d9f89a7a0c8e5acdeb96cdfdd98c0911122db74f44731812a53e426a85,24e5b2c99e7436e5842d59d32653c453ec3eed7f12b5547c3185d0af2e53cdd5,30000,60822,
9,gs_e5_C001_s3ap_b8568391_a1_r1,0,complete,1,phases/p2-gsjso/runs/20260715_e5_c001_s3ap_phase2_prepare/configs/gs_e5_C001_s3ap_b8568391_a1_r1.yaml,090b372c7311d7f6ff1307356cfcc4d305b1d090bc1add6bfd137cf3ee346a82,results/tum_transfer/e5_s3ap_phase2/runs/gs_e5_C001_s3ap_b8568391_a1_r1,results/tum_transfer/e5_s3ap_phase2/runs/gs_e5_C001_s3ap_b8568391_a1_r1/ckpt/final.pt,results/tum_transfer/e5_s3ap_phase2/runs/gs_e5_C001_s3ap_b8568391_a1_r1/ckpt/step_010000.pt;results/tum_transfer/e5_s3ap_phase2/runs/gs_e5_C001_s3ap_b8568391_a1_r1/ckpt/step_020000.pt,2026-07-15T14:08:44.586942+00:00,2026-07-15T14:25:44.576118+00:00,1019.970,7200,0,phases/p2-gsjso/runs/20260715_e5_c001_s3ap_phase2_prepare/runner/logs/gs_e5_C001_s3ap_b8568391_a1_r1.log,3f99dd5983872d9ef882ecdb9382837887aec2ae6b8a0165889a9c72999ddf75,a0e1b937592fa12acbb4f701dbb5df43b4169d851b7fa1b42ac948181825c6bf,ed5c5f90fb9adc2853c0b8744905e5a2f951bca8ffdf96095e0ca6a49eb7247a,c997223f7f3e16ff1250f6306b0a2bc9a74ceade337a014468306caa9968f200,0dd868faf083b972c01170c271b821c479d67d2576d11b329a070ca121c69a78,30000,41749,
10,gs_e5_C001_s3ap_b8568391_a1_r2,1,complete,1,phases/p2-gsjso/runs/20260715_e5_c001_s3ap_phase2_prepare/configs/gs_e5_C001_s3ap_b8568391_a1_r2.yaml,674991e3e8e1c2db3f6adce773b5cbb7405947046ff5d5ed12f4b21d1f33d2ad,results/tum_transfer/e5_s3ap_phase2/runs/gs_e5_C001_s3ap_b8568391_a1_r2,results/tum_transfer/e5_s3ap_phase2/runs/gs_e5_C001_s3ap_b8568391_a1_r2/ckpt/final.pt,results/tum_transfer/e5_s3ap_phase2/runs/gs_e5_C001_s3ap_b8568391_a1_r2/ckpt/step_010000.pt;results/tum_transfer/e5_s3ap_phase2/runs/gs_e5_C001_s3ap_b8568391_a1_r2/ckpt/step_020000.pt,2026-07-15T14:09:02.466463+00:00,2026-07-15T14:26:00.681311+00:00,1018.199,7200,0,phases/p2-gsjso/runs/20260715_e5_c001_s3ap_phase2_prepare/runner/logs/gs_e5_C001_s3ap_b8568391_a1_r2.log,3f99dd5983872d9ef882ecdb9382837887aec2ae6b8a0165889a9c72999ddf75,a0e1b937592fa12acbb4f701dbb5df43b4169d851b7fa1b42ac948181825c6bf,ed5c5f90fb9adc2853c0b8744905e5a2f951bca8ffdf96095e0ca6a49eb7247a,ab015aa0c1e6d11a237c22a275899f25109e583ed8e77f8f91918b823198e607,829a36aaa4875579db4ccf9d997f1e6c26c1b5187829213af03e88179d1492db,30000,42555,
11,gs_e5_C001_s3ap_b8568391_a2_r1,0,complete,1,phases/p2-gsjso/runs/20260715_e5_c001_s3ap_phase2_prepare/configs/gs_e5_C001_s3ap_b8568391_a2_r1.yaml,cc185b9e4c25c88fb804cc2874337a17ed44b005a490f9a54cedf913c125ce8e,results/tum_transfer/e5_s3ap_phase2/runs/gs_e5_C001_s3ap_b8568391_a2_r1,results/tum_transfer/e5_s3ap_phase2/runs/gs_e5_C001_s3ap_b8568391_a2_r1/ckpt/final.pt,results/tum_transfer/e5_s3ap_phase2/runs/gs_e5_C001_s3ap_b8568391_a2_r1/ckpt/step_010000.pt;results/tum_transfer/e5_s3ap_phase2/runs/gs_e5_C001_s3ap_b8568391_a2_r1/ckpt/step_020000.pt,2026-07-15T14:25:44.626407+00:00,2026-07-15T14:42:55.737820+00:00,1031.100,7200,0,phases/p2-gsjso/runs/20260715_e5_c001_s3ap_phase2_prepare/runner/logs/gs_e5_C001_s3ap_b8568391_a2_r1.log,3f99dd5983872d9ef882ecdb9382837887aec2ae6b8a0165889a9c72999ddf75,a0e1b937592fa12acbb4f701dbb5df43b4169d851b7fa1b42ac948181825c6bf,ed5c5f90fb9adc2853c0b8744905e5a2f951bca8ffdf96095e0ca6a49eb7247a,0f5e97243bf5248771e308106a7d4b08280c964133dcf31ea365bc3644e624e8,9fe73f426583474ca4c5f3abd61b1f024b75e110befc3e6a8df90320e1dc890e,30000,29357,
12,gs_e5_C001_s3ap_b8568391_a2_r2,1,complete,1,phases/p2-gsjso/runs/20260715_e5_c001_s3ap_phase2_prepare/configs/gs_e5_C001_s3ap_b8568391_a2_r2.yaml,f02156afea5834a54523149b2d5e573dc56108a086ee58c73442b632d13b6f47,results/tum_transfer/e5_s3ap_phase2/runs/gs_e5_C001_s3ap_b8568391_a2_r2,results/tum_transfer/e5_s3ap_phase2/runs/gs_e5_C001_s3ap_b8568391_a2_r2/ckpt/final.pt,results/tum_transfer/e5_s3ap_phase2/runs/gs_e5_C001_s3ap_b8568391_a2_r2/ckpt/step_010000.pt;results/tum_transfer/e5_s3ap_phase2/runs/gs_e5_C001_s3ap_b8568391_a2_r2/ckpt/step_020000.pt,2026-07-15T14:26:00.734812+00:00,2026-07-15T14:42:45.211601+00:00,1004.466,7200,0,phases/p2-gsjso/runs/20260715_e5_c001_s3ap_phase2_prepare/runner/logs/gs_e5_C001_s3ap_b8568391_a2_r2.log,3f99dd5983872d9ef882ecdb9382837887aec2ae6b8a0165889a9c72999ddf75,a0e1b937592fa12acbb4f701dbb5df43b4169d851b7fa1b42ac948181825c6bf,ed5c5f90fb9adc2853c0b8744905e5a2f951bca8ffdf96095e0ca6a49eb7247a,7c57e57294eba6e998c5551b6d6dcc130cfcb75c70128f6a3ab06d7d5df0e7e4,f6339408144cd9cd038d74c7c6350eff76cdf36870d73ed63a401bcb09c65051,30000,26934,
13,gs_e5_C001_s3ap_b8568392_a0_r1,1,complete,1,phases/p2-gsjso/runs/20260715_e5_c001_s3ap_phase2_prepare/configs/gs_e5_C001_s3ap_b8568392_a0_r1.yaml,c0188c075a366ba0ff244b216c9dff3074daa83aafa4904761dc00d51ef7bd76,results/tum_transfer/e5_s3ap_phase2/runs/gs_e5_C001_s3ap_b8568392_a0_r1,results/tum_transfer/e5_s3ap_phase2/runs/gs_e5_C001_s3ap_b8568392_a0_r1/ckpt/final.pt,results/tum_transfer/e5_s3ap_phase2/runs/gs_e5_C001_s3ap_b8568392_a0_r1/ckpt/step_010000.pt;results/tum_transfer/e5_s3ap_phase2/runs/gs_e5_C001_s3ap_b8568392_a0_r1/ckpt/step_020000.pt,2026-07-15T14:42:45.261765+00:00,2026-07-15T14:48:42.360262+00:00,357.084,7200,0,phases/p2-gsjso/runs/20260715_e5_c001_s3ap_phase2_prepare/runner/logs/gs_e5_C001_s3ap_b8568392_a0_r1.log,3f99dd5983872d9ef882ecdb9382837887aec2ae6b8a0165889a9c72999ddf75,ca4f5a54fc0442e71c547308626bffdcbbdea599032bae7fca199f33d6b8ae72,2c4a6a4b48b14658ac84c3d3f827099e7043e81f7bc443c27d9c436f95178c5e,a12efa9a45ce1b635a27e27c99b27b32125b78f63b16e050652eccdf6f6235d9,383a22a869fb26dbd474803e80a5e9ed024743e4e60fb4fa10b21d22b098d5e1,30000,38602,
14,gs_e5_C001_s3ap_b8568392_a0_r2,0,complete,1,phases/p2-gsjso/runs/20260715_e5_c001_s3ap_phase2_prepare/configs/gs_e5_C001_s3ap_b8568392_a0_r2.yaml,e661b5f4ecd7026f66367003292b2e41b8d6f9a0c705581affe5cd74dfd5c0ac,results/tum_transfer/e5_s3ap_phase2/runs/gs_e5_C001_s3ap_b8568392_a0_r2,results/tum_transfer/e5_s3ap_phase2/runs/gs_e5_C001_s3ap_b8568392_a0_r2/ckpt/final.pt,results/tum_transfer/e5_s3ap_phase2/runs/gs_e5_C001_s3ap_b8568392_a0_r2/ckpt/step_010000.pt;results/tum_transfer/e5_s3ap_phase2/runs/gs_e5_C001_s3ap_b8568392_a0_r2/ckpt/step_020000.pt,2026-07-15T14:42:55.779913+00:00,2026-07-15T14:48:58.879417+00:00,363.084,7200,0,phases/p2-gsjso/runs/20260715_e5_c001_s3ap_phase2_prepare/runner/logs/gs_e5_C001_s3ap_b8568392_a0_r2.log,3f99dd5983872d9ef882ecdb9382837887aec2ae6b8a0165889a9c72999ddf75,ca4f5a54fc0442e71c547308626bffdcbbdea599032bae7fca199f33d6b8ae72,2c4a6a4b48b14658ac84c3d3f827099e7043e81f7bc443c27d9c436f95178c5e,0f1c57277466e963a14238f2bbe66a031d706f5fafdd9396f2b34b67424f2fe0,b572fc4af921de2be3e73359d3d92cb9992227fac2844e70994af56e6f890b0e,30000,37938,
15,gs_e5_C001_s3ap_b8568392_a1_r1,1,complete,1,phases/p2-gsjso/runs/20260715_e5_c001_s3ap_phase2_prepare/configs/gs_e5_C001_s3ap_b8568392_a1_r1.yaml,4ad61a928ecd9ebd1b4b44db051ea312f7195517494fa28559e94e829abbee65,results/tum_transfer/e5_s3ap_phase2/runs/gs_e5_C001_s3ap_b8568392_a1_r1,results/tum_transfer/e5_s3ap_phase2/runs/gs_e5_C001_s3ap_b8568392_a1_r1/ckpt/final.pt,results/tum_transfer/e5_s3ap_phase2/runs/gs_e5_C001_s3ap_b8568392_a1_r1/ckpt/step_010000.pt;results/tum_transfer/e5_s3ap_phase2/runs/gs_e5_C001_s3ap_b8568392_a1_r1/ckpt/step_020000.pt,2026-07-15T14:48:42.408857+00:00,2026-07-15T15:03:32.805097+00:00,890.384,7200,0,phases/p2-gsjso/runs/20260715_e5_c001_s3ap_phase2_prepare/runner/logs/gs_e5_C001_s3ap_b8568392_a1_r1.log,3f99dd5983872d9ef882ecdb9382837887aec2ae6b8a0165889a9c72999ddf75,ca4f5a54fc0442e71c547308626bffdcbbdea599032bae7fca199f33d6b8ae72,c175f6a364e912d2b858d9bd63b319cabe2dc22e953a74a637d7ca91451e39e8,0b0e64952c39585b1494e73625288ced2d2ecc8e1b2274346ed53663480c6cc6,f500c3ddb6890615c18a8e8ace5a47a08e6e3cead19ee6a8dbb3f88cee04105a,30000,31073,
16,gs_e5_C001_s3ap_b8568392_a1_r2,0,complete,1,phases/p2-gsjso/runs/20260715_e5_c001_s3ap_phase2_prepare/configs/gs_e5_C001_s3ap_b8568392_a1_r2.yaml,c86b46d604498c3fef7bb5be3f1eaea842c586150d613ba2792fc58c57d51c75,results/tum_transfer/e5_s3ap_phase2/runs/gs_e5_C001_s3ap_b8568392_a1_r2,results/tum_transfer/e5_s3ap_phase2/runs/gs_e5_C001_s3ap_b8568392_a1_r2/ckpt/final.pt,results/tum_transfer/e5_s3ap_phase2/runs/gs_e5_C001_s3ap_b8568392_a1_r2/ckpt/step_010000.pt;results/tum_transfer/e5_s3ap_phase2/runs/gs_e5_C001_s3ap_b8568392_a1_r2/ckpt/step_020000.pt,2026-07-15T14:48:58.922980+00:00,2026-07-15T15:04:03.660575+00:00,904.727,7200,0,phases/p2-gsjso/runs/20260715_e5_c001_s3ap_phase2_prepare/runner/logs/gs_e5_C001_s3ap_b8568392_a1_r2.log,3f99dd5983872d9ef882ecdb9382837887aec2ae6b8a0165889a9c72999ddf75,ca4f5a54fc0442e71c547308626bffdcbbdea599032bae7fca199f33d6b8ae72,c175f6a364e912d2b858d9bd63b319cabe2dc22e953a74a637d7ca91451e39e8,8974793c530941183b481191283e1a3b9b9a1a80e709dcdd1b621ae891c1ad96,e5053c24be6aae48fb82ed0122e5bd4d113e11421cba3e715eeaf05ac3dc4669,30000,27923,
17,gs_e5_C001_s3ap_b8568392_a2_r1,1,complete,1,phases/p2-gsjso/runs/20260715_e5_c001_s3ap_phase2_prepare/configs/gs_e5_C001_s3ap_b8568392_a2_r1.yaml,9a6c0756f06bc5e21e4b3ff3f651afd4132773b5dcd3c55a30ef87af1579e807,results/tum_transfer/e5_s3ap_phase2/runs/gs_e5_C001_s3ap_b8568392_a2_r1,results/tum_transfer/e5_s3ap_phase2/runs/gs_e5_C001_s3ap_b8568392_a2_r1/ckpt/final.pt,results/tum_transfer/e5_s3ap_phase2/runs/gs_e5_C001_s3ap_b8568392_a2_r1/ckpt/step_010000.pt;results/tum_transfer/e5_s3ap_phase2/runs/gs_e5_C001_s3ap_b8568392_a2_r1/ckpt/step_020000.pt,2026-07-15T15:03:32.847308+00:00,2026-07-15T15:18:50.210796+00:00,917.358,7200,0,phases/p2-gsjso/runs/20260715_e5_c001_s3ap_phase2_prepare/runner/logs/gs_e5_C001_s3ap_b8568392_a2_r1.log,3f99dd5983872d9ef882ecdb9382837887aec2ae6b8a0165889a9c72999ddf75,ca4f5a54fc0442e71c547308626bffdcbbdea599032bae7fca199f33d6b8ae72,c175f6a364e912d2b858d9bd63b319cabe2dc22e953a74a637d7ca91451e39e8,6ab161bfe91158b8e11e4be67bca1cbb96745a8bd00ee2cc4ff16d9b70680029,9c2ad7268617ab1560c2ef5547851acdefa21d707457bdf3bea253decf2a9d8c,30000,23128,
18,gs_e5_C001_s3ap_b8568392_a2_r2,0,complete,1,phases/p2-gsjso/runs/20260715_e5_c001_s3ap_phase2_prepare/configs/gs_e5_C001_s3ap_b8568392_a2_r2.yaml,d6cfc62682cd411dfdca96c1a8e70f41e9555f31f32b1914b894a3a7303a2a27,results/tum_transfer/e5_s3ap_phase2/runs/gs_e5_C001_s3ap_b8568392_a2_r2,results/tum_transfer/e5_s3ap_phase2/runs/gs_e5_C001_s3ap_b8568392_a2_r2/ckpt/final.pt,results/tum_transfer/e5_s3ap_phase2/runs/gs_e5_C001_s3ap_b8568392_a2_r2/ckpt/step_010000.pt;results/tum_transfer/e5_s3ap_phase2/runs/gs_e5_C001_s3ap_b8568392_a2_r2/ckpt/step_020000.pt,2026-07-15T15:04:03.704836+00:00,2026-07-15T15:19:16.722183+00:00,913.012,7200,0,phases/p2-gsjso/runs/20260715_e5_c001_s3ap_phase2_prepare/runner/logs/gs_e5_C001_s3ap_b8568392_a2_r2.log,3f99dd5983872d9ef882ecdb9382837887aec2ae6b8a0165889a9c72999ddf75,ca4f5a54fc0442e71c547308626bffdcbbdea599032bae7fca199f33d6b8ae72,c175f6a364e912d2b858d9bd63b319cabe2dc22e953a74a637d7ca91451e39e8,ec05678eefec739ac5f8185d7703957f75c9f6ac6680b255c8340a04a80416cc,0c1ea3aa1cfad1cb851a573582811da715374340f2c15134acb4cfa497f20f0e,30000,21960,
19,gs_e5_C001_s3ap_b4907199_a1_dz_p0p5_r1,1,complete,1,phases/p2-gsjso/runs/20260715_e5_c001_s3ap_phase2_prepare/configs/gs_e5_C001_s3ap_b4907199_a1_dz_p0p5_r1.yaml,a9d9ae668861f24f81ffc2a28ac265a41a3bf856d8d0d272476d398a8ae5aa98,results/tum_transfer/e5_s3ap_phase2/runs/gs_e5_C001_s3ap_b4907199_a1_dz_p0p5_r1,results/tum_transfer/e5_s3ap_phase2/runs/gs_e5_C001_s3ap_b4907199_a1_dz_p0p5_r1/ckpt/final.pt,results/tum_transfer/e5_s3ap_phase2/runs/gs_e5_C001_s3ap_b4907199_a1_dz_p0p5_r1/ckpt/step_010000.pt;results/tum_transfer/e5_s3ap_phase2/runs/gs_e5_C001_s3ap_b4907199_a1_dz_p0p5_r1/ckpt/step_020000.pt,2026-07-15T15:18:50.271178+00:00,2026-07-15T15:36:13.332701+00:00,1043.048,7200,0,phases/p2-gsjso/runs/20260715_e5_c001_s3ap_phase2_prepare/runner/logs/gs_e5_C001_s3ap_b4907199_a1_dz_p0p5_r1.log,3f99dd5983872d9ef882ecdb9382837887aec2ae6b8a0165889a9c72999ddf75,355ca14ef2d97ce163f26675c22045e62190480d5ccd8dc63a723070c722e21d,709ca995719da80d2d586a99264d39a1164ca0f46e3960df01acc111a21fc90e,1656f7d93482e017a8788cee31e381bd59e4f559a4efba47788c11435dc10b2c,2009b331189497a2798db606c3d08f9487fd15e2dc349aa111715e8584ca75ac,30000,33397,
20,gs_e5_C001_s3ap_b4907199_a1_dz_m0p5_r1,0,complete,1,phases/p2-gsjso/runs/20260715_e5_c001_s3ap_phase2_prepare/configs/gs_e5_C001_s3ap_b4907199_a1_dz_m0p5_r1.yaml,f43e10d764e7424a6c6c8af3e78ce3734dafc70687aa7ed540173bad9e28ab9a,results/tum_transfer/e5_s3ap_phase2/runs/gs_e5_C001_s3ap_b4907199_a1_dz_m0p5_r1,results/tum_transfer/e5_s3ap_phase2/runs/gs_e5_C001_s3ap_b4907199_a1_dz_m0p5_r1/ckpt/final.pt,results/tum_transfer/e5_s3ap_phase2/runs/gs_e5_C001_s3ap_b4907199_a1_dz_m0p5_r1/ckpt/step_010000.pt;results/tum_transfer/e5_s3ap_phase2/runs/gs_e5_C001_s3ap_b4907199_a1_dz_m0p5_r1/ckpt/step_020000.pt,2026-07-15T15:19:16.775898+00:00,2026-07-15T15:36:31.851927+00:00,1035.064,7200,0,phases/p2-gsjso/runs/20260715_e5_c001_s3ap_phase2_prepare/runner/logs/gs_e5_C001_s3ap_b4907199_a1_dz_m0p5_r1.log,3f99dd5983872d9ef882ecdb9382837887aec2ae6b8a0165889a9c72999ddf75,355ca14ef2d97ce163f26675c22045e62190480d5ccd8dc63a723070c722e21d,709ca995719da80d2d586a99264d39a1164ca0f46e3960df01acc111a21fc90e,73aeb8829df28789f0d11c44cc625aa3281841efc72b8caf72d3df934b6398db,46b02b06053076deba4f664f5066d4e31caf3a4839680e179fb7c4e338ae3475,30000,28863,
21,gs_e5_C001_s3ap_b4907199_a1_dz_p1_r1,1,complete,1,phases/p2-gsjso/runs/20260715_e5_c001_s3ap_phase2_prepare/configs/gs_e5_C001_s3ap_b4907199_a1_dz_p1_r1.yaml,6b04d40e1f78d21e73daf607874ea3c978783906e9a9166f761d50bbc8d7a9ae,results/tum_transfer/e5_s3ap_phase2/runs/gs_e5_C001_s3ap_b4907199_a1_dz_p1_r1,results/tum_transfer/e5_s3ap_phase2/runs/gs_e5_C001_s3ap_b4907199_a1_dz_p1_r1/ckpt/final.pt,results/tum_transfer/e5_s3ap_phase2/runs/gs_e5_C001_s3ap_b4907199_a1_dz_p1_r1/ckpt/step_010000.pt;results/tum_transfer/e5_s3ap_phase2/runs/gs_e5_C001_s3ap_b4907199_a1_dz_p1_r1/ckpt/step_020000.pt,2026-07-15T15:36:13.382058+00:00,2026-07-15T15:53:46.595048+00:00,1053.201,7200,0,phases/p2-gsjso/runs/20260715_e5_c001_s3ap_phase2_prepare/runner/logs/gs_e5_C001_s3ap_b4907199_a1_dz_p1_r1.log,3f99dd5983872d9ef882ecdb9382837887aec2ae6b8a0165889a9c72999ddf75,355ca14ef2d97ce163f26675c22045e62190480d5ccd8dc63a723070c722e21d,709ca995719da80d2d586a99264d39a1164ca0f46e3960df01acc111a21fc90e,1d80311e221b83555d6a71ded048d1c2eeed1917d5bcfcbe1fb929bb19ae0f4c,6e8301d74d9becb8fa73dc0bbc9b5327ba6dce791d479d694da82b127f81178b,30000,31016,
22,gs_e5_C001_s3ap_b4907199_a1_dz_m1_r1,0,complete,1,phases/p2-gsjso/runs/20260715_e5_c001_s3ap_phase2_prepare/configs/gs_e5_C001_s3ap_b4907199_a1_dz_m1_r1.yaml,7bfd3a3ba153c55f838560d1e9bdf0c4b26fae581ee8c845fbbf164004297292,results/tum_transfer/e5_s3ap_phase2/runs/gs_e5_C001_s3ap_b4907199_a1_dz_m1_r1,results/tum_transfer/e5_s3ap_phase2/runs/gs_e5_C001_s3ap_b4907199_a1_dz_m1_r1/ckpt/final.pt,results/tum_transfer/e5_s3ap_phase2/runs/gs_e5_C001_s3ap_b4907199_a1_dz_m1_r1/ckpt/step_010000.pt;results/tum_transfer/e5_s3ap_phase2/runs/gs_e5_C001_s3ap_b4907199_a1_dz_m1_r1/ckpt/step_020000.pt,2026-07-15T15:36:31.905019+00:00,2026-07-15T15:54:01.005483+00:00,1049.087,7200,0,phases/p2-gsjso/runs/20260715_e5_c001_s3ap_phase2_prepare/runner/logs/gs_e5_C001_s3ap_b4907199_a1_dz_m1_r1.log,3f99dd5983872d9ef882ecdb9382837887aec2ae6b8a0165889a9c72999ddf75,355ca14ef2d97ce163f26675c22045e62190480d5ccd8dc63a723070c722e21d,709ca995719da80d2d586a99264d39a1164ca0f46e3960df01acc111a21fc90e,b7790569f1e0d9f00b31bab1a2b3cf2345bd91230a71881ea9c6c1952d3cc85d,125181ffa1fbe68be619bc224b73237568b3122702c337018eb69c7f7e296200,30000,35322,
23,gs_e5_C001_s3ap_b4907199_a1_dz_p2_r1,1,complete,1,phases/p2-gsjso/runs/20260715_e5_c001_s3ap_phase2_prepare/configs/gs_e5_C001_s3ap_b4907199_a1_dz_p2_r1.yaml,f69faca9cb5e26a6b964b7efbb490cd92523bf8603832ac9dc87e82b6c80b746,results/tum_transfer/e5_s3ap_phase2/runs/gs_e5_C001_s3ap_b4907199_a1_dz_p2_r1,results/tum_transfer/e5_s3ap_phase2/runs/gs_e5_C001_s3ap_b4907199_a1_dz_p2_r1/ckpt/final.pt,results/tum_transfer/e5_s3ap_phase2/runs/gs_e5_C001_s3ap_b4907199_a1_dz_p2_r1/ckpt/step_010000.pt;results/tum_transfer/e5_s3ap_phase2/runs/gs_e5_C001_s3ap_b4907199_a1_dz_p2_r1/ckpt/step_020000.pt,2026-07-15T15:53:46.645997+00:00,2026-07-15T16:11:14.770917+00:00,1048.112,7200,0,phases/p2-gsjso/runs/20260715_e5_c001_s3ap_phase2_prepare/runner/logs/gs_e5_C001_s3ap_b4907199_a1_dz_p2_r1.log,3f99dd5983872d9ef882ecdb9382837887aec2ae6b8a0165889a9c72999ddf75,355ca14ef2d97ce163f26675c22045e62190480d5ccd8dc63a723070c722e21d,709ca995719da80d2d586a99264d39a1164ca0f46e3960df01acc111a21fc90e,7c74fb9cd811fdb2fac49d21c92dcda8e4c344619cb2aa1bda76c573f415fd26,8b1e37e6ea1f29aa80d1bd1fc2d6ee9ed3ab8ef66b11b7d613d3ed927465ccc7,30000,31843,
24,gs_e5_C001_s3ap_b4907199_a1_dz_m2_r1,0,complete,1,phases/p2-gsjso/runs/20260715_e5_c001_s3ap_phase2_prepare/configs/gs_e5_C001_s3ap_b4907199_a1_dz_m2_r1.yaml,f32bb7aee92d716c6147c2382eef351f1ecb420e274065b09d1bc31d17d4b4f1,results/tum_transfer/e5_s3ap_phase2/runs/gs_e5_C001_s3ap_b4907199_a1_dz_m2_r1,results/tum_transfer/e5_s3ap_phase2/runs/gs_e5_C001_s3ap_b4907199_a1_dz_m2_r1/ckpt/final.pt,results/tum_transfer/e5_s3ap_phase2/runs/gs_e5_C001_s3ap_b4907199_a1_dz_m2_r1/ckpt/step_010000.pt;results/tum_transfer/e5_s3ap_phase2/runs/gs_e5_C001_s3ap_b4907199_a1_dz_m2_r1/ckpt/step_020000.pt,2026-07-15T15:54:01.060548+00:00,2026-07-15T16:11:32.659855+00:00,1051.587,7200,0,phases/p2-gsjso/runs/20260715_e5_c001_s3ap_phase2_prepare/runner/logs/gs_e5_C001_s3ap_b4907199_a1_dz_m2_r1.log,3f99dd5983872d9ef882ecdb9382837887aec2ae6b8a0165889a9c72999ddf75,355ca14ef2d97ce163f26675c22045e62190480d5ccd8dc63a723070c722e21d,709ca995719da80d2d586a99264d39a1164ca0f46e3960df01acc111a21fc90e,daa319eab60c5952797afcd849dc6ff92d61d9ef8ed92ffc5bd444ef8213dd29,6e6cd66bc561570390c6074c68901f4d836915eb7089424e198ab0c99bcc8943,30000,34004,
25,gs_e5_C001_s3ap_b4907199_a1_dz_p4_r1,1,complete,1,phases/p2-gsjso/runs/20260715_e5_c001_s3ap_phase2_prepare/configs/gs_e5_C001_s3ap_b4907199_a1_dz_p4_r1.yaml,b6ba1cc6a2e2f3119d3fd7eac63517fd7fba088854ca2b4264500fc74b5acdc2,results/tum_transfer/e5_s3ap_phase2/runs/gs_e5_C001_s3ap_b4907199_a1_dz_p4_r1,results/tum_transfer/e5_s3ap_phase2/runs/gs_e5_C001_s3ap_b4907199_a1_dz_p4_r1/ckpt/final.pt,results/tum_transfer/e5_s3ap_phase2/runs/gs_e5_C001_s3ap_b4907199_a1_dz_p4_r1/ckpt/step_010000.pt;results/tum_transfer/e5_s3ap_phase2/runs/gs_e5_C001_s3ap_b4907199_a1_dz_p4_r1/ckpt/step_020000.pt,2026-07-15T16:11:14.814893+00:00,2026-07-15T16:28:33.027516+00:00,1038.199,7200,0,phases/p2-gsjso/runs/20260715_e5_c001_s3ap_phase2_prepare/runner/logs/gs_e5_C001_s3ap_b4907199_a1_dz_p4_r1.log,3f99dd5983872d9ef882ecdb9382837887aec2ae6b8a0165889a9c72999ddf75,355ca14ef2d97ce163f26675c22045e62190480d5ccd8dc63a723070c722e21d,709ca995719da80d2d586a99264d39a1164ca0f46e3960df01acc111a21fc90e,cb1defa35bfd7ee47ef0abca09b9b29f8df86dd25690ec3382135d7d5b2d9224,fa1f45bb98bab6fb2b39ed055c293f251d925898d88296646c1fd4edb2de4d40,30000,30511,
26,gs_e5_C001_s3ap_b4907199_a1_dz_m4_r1,0,complete,1,phases/p2-gsjso/runs/20260715_e5_c001_s3ap_phase2_prepare/configs/gs_e5_C001_s3ap_b4907199_a1_dz_m4_r1.yaml,c7f6df4238d1f5c50b31c1fbb6006facb45d132e7aac5bca676fbc9ad1e08503,results/tum_transfer/e5_s3ap_phase2/runs/gs_e5_C001_s3ap_b4907199_a1_dz_m4_r1,results/tum_transfer/e5_s3ap_phase2/runs/gs_e5_C001_s3ap_b4907199_a1_dz_m4_r1/ckpt/final.pt,results/tum_transfer/e5_s3ap_phase2/runs/gs_e5_C001_s3ap_b4907199_a1_dz_m4_r1/ckpt/step_010000.pt;results/tum_transfer/e5_s3ap_phase2/runs/gs_e5_C001_s3ap_b4907199_a1_dz_m4_r1/ckpt/step_020000.pt,2026-07-15T16:11:32.708749+00:00,2026-07-15T16:28:46.772111+00:00,1034.052,7200,0,phases/p2-gsjso/runs/20260715_e5_c001_s3ap_phase2_prepare/runner/logs/gs_e5_C001_s3ap_b4907199_a1_dz_m4_r1.log,3f99dd5983872d9ef882ecdb9382837887aec2ae6b8a0165889a9c72999ddf75,355ca14ef2d97ce163f26675c22045e62190480d5ccd8dc63a723070c722e21d,709ca995719da80d2d586a99264d39a1164ca0f46e3960df01acc111a21fc90e,b13da9fd029c14b76e03db4e1647317b1cb229efc06058ca67d55aada3035836,d6e2a618814519468f440650d6efa48d59609b08df02a8f81daf07c4ceca55ef,30000,28295,
27,gs_e5_C001_s3ap_b8568391_a1_dz_p0p5_r1,1,complete,1,phases/p2-gsjso/runs/20260715_e5_c001_s3ap_phase2_prepare/configs/gs_e5_C001_s3ap_b8568391_a1_dz_p0p5_r1.yaml,b3569dc56d7d92850fa84b6b0787cdca9ef92d6581bd1e261ee37aff2cd2ed48,results/tum_transfer/e5_s3ap_phase2/runs/gs_e5_C001_s3ap_b8568391_a1_dz_p0p5_r1,results/tum_transfer/e5_s3ap_phase2/runs/gs_e5_C001_s3ap_b8568391_a1_dz_p0p5_r1/ckpt/final.pt,results/tum_transfer/e5_s3ap_phase2/runs/gs_e5_C001_s3ap_b8568391_a1_dz_p0p5_r1/ckpt/step_010000.pt;results/tum_transfer/e5_s3ap_phase2/runs/gs_e5_C001_s3ap_b8568391_a1_dz_p0p5_r1/ckpt/step_020000.pt,2026-07-15T16:28:33.071588+00:00,2026-07-15T16:45:28.667373+00:00,1015.580,7200,0,phases/p2-gsjso/runs/20260715_e5_c001_s3ap_phase2_prepare/runner/logs/gs_e5_C001_s3ap_b8568391_a1_dz_p0p5_r1.log,3f99dd5983872d9ef882ecdb9382837887aec2ae6b8a0165889a9c72999ddf75,a0e1b937592fa12acbb4f701dbb5df43b4169d851b7fa1b42ac948181825c6bf,ed5c5f90fb9adc2853c0b8744905e5a2f951bca8ffdf96095e0ca6a49eb7247a,84037693f7e4a385ee7929cb8f608576643394884c1498cf6a72031317fde42a,5ea0f0d88d53bb91af783e3a25b5698f51a372bcbdbdd8e1c5eac502b8f23ac2,30000,39723,
28,gs_e5_C001_s3ap_b8568391_a1_dz_m0p5_r1,0,complete,1,phases/p2-gsjso/runs/20260715_e5_c001_s3ap_phase2_prepare/configs/gs_e5_C001_s3ap_b8568391_a1_dz_m0p5_r1.yaml,3646b3ae9e96855f016f4b0ce31c80ba66393a66bf87318e6b3ac77064552179,results/tum_transfer/e5_s3ap_phase2/runs/gs_e5_C001_s3ap_b8568391_a1_dz_m0p5_r1,results/tum_transfer/e5_s3ap_phase2/runs/gs_e5_C001_s3ap_b8568391_a1_dz_m0p5_r1/ckpt/final.pt,results/tum_transfer/e5_s3ap_phase2/runs/gs_e5_C001_s3ap_b8568391_a1_dz_m0p5_r1/ckpt/step_010000.pt;results/tum_transfer/e5_s3ap_phase2/runs/gs_e5_C001_s3ap_b8568391_a1_dz_m0p5_r1/ckpt/step_020000.pt,2026-07-15T16:28:46.813530+00:00,2026-07-15T16:45:27.922510+00:00,1001.092,7200,0,phases/p2-gsjso/runs/20260715_e5_c001_s3ap_phase2_prepare/runner/logs/gs_e5_C001_s3ap_b8568391_a1_dz_m0p5_r1.log,3f99dd5983872d9ef882ecdb9382837887aec2ae6b8a0165889a9c72999ddf75,a0e1b937592fa12acbb4f701dbb5df43b4169d851b7fa1b42ac948181825c6bf,ed5c5f90fb9adc2853c0b8744905e5a2f951bca8ffdf96095e0ca6a49eb7247a,6d58c7ca0dcaabd02b429fb217498a43bba7fe43c612a303d7ae20f4b8442541,3dcdabd31720a1e587e83e8bca3ea3387d177a7994db3fbc323cdf763dd81166,30000,42673,
29,gs_e5_C001_s3ap_b8568391_a1_dz_p1_r1,0,complete,1,phases/p2-gsjso/runs/20260715_e5_c001_s3ap_phase2_prepare/configs/gs_e5_C001_s3ap_b8568391_a1_dz_p1_r1.yaml,c817b7ca6f8a7b6b317e720b4943dc83cefa338a32a9dfdc4c70428e6e5c21e8,results/tum_transfer/e5_s3ap_phase2/runs/gs_e5_C001_s3ap_b8568391_a1_dz_p1_r1,results/tum_transfer/e5_s3ap_phase2/runs/gs_e5_C001_s3ap_b8568391_a1_dz_p1_r1/ckpt/final.pt,results/tum_transfer/e5_s3ap_phase2/runs/gs_e5_C001_s3ap_b8568391_a1_dz_p1_r1/ckpt/step_010000.pt;results/tum_transfer/e5_s3ap_phase2/runs/gs_e5_C001_s3ap_b8568391_a1_dz_p1_r1/ckpt/step_020000.pt,2026-07-15T16:45:27.961474+00:00,2026-07-15T17:02:18.890432+00:00,1010.917,7200,0,phases/p2-gsjso/runs/20260715_e5_c001_s3ap_phase2_prepare/runner/logs/gs_e5_C001_s3ap_b8568391_a1_dz_p1_r1.log,3f99dd5983872d9ef882ecdb9382837887aec2ae6b8a0165889a9c72999ddf75,a0e1b937592fa12acbb4f701dbb5df43b4169d851b7fa1b42ac948181825c6bf,ed5c5f90fb9adc2853c0b8744905e5a2f951bca8ffdf96095e0ca6a49eb7247a,6494369891a76effbf12c48d557fa4d167963af741425d73fa2d3032c9ee019f,d56771a74f6eef9260deb690b29af7208fda50d045baea82ec84571b37866a11,30000,43941,
30,gs_e5_C001_s3ap_b8568391_a1_dz_m1_r1,1,complete,1,phases/p2-gsjso/runs/20260715_e5_c001_s3ap_phase2_prepare/configs/gs_e5_C001_s3ap_b8568391_a1_dz_m1_r1.yaml,3a2bbc1e624db8627ad3581ed8ccd655c469c562f2050b58be3cab44f494f735,results/tum_transfer/e5_s3ap_phase2/runs/gs_e5_C001_s3ap_b8568391_a1_dz_m1_r1,results/tum_transfer/e5_s3ap_phase2/runs/gs_e5_C001_s3ap_b8568391_a1_dz_m1_r1/ckpt/final.pt,results/tum_transfer/e5_s3ap_phase2/runs/gs_e5_C001_s3ap_b8568391_a1_dz_m1_r1/ckpt/step_010000.pt;results/tum_transfer/e5_s3ap_phase2/runs/gs_e5_C001_s3ap_b8568391_a1_dz_m1_r1/ckpt/step_020000.pt,2026-07-15T16:45:28.722195+00:00,2026-07-15T17:02:32.012079+00:00,1023.272,7200,0,phases/p2-gsjso/runs/20260715_e5_c001_s3ap_phase2_prepare/runner/logs/gs_e5_C001_s3ap_b8568391_a1_dz_m1_r1.log,3f99dd5983872d9ef882ecdb9382837887aec2ae6b8a0165889a9c72999ddf75,a0e1b937592fa12acbb4f701dbb5df43b4169d851b7fa1b42ac948181825c6bf,ed5c5f90fb9adc2853c0b8744905e5a2f951bca8ffdf96095e0ca6a49eb7247a,b6f4e32ab84aa3ed142999366b495b5c1657dd9f68735720d7a31049d22f16fe,f4cecd41bbebd080e2b8a6d13b2671e1db3b0bf1a7e56b327cac26c55647b374,30000,42240,
31,gs_e5_C001_s3ap_b8568391_a1_dz_p2_r1,0,complete,1,phases/p2-gsjso/runs/20260715_e5_c001_s3ap_phase2_prepare/configs/gs_e5_C001_s3ap_b8568391_a1_dz_p2_r1.yaml,cdc32394cf2fc8528aa398d0089342aa1999ccb10948f0724adb3618ad94cd33,results/tum_transfer/e5_s3ap_phase2/runs/gs_e5_C001_s3ap_b8568391_a1_dz_p2_r1,results/tum_transfer/e5_s3ap_phase2/runs/gs_e5_C001_s3ap_b8568391_a1_dz_p2_r1/ckpt/final.pt,results/tum_transfer/e5_s3ap_phase2/runs/gs_e5_C001_s3ap_b8568391_a1_dz_p2_r1/ckpt/step_010000.pt;results/tum_transfer/e5_s3ap_phase2/runs/gs_e5_C001_s3ap_b8568391_a1_dz_p2_r1/ckpt/step_020000.pt,2026-07-15T17:02:18.924820+00:00,2026-07-15T17:19:06.801295+00:00,1007.861,7200,0,phases/p2-gsjso/runs/20260715_e5_c001_s3ap_phase2_prepare/runner/logs/gs_e5_C001_s3ap_b8568391_a1_dz_p2_r1.log,3f99dd5983872d9ef882ecdb9382837887aec2ae6b8a0165889a9c72999ddf75,a0e1b937592fa12acbb4f701dbb5df43b4169d851b7fa1b42ac948181825c6bf,ed5c5f90fb9adc2853c0b8744905e5a2f951bca8ffdf96095e0ca6a49eb7247a,63f508df7fea6f69b7c3ea74833def1420fe331762e18f4a2a29ec681b7cc20d,0d0664501e0adf62c9e6e7a29e92fc27affb870ae0089f06ca0204baa48f0001,30000,43547,
32,gs_e5_C001_s3ap_b8568391_a1_dz_m2_r1,1,complete,1,phases/p2-gsjso/runs/20260715_e5_c001_s3ap_phase2_prepare/configs/gs_e5_C001_s3ap_b8568391_a1_dz_m2_r1.yaml,cd60c5aa18e1d8754689aa54950186b57d426b7d54c29f110b6a3b5fecd15010,results/tum_transfer/e5_s3ap_phase2/runs/gs_e5_C001_s3ap_b8568391_a1_dz_m2_r1,results/tum_transfer/e5_s3ap_phase2/runs/gs_e5_C001_s3ap_b8568391_a1_dz_m2_r1/ckpt/final.pt,results/tum_transfer/e5_s3ap_phase2/runs/gs_e5_C001_s3ap_b8568391_a1_dz_m2_r1/ckpt/step_010000.pt;results/tum_transfer/e5_s3ap_phase2/runs/gs_e5_C001_s3ap_b8568391_a1_dz_m2_r1/ckpt/step_020000.pt,2026-07-15T17:02:32.057476+00:00,2026-07-15T17:19:20.860045+00:00,1008.796,7200,0,phases/p2-gsjso/runs/20260715_e5_c001_s3ap_phase2_prepare/runner/logs/gs_e5_C001_s3ap_b8568391_a1_dz_m2_r1.log,3f99dd5983872d9ef882ecdb9382837887aec2ae6b8a0165889a9c72999ddf75,a0e1b937592fa12acbb4f701dbb5df43b4169d851b7fa1b42ac948181825c6bf,ed5c5f90fb9adc2853c0b8744905e5a2f951bca8ffdf96095e0ca6a49eb7247a,046ea17a22f3c31748018c814be221f13fbc969f99927a81e386c3f004cf6cb8,04d5986e1f27608b206892d8a9fff2172616fa8ded500c319163ffddb4cb8c32,30000,31957,
33,gs_e5_C001_s3ap_b8568391_a1_dz_p4_r1,0,complete,1,phases/p2-gsjso/runs/20260715_e5_c001_s3ap_phase2_prepare/configs/gs_e5_C001_s3ap_b8568391_a1_dz_p4_r1.yaml,ba0aa6932bae2462a472611704de0f04d3eb3cf05a3521294edb5cf8ce48d1ed,results/tum_transfer/e5_s3ap_phase2/runs/gs_e5_C001_s3ap_b8568391_a1_dz_p4_r1,results/tum_transfer/e5_s3ap_phase2/runs/gs_e5_C001_s3ap_b8568391_a1_dz_p4_r1/ckpt/final.pt,results/tum_transfer/e5_s3ap_phase2/runs/gs_e5_C001_s3ap_b8568391_a1_dz_p4_r1/ckpt/step_010000.pt;results/tum_transfer/e5_s3ap_phase2/runs/gs_e5_C001_s3ap_b8568391_a1_dz_p4_r1/ckpt/step_020000.pt,2026-07-15T17:19:06.852758+00:00,2026-07-15T17:35:54.623984+00:00,1007.758,7200,0,phases/p2-gsjso/runs/20260715_e5_c001_s3ap_phase2_prepare/runner/logs/gs_e5_C001_s3ap_b8568391_a1_dz_p4_r1.log,3f99dd5983872d9ef882ecdb9382837887aec2ae6b8a0165889a9c72999ddf75,a0e1b937592fa12acbb4f701dbb5df43b4169d851b7fa1b42ac948181825c6bf,ed5c5f90fb9adc2853c0b8744905e5a2f951bca8ffdf96095e0ca6a49eb7247a,1c12e5ff6baf7a7c4482d522e4a78925e23eb7c769f26ceb6530f0a0a03081e0,58d312dcf34cf4e20277fb47a37675b581db2a6845b47db6a8315172bf0b2679,30000,36367,
34,gs_e5_C001_s3ap_b8568391_a1_dz_m4_r1,1,complete,1,phases/p2-gsjso/runs/20260715_e5_c001_s3ap_phase2_prepare/configs/gs_e5_C001_s3ap_b8568391_a1_dz_m4_r1.yaml,f59f20784bc1ad98575f9c6562e88bf93266ee422abf0a4446a449782283b24d,results/tum_transfer/e5_s3ap_phase2/runs/gs_e5_C001_s3ap_b8568391_a1_dz_m4_r1,results/tum_transfer/e5_s3ap_phase2/runs/gs_e5_C001_s3ap_b8568391_a1_dz_m4_r1/ckpt/final.pt,results/tum_transfer/e5_s3ap_phase2/runs/gs_e5_C001_s3ap_b8568391_a1_dz_m4_r1/ckpt/step_010000.pt;results/tum_transfer/e5_s3ap_phase2/runs/gs_e5_C001_s3ap_b8568391_a1_dz_m4_r1/ckpt/step_020000.pt,2026-07-15T17:19:20.900741+00:00,2026-07-15T17:36:12.681800+00:00,1011.767,7200,0,phases/p2-gsjso/runs/20260715_e5_c001_s3ap_phase2_prepare/runner/logs/gs_e5_C001_s3ap_b8568391_a1_dz_m4_r1.log,3f99dd5983872d9ef882ecdb9382837887aec2ae6b8a0165889a9c72999ddf75,a0e1b937592fa12acbb4f701dbb5df43b4169d851b7fa1b42ac948181825c6bf,ed5c5f90fb9adc2853c0b8744905e5a2f951bca8ffdf96095e0ca6a49eb7247a,d7651c8a9edbc76502138570abcf43097517a3930edd373e774fccff3f86440f,5fed66aa064221c106ba501c3c0cfb8ea6a3ada72e29b08715f1f2bb46e7c1ff,30000,32654,
35,gs_e5_C001_s3ap_b8568392_a1_dz_p0p5_r1,0,complete,1,phases/p2-gsjso/runs/20260715_e5_c001_s3ap_phase2_prepare/configs/gs_e5_C001_s3ap_b8568392_a1_dz_p0p5_r1.yaml,9a6b3373d2e1b74576eb0995343e3f63c82f85b5851de15e8794d43b163316e3,results/tum_transfer/e5_s3ap_phase2/runs/gs_e5_C001_s3ap_b8568392_a1_dz_p0p5_r1,results/tum_transfer/e5_s3ap_phase2/runs/gs_e5_C001_s3ap_b8568392_a1_dz_p0p5_r1/ckpt/final.pt,results/tum_transfer/e5_s3ap_phase2/runs/gs_e5_C001_s3ap_b8568392_a1_dz_p0p5_r1/ckpt/step_010000.pt;results/tum_transfer/e5_s3ap_phase2/runs/gs_e5_C001_s3ap_b8568392_a1_dz_p0p5_r1/ckpt/step_020000.pt,2026-07-15T17:35:54.665617+00:00,2026-07-15T17:50:47.064967+00:00,892.389,7200,0,phases/p2-gsjso/runs/20260715_e5_c001_s3ap_phase2_prepare/runner/logs/gs_e5_C001_s3ap_b8568392_a1_dz_p0p5_r1.log,3f99dd5983872d9ef882ecdb9382837887aec2ae6b8a0165889a9c72999ddf75,ca4f5a54fc0442e71c547308626bffdcbbdea599032bae7fca199f33d6b8ae72,c175f6a364e912d2b858d9bd63b319cabe2dc22e953a74a637d7ca91451e39e8,df7ec8ecc059c196f1d3fe8d634cd847bc012a82b62c12cf2a6fbf1d9d07cb73,f51037e08623cde1b47451ef0a5f9818617970d02023da76cc087e4a29507efe,30000,25312,
36,gs_e5_C001_s3ap_b8568392_a1_dz_m0p5_r1,1,complete,1,phases/p2-gsjso/runs/20260715_e5_c001_s3ap_phase2_prepare/configs/gs_e5_C001_s3ap_b8568392_a1_dz_m0p5_r1.yaml,dd809f4c03686f34637a77ed086af1465367c2fd7d593339f5444c5269a80fe9,results/tum_transfer/e5_s3ap_phase2/runs/gs_e5_C001_s3ap_b8568392_a1_dz_m0p5_r1,results/tum_transfer/e5_s3ap_phase2/runs/gs_e5_C001_s3ap_b8568392_a1_dz_m0p5_r1/ckpt/final.pt,results/tum_transfer/e5_s3ap_phase2/runs/gs_e5_C001_s3ap_b8568392_a1_dz_m0p5_r1/ckpt/step_010000.pt;results/tum_transfer/e5_s3ap_phase2/runs/gs_e5_C001_s3ap_b8568392_a1_dz_m0p5_r1/ckpt/step_020000.pt,2026-07-15T17:36:12.719406+00:00,2026-07-15T17:51:20.504519+00:00,907.773,7200,0,phases/p2-gsjso/runs/20260715_e5_c001_s3ap_phase2_prepare/runner/logs/gs_e5_C001_s3ap_b8568392_a1_dz_m0p5_r1.log,3f99dd5983872d9ef882ecdb9382837887aec2ae6b8a0165889a9c72999ddf75,ca4f5a54fc0442e71c547308626bffdcbbdea599032bae7fca199f33d6b8ae72,c175f6a364e912d2b858d9bd63b319cabe2dc22e953a74a637d7ca91451e39e8,baff2247124cc875660c0cb966178b99c71b10fb32825ff5d41fdc935fd2bd9a,b3adff5bd09af06dad4515b16550d79d36d4d6f5391b89df29f3bd2b731706c1,30000,32783,
37,gs_e5_C001_s3ap_b8568392_a1_dz_p1_r1,0,complete,1,phases/p2-gsjso/runs/20260715_e5_c001_s3ap_phase2_prepare/configs/gs_e5_C001_s3ap_b8568392_a1_dz_p1_r1.yaml,7c9a005549a183fd43a8a06d88d9d95e1987c2cbb5551f460500caf5eef94868,results/tum_transfer/e5_s3ap_phase2/runs/gs_e5_C001_s3ap_b8568392_a1_dz_p1_r1,results/tum_transfer/e5_s3ap_phase2/runs/gs_e5_C001_s3ap_b8568392_a1_dz_p1_r1/ckpt/final.pt,results/tum_transfer/e5_s3ap_phase2/runs/gs_e5_C001_s3ap_b8568392_a1_dz_p1_r1/ckpt/step_010000.pt;results/tum_transfer/e5_s3ap_phase2/runs/gs_e5_C001_s3ap_b8568392_a1_dz_p1_r1/ckpt/step_020000.pt,2026-07-15T17:50:47.100947+00:00,2026-07-15T18:05:39.250040+00:00,892.137,7200,0,phases/p2-gsjso/runs/20260715_e5_c001_s3ap_phase2_prepare/runner/logs/gs_e5_C001_s3ap_b8568392_a1_dz_p1_r1.log,3f99dd5983872d9ef882ecdb9382837887aec2ae6b8a0165889a9c72999ddf75,ca4f5a54fc0442e71c547308626bffdcbbdea599032bae7fca199f33d6b8ae72,c175f6a364e912d2b858d9bd63b319cabe2dc22e953a74a637d7ca91451e39e8,42782a7939cbd1f98806112987ad39580bfab9bed9bcc77882cb0bf69c82702e,8263de5e82c581928e94b1707d954038423dbe1b565eb4f39685687676d8919a,30000,31644,
38,gs_e5_C001_s3ap_b8568392_a1_dz_m1_r1,1,complete,1,phases/p2-gsjso/runs/20260715_e5_c001_s3ap_phase2_prepare/configs/gs_e5_C001_s3ap_b8568392_a1_dz_m1_r1.yaml,f7bfdd22b68139eb26794b752c23525a4169f1d427b28b3fdb2a01bee89519fa,results/tum_transfer/e5_s3ap_phase2/runs/gs_e5_C001_s3ap_b8568392_a1_dz_m1_r1,results/tum_transfer/e5_s3ap_phase2/runs/gs_e5_C001_s3ap_b8568392_a1_dz_m1_r1/ckpt/final.pt,results/tum_transfer/e5_s3ap_phase2/runs/gs_e5_C001_s3ap_b8568392_a1_dz_m1_r1/ckpt/step_010000.pt;results/tum_transfer/e5_s3ap_phase2/runs/gs_e5_C001_s3ap_b8568392_a1_dz_m1_r1/ckpt/step_020000.pt,2026-07-15T17:51:20.556717+00:00,2026-07-15T18:06:17.909131+00:00,897.340,7200,0,phases/p2-gsjso/runs/20260715_e5_c001_s3ap_phase2_prepare/runner/logs/gs_e5_C001_s3ap_b8568392_a1_dz_m1_r1.log,3f99dd5983872d9ef882ecdb9382837887aec2ae6b8a0165889a9c72999ddf75,ca4f5a54fc0442e71c547308626bffdcbbdea599032bae7fca199f33d6b8ae72,c175f6a364e912d2b858d9bd63b319cabe2dc22e953a74a637d7ca91451e39e8,a01405a7e17db92ea58179bab776c971febe496b58d7580e1abfc49312c2380d,3f63d852a602a12467b922f0af485ae7b3e65cf0b569f07cd97ebf1fb14e7150,30000,31978,
39,gs_e5_C001_s3ap_b8568392_a1_dz_p2_r1,0,complete,1,phases/p2-gsjso/runs/20260715_e5_c001_s3ap_phase2_prepare/configs/gs_e5_C001_s3ap_b8568392_a1_dz_p2_r1.yaml,0249432d63ffbe83048428ce4dac175c9340c676d7198264e93cbba270b0ec74,results/tum_transfer/e5_s3ap_phase2/runs/gs_e5_C001_s3ap_b8568392_a1_dz_p2_r1,results/tum_transfer/e5_s3ap_phase2/runs/gs_e5_C001_s3ap_b8568392_a1_dz_p2_r1/ckpt/final.pt,results/tum_transfer/e5_s3ap_phase2/runs/gs_e5_C001_s3ap_b8568392_a1_dz_p2_r1/ckpt/step_010000.pt;results/tum_transfer/e5_s3ap_phase2/runs/gs_e5_C001_s3ap_b8568392_a1_dz_p2_r1/ckpt/step_020000.pt,2026-07-15T18:05:39.295188+00:00,2026-07-15T18:20:36.152394+00:00,896.846,7200,0,phases/p2-gsjso/runs/20260715_e5_c001_s3ap_phase2_prepare/runner/logs/gs_e5_C001_s3ap_b8568392_a1_dz_p2_r1.log,3f99dd5983872d9ef882ecdb9382837887aec2ae6b8a0165889a9c72999ddf75,ca4f5a54fc0442e71c547308626bffdcbbdea599032bae7fca199f33d6b8ae72,c175f6a364e912d2b858d9bd63b319cabe2dc22e953a74a637d7ca91451e39e8,9c6a8156db4785741bd5f60a53f10d09617d8f2cfaaa5ca6ca07dfde1bd69f00,4d7757445e74437c84b0a176cef2cec83bbc116f5b3bd050af05b09714dbeaeb,30000,25519,
40,gs_e5_C001_s3ap_b8568392_a1_dz_m2_r1,1,complete,1,phases/p2-gsjso/runs/20260715_e5_c001_s3ap_phase2_prepare/configs/gs_e5_C001_s3ap_b8568392_a1_dz_m2_r1.yaml,5bcb81a68fe428bb5df01de67ef5f6f12691c2a03f2ae4d0eedd5b7b090dccdf,results/tum_transfer/e5_s3ap_phase2/runs/gs_e5_C001_s3ap_b8568392_a1_dz_m2_r1,results/tum_transfer/e5_s3ap_phase2/runs/gs_e5_C001_s3ap_b8568392_a1_dz_m2_r1/ckpt/final.pt,results/tum_transfer/e5_s3ap_phase2/runs/gs_e5_C001_s3ap_b8568392_a1_dz_m2_r1/ckpt/step_010000.pt;results/tum_transfer/e5_s3ap_phase2/runs/gs_e5_C001_s3ap_b8568392_a1_dz_m2_r1/ckpt/step_020000.pt,2026-07-15T18:06:17.949434+00:00,2026-07-15T18:21:14.027481+00:00,896.067,7200,0,phases/p2-gsjso/runs/20260715_e5_c001_s3ap_phase2_prepare/runner/logs/gs_e5_C001_s3ap_b8568392_a1_dz_m2_r1.log,3f99dd5983872d9ef882ecdb9382837887aec2ae6b8a0165889a9c72999ddf75,ca4f5a54fc0442e71c547308626bffdcbbdea599032bae7fca199f33d6b8ae72,c175f6a364e912d2b858d9bd63b319cabe2dc22e953a74a637d7ca91451e39e8,9f28d1dd305d7f6996b599209681e6b6eb814bd42df8802f113be5894ada6de6,3065ccc0f77ddb62f37db8897e84c0f55fe03c212c2cff4ed5c4532bba942a11,30000,28054,
41,gs_e5_C001_s3ap_b8568392_a1_dz_p4_r1,0,complete,1,phases/p2-gsjso/runs/20260715_e5_c001_s3ap_phase2_prepare/configs/gs_e5_C001_s3ap_b8568392_a1_dz_p4_r1.yaml,3757db2347540d60641fe9b1384b2d2ae37df54ea40e05e413056567e8232d4b,results/tum_transfer/e5_s3ap_phase2/runs/gs_e5_C001_s3ap_b8568392_a1_dz_p4_r1,results/tum_transfer/e5_s3ap_phase2/runs/gs_e5_C001_s3ap_b8568392_a1_dz_p4_r1/ckpt/final.pt,results/tum_transfer/e5_s3ap_phase2/runs/gs_e5_C001_s3ap_b8568392_a1_dz_p4_r1/ckpt/step_010000.pt;results/tum_transfer/e5_s3ap_phase2/runs/gs_e5_C001_s3ap_b8568392_a1_dz_p4_r1/ckpt/step_020000.pt,2026-07-15T18:20:36.200080+00:00,2026-07-15T18:35:32.436690+00:00,896.226,7200,0,phases/p2-gsjso/runs/20260715_e5_c001_s3ap_phase2_prepare/runner/logs/gs_e5_C001_s3ap_b8568392_a1_dz_p4_r1.log,3f99dd5983872d9ef882ecdb9382837887aec2ae6b8a0165889a9c72999ddf75,ca4f5a54fc0442e71c547308626bffdcbbdea599032bae7fca199f33d6b8ae72,c175f6a364e912d2b858d9bd63b319cabe2dc22e953a74a637d7ca91451e39e8,aa0f45345408fa48288d9d058e612eabf4ef05f36852c7d46910dfa2f7fa0263,5a72cf42aea9a9a774599641966c478cd2d2769133c2f77dcac7dcc4f2f6caf1,30000,25963,
42,gs_e5_C001_s3ap_b8568392_a1_dz_m4_r1,1,complete,1,phases/p2-gsjso/runs/20260715_e5_c001_s3ap_phase2_prepare/configs/gs_e5_C001_s3ap_b8568392_a1_dz_m4_r1.yaml,2950c53af04511c5a24a0b01d6e61aec5d6a7b9470497bfb42be7df6698c127c,results/tum_transfer/e5_s3ap_phase2/runs/gs_e5_C001_s3ap_b8568392_a1_dz_m4_r1,results/tum_transfer/e5_s3ap_phase2/runs/gs_e5_C001_s3ap_b8568392_a1_dz_m4_r1/ckpt/final.pt,results/tum_transfer/e5_s3ap_phase2/runs/gs_e5_C001_s3ap_b8568392_a1_dz_m4_r1/ckpt/step_010000.pt;results/tum_transfer/e5_s3ap_phase2/runs/gs_e5_C001_s3ap_b8568392_a1_dz_m4_r1/ckpt/step_020000.pt,2026-07-15T18:21:14.071040+00:00,2026-07-15T18:36:05.029331+00:00,890.953,7200,0,phases/p2-gsjso/runs/20260715_e5_c001_s3ap_phase2_prepare/runner/logs/gs_e5_C001_s3ap_b8568392_a1_dz_m4_r1.log,3f99dd5983872d9ef882ecdb9382837887aec2ae6b8a0165889a9c72999ddf75,ca4f5a54fc0442e71c547308626bffdcbbdea599032bae7fca199f33d6b8ae72,c175f6a364e912d2b858d9bd63b319cabe2dc22e953a74a637d7ca91451e39e8,ca597a290adb35b8dd2f1831aad7f19da339ab886e42aed87217fc756b9553c9,4718d05e48a51df7b849392d70e1a9094bba2649f6391fb53750d50d3c3d8233,30000,24486,
