building_id,priority_rank,pair_rank,view_a,view_b,crop_source,camera_branch,frame_source,camera_model,camera_source,pose_source,scene_reference_source,world_frame,triangulation_rule,crop_a_xyxy,crop_b_xyxy,acquisition_block_a,acquisition_block_b,pair_relation,known_colmap_baseline_m,eligible_summary_pair,status,failure_reason,reciprocal_match_count,border_match_count,dlt_finite_count,positive_depth_count,reprojection_2px_count,footprint_inside_count,inside_z_median_m,inside_z_mad_m,inside_z_median_local_m,inside_z_mad_local_m,elapsed_seconds,cache_path,cache_sha256,new_mast3r_inference_runs,cache_reuse_runs,learning_runs_started,new_inference_type,pair_fingerprint,input_fingerprint
DEBY_LOD2_4907199,1,1,DJI_20241217095441_0023_D,DJI_20241217095531_0048_D,s3ap_locked_or_frozen_region,c001_pinhole_binary,results/tum_transfer/e5_pilot/C001/data_geoidfix_C001_buf20/images,PINHOLE,results/tum_transfer/e5_pilot/C001/data_geoidfix_C001_buf20/sparse/0/cameras.bin,results/tum_transfer/e5_pilot/C001/data_geoidfix_C001_buf20/sparse/0/images.bin,,canonical_local_xyz,crop pixels mapped to source pixels without half-pixel shift; float64 linear DLT with fixed PINHOLE COLMAP K[R|t]; finite homogeneous solution; positive depth in both cameras; max per-view source-pixel reprojection error <=2.0px,0;773;320;1013,1107;821;1363;1013,202412170954,202412170955,cross_acquisition_minute_block,54.491666,true,complete,,651,538,538,538,538,373,-34.347425,0.022915,-34.347425,0.022915,0.742638,phases/p2-gsjso/runs/20260719_boundary_map_v3/fm_dense_raw/4907199_rank01_raw_cheirality.npz,687ab640f1e27a80a9df6a526a0ac5506f9eb4cb7b6c07f6e344954272bb02a9,0,1,0,R1prime-3_FM_dense_dial_2px,262d737427893e934b34ed85c913f5da4847e5f0328698cda33065d64a3c0c1c,3af60747ffde1a12a1edd7f17bcca152bbb7b557b06b04233f2f70b8014c0fe0
DEBY_LOD2_4907199,1,2,DJI_20241217095145_0079_D,DJI_20241217095441_0023_D,s3ap_locked_or_frozen_region,c001_pinhole_binary,results/tum_transfer/e5_pilot/C001/data_geoidfix_C001_buf20/images,PINHOLE,results/tum_transfer/e5_pilot/C001/data_geoidfix_C001_buf20/sparse/0/cameras.bin,results/tum_transfer/e5_pilot/C001/data_geoidfix_C001_buf20/sparse/0/images.bin,,canonical_local_xyz,crop pixels mapped to source pixels without half-pixel shift; float64 linear DLT with fixed PINHOLE COLMAP K[R|t]; finite homogeneous solution; positive depth in both cameras; max per-view source-pixel reprojection error <=2.0px,0;435;256;627,0;773;320;1013,202412170951,202412170954,cross_acquisition_minute_block,87.474074,true,complete,,69,39,39,39,0,0,,,,,0.319145,phases/p2-gsjso/runs/20260719_boundary_map_v3/fm_dense_raw/4907199_rank02_raw_cheirality.npz,ce135eda22d95fb6181644e249de17365fc1257dbac000be64981676f6e10ff5,0,1,0,R1prime-3_FM_dense_dial_2px,979f3c7c4753bef96735d623060fcbb0cc9c8b7a1b39598a2b85b9fd866ac980,3af60747ffde1a12a1edd7f17bcca152bbb7b557b06b04233f2f70b8014c0fe0
DEBY_LOD2_4907199,1,3,DJI_20241217095145_0079_D,DJI_20241217095531_0048_D,s3ap_locked_or_frozen_region,c001_pinhole_binary,results/tum_transfer/e5_pilot/C001/data_geoidfix_C001_buf20/images,PINHOLE,results/tum_transfer/e5_pilot/C001/data_geoidfix_C001_buf20/sparse/0/cameras.bin,results/tum_transfer/e5_pilot/C001/data_geoidfix_C001_buf20/sparse/0/images.bin,,canonical_local_xyz,crop pixels mapped to source pixels without half-pixel shift; float64 linear DLT with fixed PINHOLE COLMAP K[R|t]; finite homogeneous solution; positive depth in both cameras; max per-view source-pixel reprojection error <=2.0px,0;435;256;627,1107;821;1363;1013,202412170951,202412170955,cross_acquisition_minute_block,135.118101,true,complete,,146,95,95,95,0,0,,,,,0.325990,phases/p2-gsjso/runs/20260719_boundary_map_v3/fm_dense_raw/4907199_rank03_raw_cheirality.npz,5a2d8567bba269ba6255d5e8b490c7ed8273575fa2085dd34b84b56c5a5d387c,0,1,0,R1prime-3_FM_dense_dial_2px,a55055596cfe1df29c599071fe8ac9fb68dcb795fa08747b33b3f9c4f6ae6634,3af60747ffde1a12a1edd7f17bcca152bbb7b557b06b04233f2f70b8014c0fe0
DEBY_LOD2_4907199,1,4,DJI_20241217095149_0081_D,DJI_20241217095441_0023_D,s3ap_locked_or_frozen_region,c001_pinhole_binary,results/tum_transfer/e5_pilot/C001/data_geoidfix_C001_buf20/images,PINHOLE,results/tum_transfer/e5_pilot/C001/data_geoidfix_C001_buf20/sparse/0/cameras.bin,results/tum_transfer/e5_pilot/C001/data_geoidfix_C001_buf20/sparse/0/images.bin,,canonical_local_xyz,crop pixels mapped to source pixels without half-pixel shift; float64 linear DLT with fixed PINHOLE COLMAP K[R|t]; finite homogeneous solution; positive depth in both cameras; max per-view source-pixel reprojection error <=2.0px,0;434;256;626,0;773;320;1013,202412170951,202412170954,cross_acquisition_minute_block,87.451028,true,complete,,73,46,46,46,0,0,,,,,0.317597,phases/p2-gsjso/runs/20260719_boundary_map_v3/fm_dense_raw/4907199_rank04_raw_cheirality.npz,fba83bfd19d7971277fee84889700e0dacfe54c7de049252cbdebfd444ec50ba,0,1,0,R1prime-3_FM_dense_dial_2px,3b8cf41c8dc540a14b05393facb6f81affe00c165b2aa41b60bd4a4fc932b30d,3af60747ffde1a12a1edd7f17bcca152bbb7b557b06b04233f2f70b8014c0fe0
DEBY_LOD2_4907199,1,5,DJI_20241217095149_0081_D,DJI_20241217095531_0048_D,s3ap_locked_or_frozen_region,c001_pinhole_binary,results/tum_transfer/e5_pilot/C001/data_geoidfix_C001_buf20/images,PINHOLE,results/tum_transfer/e5_pilot/C001/data_geoidfix_C001_buf20/sparse/0/cameras.bin,results/tum_transfer/e5_pilot/C001/data_geoidfix_C001_buf20/sparse/0/images.bin,,canonical_local_xyz,crop pixels mapped to source pixels without half-pixel shift; float64 linear DLT with fixed PINHOLE COLMAP K[R|t]; finite homogeneous solution; positive depth in both cameras; max per-view source-pixel reprojection error <=2.0px,0;434;256;626,1107;821;1363;1013,202412170951,202412170955,cross_acquisition_minute_block,135.108209,true,complete,,140,114,114,114,0,0,,,,,0.311961,phases/p2-gsjso/runs/20260719_boundary_map_v3/fm_dense_raw/4907199_rank05_raw_cheirality.npz,11c7304576e4c324947a8382bab0ff08e942e566810bfd76d1652cf1d4054605,0,1,0,R1prime-3_FM_dense_dial_2px,b915162835352d8114958be8f9fcc763421343920bd799d50f827ace1736523a,3af60747ffde1a12a1edd7f17bcca152bbb7b557b06b04233f2f70b8014c0fe0
DEBY_LOD2_4907199,1,6,DJI_20241217095145_0079_D,DJI_20241217095149_0081_D,s3ap_locked_or_frozen_region,c001_pinhole_binary,results/tum_transfer/e5_pilot/C001/data_geoidfix_C001_buf20/images,PINHOLE,results/tum_transfer/e5_pilot/C001/data_geoidfix_C001_buf20/sparse/0/cameras.bin,results/tum_transfer/e5_pilot/C001/data_geoidfix_C001_buf20/sparse/0/images.bin,,canonical_local_xyz,crop pixels mapped to source pixels without half-pixel shift; float64 linear DLT with fixed PINHOLE COLMAP K[R|t]; finite homogeneous solution; positive depth in both cameras; max per-view source-pixel reprojection error <=2.0px,0;435;256;627,0;434;256;626,202412170951,202412170951,same_acquisition_minute_block,0.057419,false,excluded_pair,same_acquisition_minute_block,3072,3023,3023,3023,3023,17,-23.488052,0.828575,-23.488052,0.828575,0.325211,phases/p2-gsjso/runs/20260719_boundary_map_v3/fm_dense_raw/4907199_rank06_raw_cheirality.npz,8663e661293b1f02aa258b63caef8dc8e081b20d8af17215151d8344fda0ccf3,0,1,0,R1prime-3_FM_dense_dial_2px,192c533a543f7c48e1cb47751b1f67b3711451c657330e3521f898231c6b53a4,3af60747ffde1a12a1edd7f17bcca152bbb7b557b06b04233f2f70b8014c0fe0
DEBY_LOD2_4907199,1,7,DJI_20241217095147_0080_D,DJI_20241217095441_0023_D,s3ap_locked_or_frozen_region,c001_pinhole_binary,results/tum_transfer/e5_pilot/C001/data_geoidfix_C001_buf20/images,PINHOLE,results/tum_transfer/e5_pilot/C001/data_geoidfix_C001_buf20/sparse/0/cameras.bin,results/tum_transfer/e5_pilot/C001/data_geoidfix_C001_buf20/sparse/0/images.bin,,canonical_local_xyz,crop pixels mapped to source pixels without half-pixel shift; float64 linear DLT with fixed PINHOLE COLMAP K[R|t]; finite homogeneous solution; positive depth in both cameras; max per-view source-pixel reprojection error <=2.0px,0;434;256;626,0;773;320;1013,202412170951,202412170954,cross_acquisition_minute_block,87.494419,true,complete,,66,26,26,26,0,0,,,,,0.303659,phases/p2-gsjso/runs/20260719_boundary_map_v3/fm_dense_raw/4907199_rank07_raw_cheirality.npz,68d5cbd1f9edc0c37de942c19397f3eb00fb0f02a3ef4e1beceb38e31f129f56,0,1,0,R1prime-3_FM_dense_dial_2px,733be75436dba356d9060d7a66734e4899e75103fc05e9e48ce9978a25b02548,3af60747ffde1a12a1edd7f17bcca152bbb7b557b06b04233f2f70b8014c0fe0
DEBY_LOD2_4907199,1,8,DJI_20241217095147_0080_D,DJI_20241217095531_0048_D,s3ap_locked_or_frozen_region,c001_pinhole_binary,results/tum_transfer/e5_pilot/C001/data_geoidfix_C001_buf20/images,PINHOLE,results/tum_transfer/e5_pilot/C001/data_geoidfix_C001_buf20/sparse/0/cameras.bin,results/tum_transfer/e5_pilot/C001/data_geoidfix_C001_buf20/sparse/0/images.bin,,canonical_local_xyz,crop pixels mapped to source pixels without half-pixel shift; float64 linear DLT with fixed PINHOLE COLMAP K[R|t]; finite homogeneous solution; positive depth in both cameras; max per-view source-pixel reprojection error <=2.0px,0;434;256;626,1107;821;1363;1013,202412170951,202412170955,cross_acquisition_minute_block,135.143828,true,complete,,162,124,124,124,0,0,,,,,0.311313,phases/p2-gsjso/runs/20260719_boundary_map_v3/fm_dense_raw/4907199_rank08_raw_cheirality.npz,52a23694671bf482d4916c0a075b761bbfe0c127a03f5a81b58210508010c907,0,1,0,R1prime-3_FM_dense_dial_2px,5521b3dfee5c5b8218394e248bdfe25150cd9a26d62f5446823a2f039385164b,3af60747ffde1a12a1edd7f17bcca152bbb7b557b06b04233f2f70b8014c0fe0
DEBY_LOD2_4907199,1,9,DJI_20241217095145_0079_D,DJI_20241217095147_0080_D,s3ap_locked_or_frozen_region,c001_pinhole_binary,results/tum_transfer/e5_pilot/C001/data_geoidfix_C001_buf20/images,PINHOLE,results/tum_transfer/e5_pilot/C001/data_geoidfix_C001_buf20/sparse/0/cameras.bin,results/tum_transfer/e5_pilot/C001/data_geoidfix_C001_buf20/sparse/0/images.bin,,canonical_local_xyz,crop pixels mapped to source pixels without half-pixel shift; float64 linear DLT with fixed PINHOLE COLMAP K[R|t]; finite homogeneous solution; positive depth in both cameras; max per-view source-pixel reprojection error <=2.0px,0;435;256;627,0;434;256;626,202412170951,202412170951,same_acquisition_minute_block,0.032560,false,excluded_pair,same_acquisition_minute_block,3072,3024,3024,3001,3001,125,-25.123063,1.699930,-25.123063,1.699930,0.324046,phases/p2-gsjso/runs/20260719_boundary_map_v3/fm_dense_raw/4907199_rank09_raw_cheirality.npz,bae3c97be73538b1a1bc7cb7316dc9b811754b6fa307f73c89396140e9427822,0,1,0,R1prime-3_FM_dense_dial_2px,8fc1fb130611c7ef60e7b64782d4735b544c5ba29a4d9b51098b1a96930ac9fb,3af60747ffde1a12a1edd7f17bcca152bbb7b557b06b04233f2f70b8014c0fe0
DEBY_LOD2_4907199,1,10,DJI_20241217095147_0080_D,DJI_20241217095149_0081_D,s3ap_locked_or_frozen_region,c001_pinhole_binary,results/tum_transfer/e5_pilot/C001/data_geoidfix_C001_buf20/images,PINHOLE,results/tum_transfer/e5_pilot/C001/data_geoidfix_C001_buf20/sparse/0/cameras.bin,results/tum_transfer/e5_pilot/C001/data_geoidfix_C001_buf20/sparse/0/images.bin,,canonical_local_xyz,crop pixels mapped to source pixels without half-pixel shift; float64 linear DLT with fixed PINHOLE COLMAP K[R|t]; finite homogeneous solution; positive depth in both cameras; max per-view source-pixel reprojection error <=2.0px,0;434;256;626,0;434;256;626,202412170951,202412170951,same_acquisition_minute_block,0.051219,false,excluded_pair,same_acquisition_minute_block,3072,3015,3015,2986,2986,0,,,,,0.321798,phases/p2-gsjso/runs/20260719_boundary_map_v3/fm_dense_raw/4907199_rank10_raw_cheirality.npz,c09725e52702cabb5ff5c74ff7c51fc16ae32ada3a6d3434707a351e456b6c80,0,1,0,R1prime-3_FM_dense_dial_2px,8505a9c4f846614297b5acac55d9519cc94d9ef415b7f47a6bcbf528558ad2ed,3af60747ffde1a12a1edd7f17bcca152bbb7b557b06b04233f2f70b8014c0fe0
DEBY_LOD2_8568391,2,1,DJI_20241217084901_0194_D,DJI_20241217095441_0023_D,s3ap_locked_or_frozen_region,c001_pinhole_binary,results/tum_transfer/e5_pilot/C001/data_geoidfix_C001_buf20/images,PINHOLE,results/tum_transfer/e5_pilot/C001/data_geoidfix_C001_buf20/sparse/0/cameras.bin,results/tum_transfer/e5_pilot/C001/data_geoidfix_C001_buf20/sparse/0/images.bin,,canonical_local_xyz,crop pixels mapped to source pixels without half-pixel shift; float64 linear DLT with fixed PINHOLE COLMAP K[R|t]; finite homogeneous solution; positive depth in both cameras; max per-view source-pixel reprojection error <=2.0px,1144;0;1400;192,626;584;978;848,202412170849,202412170954,cross_acquisition_minute_block,56.074255,true,complete,,977,864,864,864,854,256,-40.672248,0.031518,-40.672248,0.031518,0.329013,phases/p2-gsjso/runs/20260719_boundary_map_v3/fm_dense_raw/8568391_rank01_raw_cheirality.npz,8cf7ec6b27aef372a29c8516f5429c9ebc00d6aa8e299856f0fa3dabc929a93d,0,1,0,R1prime-3_FM_dense_dial_2px,81b950a685a56ffda8fc8c9e96c84560c879d09490313063efc9d4c54f9eac75,3af60747ffde1a12a1edd7f17bcca152bbb7b557b06b04233f2f70b8014c0fe0
DEBY_LOD2_8568391,2,2,DJI_20241217084903_0195_D,DJI_20241217095441_0023_D,s3ap_locked_or_frozen_region,c001_pinhole_binary,results/tum_transfer/e5_pilot/C001/data_geoidfix_C001_buf20/images,PINHOLE,results/tum_transfer/e5_pilot/C001/data_geoidfix_C001_buf20/sparse/0/cameras.bin,results/tum_transfer/e5_pilot/C001/data_geoidfix_C001_buf20/sparse/0/images.bin,,canonical_local_xyz,crop pixels mapped to source pixels without half-pixel shift; float64 linear DLT with fixed PINHOLE COLMAP K[R|t]; finite homogeneous solution; positive depth in both cameras; max per-view source-pixel reprojection error <=2.0px,1144;110;1400;302,626;584;978;848,202412170849,202412170954,cross_acquisition_minute_block,54.041667,true,complete,,659,561,561,561,549,200,-40.661833,0.030803,-40.661833,0.030803,0.292802,phases/p2-gsjso/runs/20260719_boundary_map_v3/fm_dense_raw/8568391_rank02_raw_cheirality.npz,425e0dd31681b791c222a49cd92410d308324e8626d6d02ebbeb0e58cc6182c9,0,1,0,R1prime-3_FM_dense_dial_2px,655351fea7cfc3a31fadb613cb52de2967178feb8548cf93a64975149811db5d,3af60747ffde1a12a1edd7f17bcca152bbb7b557b06b04233f2f70b8014c0fe0
DEBY_LOD2_8568391,2,3,DJI_20241217084901_0194_D,DJI_20241217084903_0195_D,s3ap_locked_or_frozen_region,c001_pinhole_binary,results/tum_transfer/e5_pilot/C001/data_geoidfix_C001_buf20/images,PINHOLE,results/tum_transfer/e5_pilot/C001/data_geoidfix_C001_buf20/sparse/0/cameras.bin,results/tum_transfer/e5_pilot/C001/data_geoidfix_C001_buf20/sparse/0/images.bin,,canonical_local_xyz,crop pixels mapped to source pixels without half-pixel shift; float64 linear DLT with fixed PINHOLE COLMAP K[R|t]; finite homogeneous solution; positive depth in both cameras; max per-view source-pixel reprojection error <=2.0px,1144;0;1400;192,1144;110;1400;302,202412170849,202412170849,same_acquisition_minute_block,9.916932,false,excluded_pair,same_acquisition_minute_block,2355,2254,2254,2254,2254,108,-40.694788,0.031580,-40.694788,0.031580,0.414391,phases/p2-gsjso/runs/20260719_boundary_map_v3/fm_dense_raw/8568391_rank03_raw_cheirality.npz,bab7c25e43d1e34549db212cb4f167f1f1437a7f5ebbef04f4a106bddb467f31,0,1,0,R1prime-3_FM_dense_dial_2px,48c2bfb7b57644026c39e8e481f887f3449c80cb3345743a22c1012350334f11,3af60747ffde1a12a1edd7f17bcca152bbb7b557b06b04233f2f70b8014c0fe0
DEBY_LOD2_4908049,3,1,DJI_20241217090949_0057_D,DJI_20241217090915_0040_D,projected_footprint,p0_full_opencv_text,phases/p0-audit/data/work/images/Images,FULL_OPENCV,phases/p0-audit/data/work/colmap/sparse/0/cameras.txt,phases/p0-audit/data/work/colmap/sparse/0/images.txt,phases/p0-audit/data/work/opf/opf/scene_reference_frame.json,canonical_local_xyz,crop pixels mapped to raw source pixels without half-pixel shift; FULL_OPENCV raw pixels undistorted with the frozen 12 camera parameters; float64 linear DLT with fixed COLMAP [R|t]; finite homogeneous solution; positive depth in both cameras; reprojection with the original FULL_OPENCV distortion; max per-view raw source-pixel reprojection error <=2.0px,162;3416;882;3956,131;213;979;849,202412170909,202412170909,same_acquisition_minute_block,143.790196,false,excluded_pair,same_acquisition_minute_block,14,13,13,13,0,0,,,,,0.573645,phases/p2-gsjso/runs/20260719_boundary_map_v3/fm_dense_raw/4908049_rank01_raw_cheirality.npz,654d060c570564bbc0b9238e29bbf6e0854157e16e0feb13730ac840fc857cbf,0,1,0,R1prime-3_FM_dense_dial_2px,15446e8f58e5df11b610e9c4be14ed72060891c1829f12489ce67dcd15ba798a,3af60747ffde1a12a1edd7f17bcca152bbb7b557b06b04233f2f70b8014c0fe0
DEBY_LOD2_4908049,3,2,DJI_20241217084813_0170_D,DJI_20241217090949_0057_D,projected_footprint,p0_full_opencv_text,phases/p0-audit/data/work/images/Images,FULL_OPENCV,phases/p0-audit/data/work/colmap/sparse/0/cameras.txt,phases/p0-audit/data/work/colmap/sparse/0/images.txt,phases/p0-audit/data/work/opf/opf/scene_reference_frame.json,canonical_local_xyz,crop pixels mapped to raw source pixels without half-pixel shift; FULL_OPENCV raw pixels undistorted with the frozen 12 camera parameters; float64 linear DLT with fixed COLMAP [R|t]; finite homogeneous solution; positive depth in both cameras; reprojection with the original FULL_OPENCV distortion; max per-view raw source-pixel reprojection error <=2.0px,4592;3244;5280;3760,162;3416;882;3956,202412170848,202412170909,cross_acquisition_minute_block,127.490347,true,complete,,65,53,53,53,0,0,,,,,0.579737,phases/p2-gsjso/runs/20260719_boundary_map_v3/fm_dense_raw/4908049_rank02_raw_cheirality.npz,83c6d6383471ab234191b409e74360e5a680c4b5785896962f11afdb9553aee9,0,1,0,R1prime-3_FM_dense_dial_2px,8b54578cf2c367718ad2f94db8b3de3c6e672c86ed5f1187cc0630fa06dca516,3af60747ffde1a12a1edd7f17bcca152bbb7b557b06b04233f2f70b8014c0fe0
DEBY_LOD2_4908049,3,3,DJI_20241217090815_0010_D,DJI_20241217090915_0040_D,projected_footprint,p0_full_opencv_text,phases/p0-audit/data/work/images/Images,FULL_OPENCV,phases/p0-audit/data/work/colmap/sparse/0/cameras.txt,phases/p0-audit/data/work/colmap/sparse/0/images.txt,phases/p0-audit/data/work/opf/opf/scene_reference_frame.json,canonical_local_xyz,crop pixels mapped to raw source pixels without half-pixel shift; FULL_OPENCV raw pixels undistorted with the frozen 12 camera parameters; float64 linear DLT with fixed COLMAP [R|t]; finite homogeneous solution; positive depth in both cameras; reprojection with the original FULL_OPENCV distortion; max per-view raw source-pixel reprojection error <=2.0px,4640;229;5280;709,131;213;979;849,202412170908,202412170909,cross_acquisition_minute_block,113.506149,true,complete,,4,3,3,3,0,0,,,,,0.547178,phases/p2-gsjso/runs/20260719_boundary_map_v3/fm_dense_raw/4908049_rank03_raw_cheirality.npz,28dec5d3abf1031f985fed51f219db16accfb64e83c5efd516062636f56643c0,0,1,0,R1prime-3_FM_dense_dial_2px,eac5e3098a97f767512ddcc18305f2ad9891f4aec0da4a6cacea777c1b68a962,3af60747ffde1a12a1edd7f17bcca152bbb7b557b06b04233f2f70b8014c0fe0
DEBY_LOD2_4908049,3,4,DJI_20241217090817_0011_D,DJI_20241217090915_0040_D,projected_footprint,p0_full_opencv_text,phases/p0-audit/data/work/images/Images,FULL_OPENCV,phases/p0-audit/data/work/colmap/sparse/0/cameras.txt,phases/p0-audit/data/work/colmap/sparse/0/images.txt,phases/p0-audit/data/work/opf/opf/scene_reference_frame.json,canonical_local_xyz,crop pixels mapped to raw source pixels without half-pixel shift; FULL_OPENCV raw pixels undistorted with the frozen 12 camera parameters; float64 linear DLT with fixed COLMAP [R|t]; finite homogeneous solution; positive depth in both cameras; reprojection with the original FULL_OPENCV distortion; max per-view raw source-pixel reprojection error <=2.0px,4624;639;5280;1131,131;213;979;849,202412170908,202412170909,cross_acquisition_minute_block,104.785675,true,complete,,7,4,4,4,0,0,,,,,0.560777,phases/p2-gsjso/runs/20260719_boundary_map_v3/fm_dense_raw/4908049_rank04_raw_cheirality.npz,974871f2a9cff0dec06e79bf34eee01589c3e7e8eefe13bfa837ec2cad89ecba,0,1,0,R1prime-3_FM_dense_dial_2px,df6645a6d06158d66e5ab0f7c08bbb0aa85e3d46e633909334ca60df1c955e1b,3af60747ffde1a12a1edd7f17bcca152bbb7b557b06b04233f2f70b8014c0fe0
DEBY_LOD2_4908049,3,5,DJI_20241217090815_0010_D,DJI_20241217084813_0170_D,projected_footprint,p0_full_opencv_text,phases/p0-audit/data/work/images/Images,FULL_OPENCV,phases/p0-audit/data/work/colmap/sparse/0/cameras.txt,phases/p0-audit/data/work/colmap/sparse/0/images.txt,phases/p0-audit/data/work/opf/opf/scene_reference_frame.json,canonical_local_xyz,crop pixels mapped to raw source pixels without half-pixel shift; FULL_OPENCV raw pixels undistorted with the frozen 12 camera parameters; float64 linear DLT with fixed COLMAP [R|t]; finite homogeneous solution; positive depth in both cameras; reprojection with the original FULL_OPENCV distortion; max per-view raw source-pixel reprojection error <=2.0px,4640;229;5280;709,4592;3244;5280;3760,202412170908,202412170848,cross_acquisition_minute_block,78.205699,true,complete,,861,794,794,794,779,479,-41.266665,0.036631,-41.266665,0.036631,0.650828,phases/p2-gsjso/runs/20260719_boundary_map_v3/fm_dense_raw/4908049_rank05_raw_cheirality.npz,43d7a03f610987f8fdcaec0e1125ec16ed5d356a8358573dabbf7fe16b0dfd36,0,1,0,R1prime-3_FM_dense_dial_2px,4611c5b98c4823c10eace4ccd56b7611dbf245e140e9bc9e1a61a312d3d9ecd0,3af60747ffde1a12a1edd7f17bcca152bbb7b557b06b04233f2f70b8014c0fe0
DEBY_LOD2_4908049,3,6,DJI_20241217090817_0011_D,DJI_20241217084813_0170_D,projected_footprint,p0_full_opencv_text,phases/p0-audit/data/work/images/Images,FULL_OPENCV,phases/p0-audit/data/work/colmap/sparse/0/cameras.txt,phases/p0-audit/data/work/colmap/sparse/0/images.txt,phases/p0-audit/data/work/opf/opf/scene_reference_frame.json,canonical_local_xyz,crop pixels mapped to raw source pixels without half-pixel shift; FULL_OPENCV raw pixels undistorted with the frozen 12 camera parameters; float64 linear DLT with fixed COLMAP [R|t]; finite homogeneous solution; positive depth in both cameras; reprojection with the original FULL_OPENCV distortion; max per-view raw source-pixel reprojection error <=2.0px,4624;639;5280;1131,4592;3244;5280;3760,202412170908,202412170848,cross_acquisition_minute_block,68.871208,true,complete,,967,910,910,910,824,487,-41.261373,0.035883,-41.261373,0.035883,0.658166,phases/p2-gsjso/runs/20260719_boundary_map_v3/fm_dense_raw/4908049_rank06_raw_cheirality.npz,4a47b23cfdd2a5bb5409924442a792a34ca27cc4d959af213072fb5e1bbf0196,0,1,0,R1prime-3_FM_dense_dial_2px,1867cd36430bf5193842934c36d8f0db3992816c3c207093078fd0ca0b844f56,3af60747ffde1a12a1edd7f17bcca152bbb7b557b06b04233f2f70b8014c0fe0
DEBY_LOD2_4908049,3,7,DJI_20241217090817_0011_D,DJI_20241217090949_0057_D,projected_footprint,p0_full_opencv_text,phases/p0-audit/data/work/images/Images,FULL_OPENCV,phases/p0-audit/data/work/colmap/sparse/0/cameras.txt,phases/p0-audit/data/work/colmap/sparse/0/images.txt,phases/p0-audit/data/work/opf/opf/scene_reference_frame.json,canonical_local_xyz,crop pixels mapped to raw source pixels without half-pixel shift; FULL_OPENCV raw pixels undistorted with the frozen 12 camera parameters; float64 linear DLT with fixed COLMAP [R|t]; finite homogeneous solution; positive depth in both cameras; reprojection with the original FULL_OPENCV distortion; max per-view raw source-pixel reprojection error <=2.0px,4624;639;5280;1131,162;3416;882;3956,202412170908,202412170909,cross_acquisition_minute_block,63.642032,true,complete,,42,39,39,0,0,0,,,,,0.595426,phases/p2-gsjso/runs/20260719_boundary_map_v3/fm_dense_raw/4908049_rank07_raw_cheirality.npz,cf4fd7d3b61b1c91e564d0541965e2ebb92f5debe616aed5b5958b9fb741f9d4,0,1,0,R1prime-3_FM_dense_dial_2px,0d5a40f14b0f20d728f0b3d3083098c83d65b72a3043e6134f9b1f75f80ff8c0,3af60747ffde1a12a1edd7f17bcca152bbb7b557b06b04233f2f70b8014c0fe0
DEBY_LOD2_4908049,3,8,DJI_20241217084813_0170_D,DJI_20241217090915_0040_D,projected_footprint,p0_full_opencv_text,phases/p0-audit/data/work/images/Images,FULL_OPENCV,phases/p0-audit/data/work/colmap/sparse/0/cameras.txt,phases/p0-audit/data/work/colmap/sparse/0/images.txt,phases/p0-audit/data/work/opf/opf/scene_reference_frame.json,canonical_local_xyz,crop pixels mapped to raw source pixels without half-pixel shift; FULL_OPENCV raw pixels undistorted with the frozen 12 camera parameters; float64 linear DLT with fixed COLMAP [R|t]; finite homogeneous solution; positive depth in both cameras; reprojection with the original FULL_OPENCV distortion; max per-view raw source-pixel reprojection error <=2.0px,4592;3244;5280;3760,131;213;979;849,202412170848,202412170909,cross_acquisition_minute_block,60.475472,true,complete,,2,1,1,0,0,0,,,,,0.575388,phases/p2-gsjso/runs/20260719_boundary_map_v3/fm_dense_raw/4908049_rank08_raw_cheirality.npz,4d3ab3c3278a676f9b5c1f5746471feca9369d50c15a739581d20a0fc5ea8e0b,0,1,0,R1prime-3_FM_dense_dial_2px,08d3478d2cdc194930edc9fdf116f806e1c24768082c39151394852cf60c32ac,3af60747ffde1a12a1edd7f17bcca152bbb7b557b06b04233f2f70b8014c0fe0
DEBY_LOD2_4908049,3,9,DJI_20241217090815_0010_D,DJI_20241217090949_0057_D,projected_footprint,p0_full_opencv_text,phases/p0-audit/data/work/images/Images,FULL_OPENCV,phases/p0-audit/data/work/colmap/sparse/0/cameras.txt,phases/p0-audit/data/work/colmap/sparse/0/images.txt,phases/p0-audit/data/work/opf/opf/scene_reference_frame.json,canonical_local_xyz,crop pixels mapped to raw source pixels without half-pixel shift; FULL_OPENCV raw pixels undistorted with the frozen 12 camera parameters; float64 linear DLT with fixed COLMAP [R|t]; finite homogeneous solution; positive depth in both cameras; reprojection with the original FULL_OPENCV distortion; max per-view raw source-pixel reprojection error <=2.0px,4640;229;5280;709,162;3416;882;3956,202412170908,202412170909,cross_acquisition_minute_block,56.884596,true,complete,,17,15,15,14,0,0,,,,,0.611695,phases/p2-gsjso/runs/20260719_boundary_map_v3/fm_dense_raw/4908049_rank09_raw_cheirality.npz,a68d2206daa808b077a9d46a21a30068a37e99f52a064dde05155fcb3065889a,0,1,0,R1prime-3_FM_dense_dial_2px,ad59820f39bd613434bc997694cbbb938b406252722a5672668aa0e999ae458d,3af60747ffde1a12a1edd7f17bcca152bbb7b557b06b04233f2f70b8014c0fe0
DEBY_LOD2_4908049,3,10,DJI_20241217090817_0011_D,DJI_20241217090815_0010_D,projected_footprint,p0_full_opencv_text,phases/p0-audit/data/work/images/Images,FULL_OPENCV,phases/p0-audit/data/work/colmap/sparse/0/cameras.txt,phases/p0-audit/data/work/colmap/sparse/0/images.txt,phases/p0-audit/data/work/opf/opf/scene_reference_frame.json,canonical_local_xyz,crop pixels mapped to raw source pixels without half-pixel shift; FULL_OPENCV raw pixels undistorted with the frozen 12 camera parameters; float64 linear DLT with fixed COLMAP [R|t]; finite homogeneous solution; positive depth in both cameras; reprojection with the original FULL_OPENCV distortion; max per-view raw source-pixel reprojection error <=2.0px,4624;639;5280;1131,4640;229;5280;709,202412170908,202412170908,same_acquisition_minute_block,9.451597,false,excluded_pair,same_acquisition_minute_block,2394,2206,2206,2206,2205,348,-41.298777,0.061503,-41.298777,0.061503,0.678606,phases/p2-gsjso/runs/20260719_boundary_map_v3/fm_dense_raw/4908049_rank10_raw_cheirality.npz,06db83484e6a586d1faf3a89c08d08061b9870283b4ba0923cf23892f5e7d0a8,0,1,0,R1prime-3_FM_dense_dial_2px,c585ef2502af3480c8c976c1ad8861b40f77eaea82091790ece43086d00f177c,3af60747ffde1a12a1edd7f17bcca152bbb7b557b06b04233f2f70b8014c0fe0
DEBY_LOD2_4908162,4,1,DJI_20241217084849_0188_D,DJI_20241217084805_0166_D,projected_footprint,p0_full_opencv_text,phases/p0-audit/data/work/images/Images,FULL_OPENCV,phases/p0-audit/data/work/colmap/sparse/0/cameras.txt,phases/p0-audit/data/work/colmap/sparse/0/images.txt,phases/p0-audit/data/work/opf/opf/scene_reference_frame.json,canonical_local_xyz,crop pixels mapped to raw source pixels without half-pixel shift; FULL_OPENCV raw pixels undistorted with the frozen 12 camera parameters; float64 linear DLT with fixed COLMAP [R|t]; finite homogeneous solution; positive depth in both cameras; reprojection with the original FULL_OPENCV distortion; max per-view raw source-pixel reprojection error <=2.0px,2597;1944;4885;3660,206;291;1838;1515,202412170848,202412170848,same_acquisition_minute_block,158.491046,false,excluded_pair,same_acquisition_minute_block,76,44,44,44,0,0,,,,,0.673475,phases/p2-gsjso/runs/20260719_boundary_map_v3/fm_dense_raw/4908162_rank01_raw_cheirality.npz,6c2f7e0052770ad6457d1a090e1a562be6a96699eb93b8fee8b23c289ebab925,0,1,0,R1prime-3_FM_dense_dial_2px,91a0ab4d9bf79488c630e8ad421b4d1a1240f60efca9270c8a5f5237d3e00a49,3af60747ffde1a12a1edd7f17bcca152bbb7b557b06b04233f2f70b8014c0fe0
DEBY_LOD2_4908162,4,2,DJI_20241217084849_0188_D,DJI_20241217084743_0155_D,projected_footprint,p0_full_opencv_text,phases/p0-audit/data/work/images/Images,FULL_OPENCV,phases/p0-audit/data/work/colmap/sparse/0/cameras.txt,phases/p0-audit/data/work/colmap/sparse/0/images.txt,phases/p0-audit/data/work/opf/opf/scene_reference_frame.json,canonical_local_xyz,crop pixels mapped to raw source pixels without half-pixel shift; FULL_OPENCV raw pixels undistorted with the frozen 12 camera parameters; float64 linear DLT with fixed COLMAP [R|t]; finite homogeneous solution; positive depth in both cameras; reprojection with the original FULL_OPENCV distortion; max per-view raw source-pixel reprojection error <=2.0px,2597;1944;4885;3660,248;1745;2424;3377,202412170848,202412170847,cross_acquisition_minute_block,117.040076,true,complete,,8,3,3,3,0,0,,,,,0.682392,phases/p2-gsjso/runs/20260719_boundary_map_v3/fm_dense_raw/4908162_rank02_raw_cheirality.npz,4fec7352529f7c853db7ef320745e533f198828450279b43160078ef28d1a577,0,1,0,R1prime-3_FM_dense_dial_2px,f23a12eb109182598377765a507c199cbed40b120dd1146b1908f08c7f908c57,3af60747ffde1a12a1edd7f17bcca152bbb7b557b06b04233f2f70b8014c0fe0
DEBY_LOD2_4908162,4,3,DJI_20241217084849_0188_D,DJI_20241217084741_0154_D,projected_footprint,p0_full_opencv_text,phases/p0-audit/data/work/images/Images,FULL_OPENCV,phases/p0-audit/data/work/colmap/sparse/0/cameras.txt,phases/p0-audit/data/work/colmap/sparse/0/images.txt,phases/p0-audit/data/work/opf/opf/scene_reference_frame.json,canonical_local_xyz,crop pixels mapped to raw source pixels without half-pixel shift; FULL_OPENCV raw pixels undistorted with the frozen 12 camera parameters; float64 linear DLT with fixed COLMAP [R|t]; finite homogeneous solution; positive depth in both cameras; reprojection with the original FULL_OPENCV distortion; max per-view raw source-pixel reprojection error <=2.0px,2597;1944;4885;3660,16;1816;2016;3316,202412170848,202412170847,cross_acquisition_minute_block,107.608694,true,complete,,2,0,0,0,0,0,,,,,0.657214,phases/p2-gsjso/runs/20260719_boundary_map_v3/fm_dense_raw/4908162_rank03_raw_cheirality.npz,b24f581603ac7751d22bc4b6ba24270dd8207ebdd22c3b7fb2fe14cb8cc70444,0,1,0,R1prime-3_FM_dense_dial_2px,db4f9a551c260d2e88a4375edf663d8d8c82ccf950adb23b2c7d3c7cf4cbb34a,3af60747ffde1a12a1edd7f17bcca152bbb7b557b06b04233f2f70b8014c0fe0
DEBY_LOD2_4908162,4,4,DJI_20241217084805_0166_D,DJI_20241217084733_0150_D,projected_footprint,p0_full_opencv_text,phases/p0-audit/data/work/images/Images,FULL_OPENCV,phases/p0-audit/data/work/colmap/sparse/0/cameras.txt,phases/p0-audit/data/work/colmap/sparse/0/images.txt,phases/p0-audit/data/work/opf/opf/scene_reference_frame.json,canonical_local_xyz,crop pixels mapped to raw source pixels without half-pixel shift; FULL_OPENCV raw pixels undistorted with the frozen 12 camera parameters; float64 linear DLT with fixed COLMAP [R|t]; finite homogeneous solution; positive depth in both cameras; reprojection with the original FULL_OPENCV distortion; max per-view raw source-pixel reprojection error <=2.0px,206;291;1838;1515,0;1015;2464;2863,202412170848,202412170847,cross_acquisition_minute_block,100.255690,true,complete,,15,4,4,3,0,0,,,,,0.678740,phases/p2-gsjso/runs/20260719_boundary_map_v3/fm_dense_raw/4908162_rank04_raw_cheirality.npz,26ce4cf3a00cdce26432256f4ea698dd220da5a8f03f0afb15c84e36da5eee24,0,1,0,R1prime-3_FM_dense_dial_2px,4c48c5dfe4ec54ca083feeb5d0d45651601849b69612d31f7906d2f90aefb757,3af60747ffde1a12a1edd7f17bcca152bbb7b557b06b04233f2f70b8014c0fe0
DEBY_LOD2_4908162,4,5,DJI_20241217084849_0188_D,DJI_20241217084733_0150_D,projected_footprint,p0_full_opencv_text,phases/p0-audit/data/work/images/Images,FULL_OPENCV,phases/p0-audit/data/work/colmap/sparse/0/cameras.txt,phases/p0-audit/data/work/colmap/sparse/0/images.txt,phases/p0-audit/data/work/opf/opf/scene_reference_frame.json,canonical_local_xyz,crop pixels mapped to raw source pixels without half-pixel shift; FULL_OPENCV raw pixels undistorted with the frozen 12 camera parameters; float64 linear DLT with fixed COLMAP [R|t]; finite homogeneous solution; positive depth in both cameras; reprojection with the original FULL_OPENCV distortion; max per-view raw source-pixel reprojection error <=2.0px,2597;1944;4885;3660,0;1015;2464;2863,202412170848,202412170847,cross_acquisition_minute_block,72.576557,true,complete,,26,20,20,20,0,0,,,,,0.680765,phases/p2-gsjso/runs/20260719_boundary_map_v3/fm_dense_raw/4908162_rank05_raw_cheirality.npz,182a54823d16e9326b7a52d2c37c58834e61220d2b4767066c61f2a14cc31aea,0,1,0,R1prime-3_FM_dense_dial_2px,77e2452ad4727429c95d3e6cd821632ef4319e02c35c3cbe78552ba7af08b103,3af60747ffde1a12a1edd7f17bcca152bbb7b557b06b04233f2f70b8014c0fe0
DEBY_LOD2_4908162,4,6,DJI_20241217084805_0166_D,DJI_20241217084741_0154_D,projected_footprint,p0_full_opencv_text,phases/p0-audit/data/work/images/Images,FULL_OPENCV,phases/p0-audit/data/work/colmap/sparse/0/cameras.txt,phases/p0-audit/data/work/colmap/sparse/0/images.txt,phases/p0-audit/data/work/opf/opf/scene_reference_frame.json,canonical_local_xyz,crop pixels mapped to raw source pixels without half-pixel shift; FULL_OPENCV raw pixels undistorted with the frozen 12 camera parameters; float64 linear DLT with fixed COLMAP [R|t]; finite homogeneous solution; positive depth in both cameras; reprojection with the original FULL_OPENCV distortion; max per-view raw source-pixel reprojection error <=2.0px,206;291;1838;1515,16;1816;2016;3316,202412170848,202412170847,cross_acquisition_minute_block,62.113390,true,complete,,9,6,6,4,0,0,,,,,0.652751,phases/p2-gsjso/runs/20260719_boundary_map_v3/fm_dense_raw/4908162_rank06_raw_cheirality.npz,84d240cede9acc6068b7bb458073da55091fb27974f1a3f70441dd3b5803acb9,0,1,0,R1prime-3_FM_dense_dial_2px,3eb7dd44185cc26d475fc076d5714ee8d456032031923a14d25d2c5078f71be8,3af60747ffde1a12a1edd7f17bcca152bbb7b557b06b04233f2f70b8014c0fe0
DEBY_LOD2_4908162,4,7,DJI_20241217084805_0166_D,DJI_20241217084743_0155_D,projected_footprint,p0_full_opencv_text,phases/p0-audit/data/work/images/Images,FULL_OPENCV,phases/p0-audit/data/work/colmap/sparse/0/cameras.txt,phases/p0-audit/data/work/colmap/sparse/0/images.txt,phases/p0-audit/data/work/opf/opf/scene_reference_frame.json,canonical_local_xyz,crop pixels mapped to raw source pixels without half-pixel shift; FULL_OPENCV raw pixels undistorted with the frozen 12 camera parameters; float64 linear DLT with fixed COLMAP [R|t]; finite homogeneous solution; positive depth in both cameras; reprojection with the original FULL_OPENCV distortion; max per-view raw source-pixel reprojection error <=2.0px,206;291;1838;1515,248;1745;2424;3377,202412170848,202412170847,cross_acquisition_minute_block,52.763395,true,complete,,24,15,15,4,0,0,,,,,0.691922,phases/p2-gsjso/runs/20260719_boundary_map_v3/fm_dense_raw/4908162_rank07_raw_cheirality.npz,b54d8ee8d25d5e2c05cdff6ab89a0f7609ae8d5ce20f8ca59b72ad174c35b6fe,0,1,0,R1prime-3_FM_dense_dial_2px,541752b5306d4e4de84528404c83322ea686af4be7934f7524a4d61ec4a2359d,3af60747ffde1a12a1edd7f17bcca152bbb7b557b06b04233f2f70b8014c0fe0
DEBY_LOD2_4908162,4,8,DJI_20241217084743_0155_D,DJI_20241217084733_0150_D,projected_footprint,p0_full_opencv_text,phases/p0-audit/data/work/images/Images,FULL_OPENCV,phases/p0-audit/data/work/colmap/sparse/0/cameras.txt,phases/p0-audit/data/work/colmap/sparse/0/images.txt,phases/p0-audit/data/work/opf/opf/scene_reference_frame.json,canonical_local_xyz,crop pixels mapped to raw source pixels without half-pixel shift; FULL_OPENCV raw pixels undistorted with the frozen 12 camera parameters; float64 linear DLT with fixed COLMAP [R|t]; finite homogeneous solution; positive depth in both cameras; reprojection with the original FULL_OPENCV distortion; max per-view raw source-pixel reprojection error <=2.0px,248;1745;2424;3377,0;1015;2464;2863,202412170847,202412170847,same_acquisition_minute_block,49.896411,false,excluded_pair,same_acquisition_minute_block,220,134,134,134,98,0,,,,,0.703627,phases/p2-gsjso/runs/20260719_boundary_map_v3/fm_dense_raw/4908162_rank08_raw_cheirality.npz,20139e20d4194ea7dee514b15c9837c5dd491d56f23ca111001ea062c486066d,0,1,0,R1prime-3_FM_dense_dial_2px,ff758b284c77348a6fa93aa9dd582753fb9dfac6a9d87d6299ce41ca6f7b0112,3af60747ffde1a12a1edd7f17bcca152bbb7b557b06b04233f2f70b8014c0fe0
DEBY_LOD2_4908162,4,9,DJI_20241217084741_0154_D,DJI_20241217084733_0150_D,projected_footprint,p0_full_opencv_text,phases/p0-audit/data/work/images/Images,FULL_OPENCV,phases/p0-audit/data/work/colmap/sparse/0/cameras.txt,phases/p0-audit/data/work/colmap/sparse/0/images.txt,phases/p0-audit/data/work/opf/opf/scene_reference_frame.json,canonical_local_xyz,crop pixels mapped to raw source pixels without half-pixel shift; FULL_OPENCV raw pixels undistorted with the frozen 12 camera parameters; float64 linear DLT with fixed COLMAP [R|t]; finite homogeneous solution; positive depth in both cameras; reprojection with the original FULL_OPENCV distortion; max per-view raw source-pixel reprojection error <=2.0px,16;1816;2016;3316,0;1015;2464;2863,202412170847,202412170847,same_acquisition_minute_block,39.749307,false,excluded_pair,same_acquisition_minute_block,709,493,493,493,285,0,,,,,0.697687,phases/p2-gsjso/runs/20260719_boundary_map_v3/fm_dense_raw/4908162_rank09_raw_cheirality.npz,e1b4eb324f58ee4f84d34e7a35a8050869567b4e12ed680136fd7dc92a31c767,0,1,0,R1prime-3_FM_dense_dial_2px,6a915be06d56525e49ff1cb8c8d6c6f7901566da0b5acbcb83f52fed8d2830af,3af60747ffde1a12a1edd7f17bcca152bbb7b557b06b04233f2f70b8014c0fe0
DEBY_LOD2_4908162,4,10,DJI_20241217084741_0154_D,DJI_20241217084743_0155_D,projected_footprint,p0_full_opencv_text,phases/p0-audit/data/work/images/Images,FULL_OPENCV,phases/p0-audit/data/work/colmap/sparse/0/cameras.txt,phases/p0-audit/data/work/colmap/sparse/0/images.txt,phases/p0-audit/data/work/opf/opf/scene_reference_frame.json,canonical_local_xyz,crop pixels mapped to raw source pixels without half-pixel shift; FULL_OPENCV raw pixels undistorted with the frozen 12 camera parameters; float64 linear DLT with fixed COLMAP [R|t]; finite homogeneous solution; positive depth in both cameras; reprojection with the original FULL_OPENCV distortion; max per-view raw source-pixel reprojection error <=2.0px,16;1816;2016;3316,248;1745;2424;3377,202412170847,202412170847,same_acquisition_minute_block,10.147114,false,excluded_pair,same_acquisition_minute_block,2106,1909,1909,1909,1392,0,,,,,0.702895,phases/p2-gsjso/runs/20260719_boundary_map_v3/fm_dense_raw/4908162_rank10_raw_cheirality.npz,25f39d45894370d9e65b339631c9f78aab347f93dde8c154d35f6e8caab4d82b,0,1,0,R1prime-3_FM_dense_dial_2px,ceee5a7ccec2dabb8d46e392eed595d795585116a67d8b8ad81ef31d6b88173e,3af60747ffde1a12a1edd7f17bcca152bbb7b557b06b04233f2f70b8014c0fe0
DEBY_LOD2_4907024,5,1,DJI_20241217090821_0013_D,DJI_20241217090911_0038_D,projected_footprint,p0_full_opencv_text,phases/p0-audit/data/work/images/Images,FULL_OPENCV,phases/p0-audit/data/work/colmap/sparse/0/cameras.txt,phases/p0-audit/data/work/colmap/sparse/0/images.txt,phases/p0-audit/data/work/opf/opf/scene_reference_frame.json,canonical_local_xyz,crop pixels mapped to raw source pixels without half-pixel shift; FULL_OPENCV raw pixels undistorted with the frozen 12 camera parameters; float64 linear DLT with fixed COLMAP [R|t]; finite homogeneous solution; positive depth in both cameras; reprojection with the original FULL_OPENCV distortion; max per-view raw source-pixel reprojection error <=2.0px,3264;562;5280;2074,199;305;4727;3701,202412170908,202412170909,cross_acquisition_minute_block,89.053406,true,complete,,5,4,4,0,0,0,,,,,0.787341,phases/p2-gsjso/runs/20260719_boundary_map_v3/fm_dense_raw/4907024_rank01_raw_cheirality.npz,ee441defede60522be8cdc8a5092ef997a10c90913b23eb9cc9f818c52ecc6fa,0,1,0,R1prime-3_FM_dense_dial_2px,fe10c1b33fd4dfd4127c44f2e97bcf8137f204fea6369f7443531b6f61b54ab3,3af60747ffde1a12a1edd7f17bcca152bbb7b557b06b04233f2f70b8014c0fe0
DEBY_LOD2_4907024,5,2,DJI_20241217090821_0013_D,DJI_20241217090915_0040_D,projected_footprint,p0_full_opencv_text,phases/p0-audit/data/work/images/Images,FULL_OPENCV,phases/p0-audit/data/work/colmap/sparse/0/cameras.txt,phases/p0-audit/data/work/colmap/sparse/0/images.txt,phases/p0-audit/data/work/opf/opf/scene_reference_frame.json,canonical_local_xyz,crop pixels mapped to raw source pixels without half-pixel shift; FULL_OPENCV raw pixels undistorted with the frozen 12 camera parameters; float64 linear DLT with fixed COLMAP [R|t]; finite homogeneous solution; positive depth in both cameras; reprojection with the original FULL_OPENCV distortion; max per-view raw source-pixel reprojection error <=2.0px,3264;562;5280;2074,52;194;4084;3218,202412170908,202412170909,cross_acquisition_minute_block,86.851742,true,complete,,5,2,2,0,0,0,,,,,0.727298,phases/p2-gsjso/runs/20260719_boundary_map_v3/fm_dense_raw/4907024_rank02_raw_cheirality.npz,1270471dffd925ddceb253af89999f02c1e4702d461e39541c583c1294b62421,0,1,0,R1prime-3_FM_dense_dial_2px,920b3a15145819549fead63ca00a799959bfbd5d77d82b51f24f5ce6733eac0e,3af60747ffde1a12a1edd7f17bcca152bbb7b557b06b04233f2f70b8014c0fe0
DEBY_LOD2_4907024,5,3,DJI_20241217090823_0014_D,DJI_20241217090911_0038_D,projected_footprint,p0_full_opencv_text,phases/p0-audit/data/work/images/Images,FULL_OPENCV,phases/p0-audit/data/work/colmap/sparse/0/cameras.txt,phases/p0-audit/data/work/colmap/sparse/0/images.txt,phases/p0-audit/data/work/opf/opf/scene_reference_frame.json,canonical_local_xyz,crop pixels mapped to raw source pixels without half-pixel shift; FULL_OPENCV raw pixels undistorted with the frozen 12 camera parameters; float64 linear DLT with fixed COLMAP [R|t]; finite homogeneous solution; positive depth in both cameras; reprojection with the original FULL_OPENCV distortion; max per-view raw source-pixel reprojection error <=2.0px,3232;1164;5280;2700,199;305;4727;3701,202412170908,202412170909,cross_acquisition_minute_block,80.242743,true,complete,,2,0,0,0,0,0,,,,,0.783897,phases/p2-gsjso/runs/20260719_boundary_map_v3/fm_dense_raw/4907024_rank03_raw_cheirality.npz,12889db00fc2a0ce50c25d4f25dab274b664f7ba455b053ddf7e6e0a3dd6c14e,0,1,0,R1prime-3_FM_dense_dial_2px,5625ad20da74fb21c1aeb738a8d4c1332515e2423f9e5cffb322a1adee2ac227,3af60747ffde1a12a1edd7f17bcca152bbb7b557b06b04233f2f70b8014c0fe0
DEBY_LOD2_4907024,5,4,DJI_20241217090823_0014_D,DJI_20241217090915_0040_D,projected_footprint,p0_full_opencv_text,phases/p0-audit/data/work/images/Images,FULL_OPENCV,phases/p0-audit/data/work/colmap/sparse/0/cameras.txt,phases/p0-audit/data/work/colmap/sparse/0/images.txt,phases/p0-audit/data/work/opf/opf/scene_reference_frame.json,canonical_local_xyz,crop pixels mapped to raw source pixels without half-pixel shift; FULL_OPENCV raw pixels undistorted with the frozen 12 camera parameters; float64 linear DLT with fixed COLMAP [R|t]; finite homogeneous solution; positive depth in both cameras; reprojection with the original FULL_OPENCV distortion; max per-view raw source-pixel reprojection error <=2.0px,3232;1164;5280;2700,52;194;4084;3218,202412170908,202412170909,cross_acquisition_minute_block,78.129519,true,complete,,3,0,0,0,0,0,,,,,0.724023,phases/p2-gsjso/runs/20260719_boundary_map_v3/fm_dense_raw/4907024_rank04_raw_cheirality.npz,0a6b37a6cdcb2699158832ba2d66fdcd2560bce02865814d0f2c843d59d1d548,0,1,0,R1prime-3_FM_dense_dial_2px,a897fee9f85d8e05746b3883bf4f1e24ec9dd1455ddc11eec27e1e300663dfb7,3af60747ffde1a12a1edd7f17bcca152bbb7b557b06b04233f2f70b8014c0fe0
DEBY_LOD2_4907024,5,5,DJI_20241217090825_0015_D,DJI_20241217090911_0038_D,projected_footprint,p0_full_opencv_text,phases/p0-audit/data/work/images/Images,FULL_OPENCV,phases/p0-audit/data/work/colmap/sparse/0/cameras.txt,phases/p0-audit/data/work/colmap/sparse/0/images.txt,phases/p0-audit/data/work/opf/opf/scene_reference_frame.json,canonical_local_xyz,crop pixels mapped to raw source pixels without half-pixel shift; FULL_OPENCV raw pixels undistorted with the frozen 12 camera parameters; float64 linear DLT with fixed COLMAP [R|t]; finite homogeneous solution; positive depth in both cameras; reprojection with the original FULL_OPENCV distortion; max per-view raw source-pixel reprojection error <=2.0px,3248;1786;5280;3310,199;305;4727;3701,202412170908,202412170909,cross_acquisition_minute_block,71.771638,true,complete,,3,1,1,0,0,0,,,,,0.782725,phases/p2-gsjso/runs/20260719_boundary_map_v3/fm_dense_raw/4907024_rank05_raw_cheirality.npz,bb4c3825805f4d30146b78d7905d70a23e2ff5808bf996e9d0cf4ee42ac510c6,0,1,0,R1prime-3_FM_dense_dial_2px,e720cc5a3da37c51bd180d061ad92229612a147ca3d2cc8a5aa0be31a46d5444,3af60747ffde1a12a1edd7f17bcca152bbb7b557b06b04233f2f70b8014c0fe0
DEBY_LOD2_4907024,5,6,DJI_20241217090825_0015_D,DJI_20241217090915_0040_D,projected_footprint,p0_full_opencv_text,phases/p0-audit/data/work/images/Images,FULL_OPENCV,phases/p0-audit/data/work/colmap/sparse/0/cameras.txt,phases/p0-audit/data/work/colmap/sparse/0/images.txt,phases/p0-audit/data/work/opf/opf/scene_reference_frame.json,canonical_local_xyz,crop pixels mapped to raw source pixels without half-pixel shift; FULL_OPENCV raw pixels undistorted with the frozen 12 camera parameters; float64 linear DLT with fixed COLMAP [R|t]; finite homogeneous solution; positive depth in both cameras; reprojection with the original FULL_OPENCV distortion; max per-view raw source-pixel reprojection error <=2.0px,3248;1786;5280;3310,52;194;4084;3218,202412170908,202412170909,cross_acquisition_minute_block,69.778556,true,complete,,1,0,0,0,0,0,,,,,0.760089,phases/p2-gsjso/runs/20260719_boundary_map_v3/fm_dense_raw/4907024_rank06_raw_cheirality.npz,22ec7fbc0ca5a440cefee774d9b26218db3d0bba28b57b51c65d0c22dabc5287,0,1,0,R1prime-3_FM_dense_dial_2px,355414509c1d001cad949ab8781055545888769879b55c721c7057076097d918,3af60747ffde1a12a1edd7f17bcca152bbb7b557b06b04233f2f70b8014c0fe0
DEBY_LOD2_4907024,5,7,DJI_20241217090821_0013_D,DJI_20241217090825_0015_D,projected_footprint,p0_full_opencv_text,phases/p0-audit/data/work/images/Images,FULL_OPENCV,phases/p0-audit/data/work/colmap/sparse/0/cameras.txt,phases/p0-audit/data/work/colmap/sparse/0/images.txt,phases/p0-audit/data/work/opf/opf/scene_reference_frame.json,canonical_local_xyz,crop pixels mapped to raw source pixels without half-pixel shift; FULL_OPENCV raw pixels undistorted with the frozen 12 camera parameters; float64 linear DLT with fixed COLMAP [R|t]; finite homogeneous solution; positive depth in both cameras; reprojection with the original FULL_OPENCV distortion; max per-view raw source-pixel reprojection error <=2.0px,3264;562;5280;2074,3248;1786;5280;3310,202412170908,202412170908,same_acquisition_minute_block,20.264965,false,excluded_pair,same_acquisition_minute_block,2792,2677,2677,2677,2560,1190,-24.395414,1.370855,-24.395414,1.370855,0.715245,phases/p2-gsjso/runs/20260719_boundary_map_v3/fm_dense_raw/4907024_rank07_raw_cheirality.npz,24df41966391de9bfbd1be69c484e75dea4cfdd691299c91c8ae75ce3e786e6b,0,1,0,R1prime-3_FM_dense_dial_2px,8e9174dc26fde43b065a218ec9baac824992ab754ca29f7b4d0828d643750eae,3af60747ffde1a12a1edd7f17bcca152bbb7b557b06b04233f2f70b8014c0fe0
DEBY_LOD2_4907024,5,8,DJI_20241217090823_0014_D,DJI_20241217090821_0013_D,projected_footprint,p0_full_opencv_text,phases/p0-audit/data/work/images/Images,FULL_OPENCV,phases/p0-audit/data/work/colmap/sparse/0/cameras.txt,phases/p0-audit/data/work/colmap/sparse/0/images.txt,phases/p0-audit/data/work/opf/opf/scene_reference_frame.json,canonical_local_xyz,crop pixels mapped to raw source pixels without half-pixel shift; FULL_OPENCV raw pixels undistorted with the frozen 12 camera parameters; float64 linear DLT with fixed COLMAP [R|t]; finite homogeneous solution; positive depth in both cameras; reprojection with the original FULL_OPENCV distortion; max per-view raw source-pixel reprojection error <=2.0px,3232;1164;5280;2700,3264;562;5280;2074,202412170908,202412170908,same_acquisition_minute_block,10.137281,false,excluded_pair,same_acquisition_minute_block,2919,2759,2759,2759,2693,1182,-24.400183,1.260519,-24.400183,1.260519,0.721328,phases/p2-gsjso/runs/20260719_boundary_map_v3/fm_dense_raw/4907024_rank08_raw_cheirality.npz,7c4fb4b8235cc9e09d4e14d17b6738e1cbf7bfba520341d60a491db64c303066,0,1,0,R1prime-3_FM_dense_dial_2px,193ba6bb16515ec8d3f91a1e93d69b378ab41ee414148e88a1dda9b6ec09d8de,3af60747ffde1a12a1edd7f17bcca152bbb7b557b06b04233f2f70b8014c0fe0
DEBY_LOD2_4907024,5,9,DJI_20241217090823_0014_D,DJI_20241217090825_0015_D,projected_footprint,p0_full_opencv_text,phases/p0-audit/data/work/images/Images,FULL_OPENCV,phases/p0-audit/data/work/colmap/sparse/0/cameras.txt,phases/p0-audit/data/work/colmap/sparse/0/images.txt,phases/p0-audit/data/work/opf/opf/scene_reference_frame.json,canonical_local_xyz,crop pixels mapped to raw source pixels without half-pixel shift; FULL_OPENCV raw pixels undistorted with the frozen 12 camera parameters; float64 linear DLT with fixed COLMAP [R|t]; finite homogeneous solution; positive depth in both cameras; reprojection with the original FULL_OPENCV distortion; max per-view raw source-pixel reprojection error <=2.0px,3232;1164;5280;2700,3248;1786;5280;3310,202412170908,202412170908,same_acquisition_minute_block,10.127749,false,excluded_pair,same_acquisition_minute_block,2968,2875,2875,2875,2689,1251,-24.850564,1.681319,-24.850564,1.681319,0.728220,phases/p2-gsjso/runs/20260719_boundary_map_v3/fm_dense_raw/4907024_rank09_raw_cheirality.npz,c902d6f63fd6bd43910c5291667e98051aee13d8954edc9c722a916f88a48a0a,0,1,0,R1prime-3_FM_dense_dial_2px,e45af621c7ddbe3561daa2bef73d26a066e398b9b82fcd6c112bce258fcd2011,3af60747ffde1a12a1edd7f17bcca152bbb7b557b06b04233f2f70b8014c0fe0
DEBY_LOD2_4907024,5,10,DJI_20241217090915_0040_D,DJI_20241217090911_0038_D,projected_footprint,p0_full_opencv_text,phases/p0-audit/data/work/images/Images,FULL_OPENCV,phases/p0-audit/data/work/colmap/sparse/0/cameras.txt,phases/p0-audit/data/work/colmap/sparse/0/images.txt,phases/p0-audit/data/work/opf/opf/scene_reference_frame.json,canonical_local_xyz,crop pixels mapped to raw source pixels without half-pixel shift; FULL_OPENCV raw pixels undistorted with the frozen 12 camera parameters; float64 linear DLT with fixed COLMAP [R|t]; finite homogeneous solution; positive depth in both cameras; reprojection with the original FULL_OPENCV distortion; max per-view raw source-pixel reprojection error <=2.0px,52;194;4084;3218,199;305;4727;3701,202412170909,202412170909,same_acquisition_minute_block,2.602471,false,excluded_pair,same_acquisition_minute_block,2876,2742,2742,2741,2007,0,,,,,0.920235,phases/p2-gsjso/runs/20260719_boundary_map_v3/fm_dense_raw/4907024_rank10_raw_cheirality.npz,70c7b94b4678e7c91571a4a62566d3048a3d1532b3e4129f0939f1aef1c72f07,0,1,0,R1prime-3_FM_dense_dial_2px,71bbd006fc7de3896de189eff717daae114ead7d05d20ecaa0c0980dee3beca8,3af60747ffde1a12a1edd7f17bcca152bbb7b557b06b04233f2f70b8014c0fe0
DEBY_LOD2_4907018,6,1,DJI_20241217090927_0046_D,DJI_20241217101554_0014_D,projected_footprint,p0_full_opencv_text,phases/p0-audit/data/work/images/Images,FULL_OPENCV,phases/p0-audit/data/work/colmap/sparse/0/cameras.txt,phases/p0-audit/data/work/colmap/sparse/0/images.txt,phases/p0-audit/data/work/opf/opf/scene_reference_frame.json,canonical_local_xyz,crop pixels mapped to raw source pixels without half-pixel shift; FULL_OPENCV raw pixels undistorted with the frozen 12 camera parameters; float64 linear DLT with fixed COLMAP [R|t]; finite homogeneous solution; positive depth in both cameras; reprojection with the original FULL_OPENCV distortion; max per-view raw source-pixel reprojection error <=2.0px,0;114;4064;3162,2827;744;4267;1824,202412170909,202412171015,cross_acquisition_minute_block,260.638078,true,complete,,2,0,0,0,0,0,,,,,0.727336,phases/p2-gsjso/runs/20260719_boundary_map_v3/fm_dense_raw/4907018_rank01_raw_cheirality.npz,6cf5f459554a3d52de50e563c85e2bc0499abbab753337667dceb6e6716a2a6d,0,1,0,R1prime-3_FM_dense_dial_2px,72c44eec508c692d62a396ef5b4a835268c7b3f2e674ff68c50741712dc7e69e,3af60747ffde1a12a1edd7f17bcca152bbb7b557b06b04233f2f70b8014c0fe0
DEBY_LOD2_4907018,6,2,DJI_20241217090927_0046_D,DJI_20241217101552_0013_D,projected_footprint,p0_full_opencv_text,phases/p0-audit/data/work/images/Images,FULL_OPENCV,phases/p0-audit/data/work/colmap/sparse/0/cameras.txt,phases/p0-audit/data/work/colmap/sparse/0/images.txt,phases/p0-audit/data/work/opf/opf/scene_reference_frame.json,canonical_local_xyz,crop pixels mapped to raw source pixels without half-pixel shift; FULL_OPENCV raw pixels undistorted with the frozen 12 camera parameters; float64 linear DLT with fixed COLMAP [R|t]; finite homogeneous solution; positive depth in both cameras; reprojection with the original FULL_OPENCV distortion; max per-view raw source-pixel reprojection error <=2.0px,0;114;4064;3162,3084;610;4444;1630,202412170909,202412171015,cross_acquisition_minute_block,257.829397,true,complete,,6,2,2,2,0,0,,,,,0.733118,phases/p2-gsjso/runs/20260719_boundary_map_v3/fm_dense_raw/4907018_rank02_raw_cheirality.npz,bf5d8df548734aa26fbf937f564f67243a0a4c6c5b3a5a4e9bc1a9e8fb7f1415,0,1,0,R1prime-3_FM_dense_dial_2px,24f735ef67188619fadfbf6fe84b8aabd81d9d0e0ef5f5c357c3a117a7cda1b9,3af60747ffde1a12a1edd7f17bcca152bbb7b557b06b04233f2f70b8014c0fe0
DEBY_LOD2_4907018,6,3,DJI_20241217090927_0046_D,DJI_20241217101357_0031_D,projected_footprint,p0_full_opencv_text,phases/p0-audit/data/work/images/Images,FULL_OPENCV,phases/p0-audit/data/work/colmap/sparse/0/cameras.txt,phases/p0-audit/data/work/colmap/sparse/0/images.txt,phases/p0-audit/data/work/opf/opf/scene_reference_frame.json,canonical_local_xyz,crop pixels mapped to raw source pixels without half-pixel shift; FULL_OPENCV raw pixels undistorted with the frozen 12 camera parameters; float64 linear DLT with fixed COLMAP [R|t]; finite homogeneous solution; positive depth in both cameras; reprojection with the original FULL_OPENCV distortion; max per-view raw source-pixel reprojection error <=2.0px,0;114;4064;3162,3394;630;3730;882,202412170909,202412171013,cross_acquisition_minute_block,230.312846,true,complete,,29,23,23,23,0,0,,,,,0.685819,phases/p2-gsjso/runs/20260719_boundary_map_v3/fm_dense_raw/4907018_rank03_raw_cheirality.npz,57ea14d015e3fde1bd233a8717dc50bf9fb0e798f2fb680140c908a3cf48774a,0,1,0,R1prime-3_FM_dense_dial_2px,0b45ed9fafe584e72af44c1c386d2965d0a7567616ace07f2681ed0e528163e2,3af60747ffde1a12a1edd7f17bcca152bbb7b557b06b04233f2f70b8014c0fe0
DEBY_LOD2_4907018,6,4,DJI_20241217090927_0046_D,DJI_20241217103613_0076_D,projected_footprint,p0_full_opencv_text,phases/p0-audit/data/work/images/Images,FULL_OPENCV,phases/p0-audit/data/work/colmap/sparse/0/cameras.txt,phases/p0-audit/data/work/colmap/sparse/0/images.txt,phases/p0-audit/data/work/opf/opf/scene_reference_frame.json,canonical_local_xyz,crop pixels mapped to raw source pixels without half-pixel shift; FULL_OPENCV raw pixels undistorted with the frozen 12 camera parameters; float64 linear DLT with fixed COLMAP [R|t]; finite homogeneous solution; positive depth in both cameras; reprojection with the original FULL_OPENCV distortion; max per-view raw source-pixel reprojection error <=2.0px,0;114;4064;3162,676;616;2276;1816,202412170909,202412171036,cross_acquisition_minute_block,172.588182,true,complete,,384,334,334,334,0,0,,,,,0.812548,phases/p2-gsjso/runs/20260719_boundary_map_v3/fm_dense_raw/4907018_rank04_raw_cheirality.npz,568664771e4cd1b28e316e57643aa308362ec9327cbe991e956417da5f7bc6ea,0,1,0,R1prime-3_FM_dense_dial_2px,4933e9026232ac3270f6f7b3b7dcc959130f54780d59902fd43dfbbe9473b328,3af60747ffde1a12a1edd7f17bcca152bbb7b557b06b04233f2f70b8014c0fe0
DEBY_LOD2_4907018,6,5,DJI_20241217103613_0076_D,DJI_20241217101554_0014_D,projected_footprint,p0_full_opencv_text,phases/p0-audit/data/work/images/Images,FULL_OPENCV,phases/p0-audit/data/work/colmap/sparse/0/cameras.txt,phases/p0-audit/data/work/colmap/sparse/0/images.txt,phases/p0-audit/data/work/opf/opf/scene_reference_frame.json,canonical_local_xyz,crop pixels mapped to raw source pixels without half-pixel shift; FULL_OPENCV raw pixels undistorted with the frozen 12 camera parameters; float64 linear DLT with fixed COLMAP [R|t]; finite homogeneous solution; positive depth in both cameras; reprojection with the original FULL_OPENCV distortion; max per-view raw source-pixel reprojection error <=2.0px,676;616;2276;1816,2827;744;4267;1824,202412171036,202412171015,cross_acquisition_minute_block,116.129741,true,complete,,3,1,1,1,0,0,,,,,0.617304,phases/p2-gsjso/runs/20260719_boundary_map_v3/fm_dense_raw/4907018_rank05_raw_cheirality.npz,dc4981afaeff511561cd58468f968971f8e40c5da708c28968ded17b00505054,0,1,0,R1prime-3_FM_dense_dial_2px,4c3abe3c9d43471040c780db9b33aabd6691f29bf3797abc8845c28d79f2ee95,3af60747ffde1a12a1edd7f17bcca152bbb7b557b06b04233f2f70b8014c0fe0
DEBY_LOD2_4907018,6,6,DJI_20241217103613_0076_D,DJI_20241217101552_0013_D,projected_footprint,p0_full_opencv_text,phases/p0-audit/data/work/images/Images,FULL_OPENCV,phases/p0-audit/data/work/colmap/sparse/0/cameras.txt,phases/p0-audit/data/work/colmap/sparse/0/images.txt,phases/p0-audit/data/work/opf/opf/scene_reference_frame.json,canonical_local_xyz,crop pixels mapped to raw source pixels without half-pixel shift; FULL_OPENCV raw pixels undistorted with the frozen 12 camera parameters; float64 linear DLT with fixed COLMAP [R|t]; finite homogeneous solution; positive depth in both cameras; reprojection with the original FULL_OPENCV distortion; max per-view raw source-pixel reprojection error <=2.0px,676;616;2276;1816,3084;610;4444;1630,202412171036,202412171015,cross_acquisition_minute_block,115.337941,true,complete,,25,16,16,16,0,0,,,,,0.640653,phases/p2-gsjso/runs/20260719_boundary_map_v3/fm_dense_raw/4907018_rank06_raw_cheirality.npz,ad0bf96c97599751c292e6db79925cf75a4a6fb977fcb919030c28a19c334122,0,1,0,R1prime-3_FM_dense_dial_2px,f76ec10b432fca996c7aa14fe39f10fab2a6e8f925a7a9738386a69538dd1c7d,3af60747ffde1a12a1edd7f17bcca152bbb7b557b06b04233f2f70b8014c0fe0
DEBY_LOD2_4907018,6,7,DJI_20241217103613_0076_D,DJI_20241217101357_0031_D,projected_footprint,p0_full_opencv_text,phases/p0-audit/data/work/images/Images,FULL_OPENCV,phases/p0-audit/data/work/colmap/sparse/0/cameras.txt,phases/p0-audit/data/work/colmap/sparse/0/images.txt,phases/p0-audit/data/work/opf/opf/scene_reference_frame.json,canonical_local_xyz,crop pixels mapped to raw source pixels without half-pixel shift; FULL_OPENCV raw pixels undistorted with the frozen 12 camera parameters; float64 linear DLT with fixed COLMAP [R|t]; finite homogeneous solution; positive depth in both cameras; reprojection with the original FULL_OPENCV distortion; max per-view raw source-pixel reprojection error <=2.0px,676;616;2276;1816,3394;630;3730;882,202412171036,202412171013,cross_acquisition_minute_block,97.277806,true,complete,,187,144,144,144,0,0,,,,,0.643617,phases/p2-gsjso/runs/20260719_boundary_map_v3/fm_dense_raw/4907018_rank07_raw_cheirality.npz,7085dd356750123986f49a9aa009ced28527da8138bab9d8874c07931147626f,0,1,0,R1prime-3_FM_dense_dial_2px,cb26fbaccbc34dbd5e65b61bc67e0391d1a759549561ef00c26f9370b1935424,3af60747ffde1a12a1edd7f17bcca152bbb7b557b06b04233f2f70b8014c0fe0
DEBY_LOD2_4907018,6,8,DJI_20241217101554_0014_D,DJI_20241217101357_0031_D,projected_footprint,p0_full_opencv_text,phases/p0-audit/data/work/images/Images,FULL_OPENCV,phases/p0-audit/data/work/colmap/sparse/0/cameras.txt,phases/p0-audit/data/work/colmap/sparse/0/images.txt,phases/p0-audit/data/work/opf/opf/scene_reference_frame.json,canonical_local_xyz,crop pixels mapped to raw source pixels without half-pixel shift; FULL_OPENCV raw pixels undistorted with the frozen 12 camera parameters; float64 linear DLT with fixed COLMAP [R|t]; finite homogeneous solution; positive depth in both cameras; reprojection with the original FULL_OPENCV distortion; max per-view raw source-pixel reprojection error <=2.0px,2827;744;4267;1824,3394;630;3730;882,202412171015,202412171013,cross_acquisition_minute_block,34.324956,true,complete,,10,7,7,0,0,0,,,,,0.615607,phases/p2-gsjso/runs/20260719_boundary_map_v3/fm_dense_raw/4907018_rank08_raw_cheirality.npz,72517ce8c8d2f3f3b08c957d2631f9ab96f1b1a01a38cb6423facd0bfbc26c77,0,1,0,R1prime-3_FM_dense_dial_2px,c03ebace21e19ed8685827b3d24891a36f6ee894a4ac58bccb4a41c9dd5cf581,3af60747ffde1a12a1edd7f17bcca152bbb7b557b06b04233f2f70b8014c0fe0
DEBY_LOD2_4907018,6,9,DJI_20241217101552_0013_D,DJI_20241217101357_0031_D,projected_footprint,p0_full_opencv_text,phases/p0-audit/data/work/images/Images,FULL_OPENCV,phases/p0-audit/data/work/colmap/sparse/0/cameras.txt,phases/p0-audit/data/work/colmap/sparse/0/images.txt,phases/p0-audit/data/work/opf/opf/scene_reference_frame.json,canonical_local_xyz,crop pixels mapped to raw source pixels without half-pixel shift; FULL_OPENCV raw pixels undistorted with the frozen 12 camera parameters; float64 linear DLT with fixed COLMAP [R|t]; finite homogeneous solution; positive depth in both cameras; reprojection with the original FULL_OPENCV distortion; max per-view raw source-pixel reprojection error <=2.0px,3084;610;4444;1630,3394;630;3730;882,202412171015,202412171013,cross_acquisition_minute_block,30.923263,true,complete,,21,20,20,0,0,0,,,,,0.618852,phases/p2-gsjso/runs/20260719_boundary_map_v3/fm_dense_raw/4907018_rank09_raw_cheirality.npz,153c5f54b1a7cee35322a8e13995790ab5f1c9c50ba53aa853ec4a4f079e81c3,0,1,0,R1prime-3_FM_dense_dial_2px,aa4d52484b52c86a288527552a35eb2b00c38263a60a2d92a2406280772be628,3af60747ffde1a12a1edd7f17bcca152bbb7b557b06b04233f2f70b8014c0fe0
DEBY_LOD2_4907018,6,10,DJI_20241217101552_0013_D,DJI_20241217101554_0014_D,projected_footprint,p0_full_opencv_text,phases/p0-audit/data/work/images/Images,FULL_OPENCV,phases/p0-audit/data/work/colmap/sparse/0/cameras.txt,phases/p0-audit/data/work/colmap/sparse/0/images.txt,phases/p0-audit/data/work/opf/opf/scene_reference_frame.json,canonical_local_xyz,crop pixels mapped to raw source pixels without half-pixel shift; FULL_OPENCV raw pixels undistorted with the frozen 12 camera parameters; float64 linear DLT with fixed COLMAP [R|t]; finite homogeneous solution; positive depth in both cameras; reprojection with the original FULL_OPENCV distortion; max per-view raw source-pixel reprojection error <=2.0px,3084;610;4444;1630,2827;744;4267;1824,202412171015,202412171015,same_acquisition_minute_block,4.172081,false,excluded_pair,same_acquisition_minute_block,2022,1867,1867,1867,1867,0,,,,,0.670036,phases/p2-gsjso/runs/20260719_boundary_map_v3/fm_dense_raw/4907018_rank10_raw_cheirality.npz,6f88e656b2b61d9b91e141714592cd9c933c67220dd436d2807ea15e124d7f74,0,1,0,R1prime-3_FM_dense_dial_2px,a6080971ec829f1612fb1a26591d6ee30068411b361984c483e38461cf23730d,3af60747ffde1a12a1edd7f17bcca152bbb7b557b06b04233f2f70b8014c0fe0
DEBY_LOD2_4908169,7,1,DJI_20241217084843_0185_D,DJI_20241217084851_0189_D,projected_footprint,p0_full_opencv_text,phases/p0-audit/data/work/images/Images,FULL_OPENCV,phases/p0-audit/data/work/colmap/sparse/0/cameras.txt,phases/p0-audit/data/work/colmap/sparse/0/images.txt,phases/p0-audit/data/work/opf/opf/scene_reference_frame.json,canonical_local_xyz,crop pixels mapped to raw source pixels without half-pixel shift; FULL_OPENCV raw pixels undistorted with the frozen 12 camera parameters; float64 linear DLT with fixed COLMAP [R|t]; finite homogeneous solution; positive depth in both cameras; reprojection with the original FULL_OPENCV distortion; max per-view raw source-pixel reprojection error <=2.0px,4379;515;4795;827,4801;2354;5249;2690,202412170848,202412170848,same_acquisition_minute_block,39.865419,false,excluded_pair,same_acquisition_minute_block,916,835,835,835,333,148,-36.702022,0.162015,-36.702022,0.162015,0.675679,phases/p2-gsjso/runs/20260719_boundary_map_v3/fm_dense_raw/4908169_rank01_raw_cheirality.npz,22ba336acbf21403bf6f35aa9d594a83c0592f48d40d15a5edf9046db70c9bdc,0,1,0,R1prime-3_FM_dense_dial_2px,0e7a6b52a3fca672f8effcb19e7b867fc588bc19ef2da0ec6c3440dec25c3782,3af60747ffde1a12a1edd7f17bcca152bbb7b557b06b04233f2f70b8014c0fe0
DEBY_LOD2_4908169,7,2,DJI_20241217084845_0186_D,DJI_20241217084851_0189_D,projected_footprint,p0_full_opencv_text,phases/p0-audit/data/work/images/Images,FULL_OPENCV,phases/p0-audit/data/work/colmap/sparse/0/cameras.txt,phases/p0-audit/data/work/colmap/sparse/0/images.txt,phases/p0-audit/data/work/opf/opf/scene_reference_frame.json,canonical_local_xyz,crop pixels mapped to raw source pixels without half-pixel shift; FULL_OPENCV raw pixels undistorted with the frozen 12 camera parameters; float64 linear DLT with fixed COLMAP [R|t]; finite homogeneous solution; positive depth in both cameras; reprojection with the original FULL_OPENCV distortion; max per-view raw source-pixel reprojection error <=2.0px,4495;957;4927;1281,4801;2354;5249;2690,202412170848,202412170848,same_acquisition_minute_block,30.036255,false,excluded_pair,same_acquisition_minute_block,1921,1816,1816,1816,484,247,-36.519883,0.247045,-36.519883,0.247045,0.686705,phases/p2-gsjso/runs/20260719_boundary_map_v3/fm_dense_raw/4908169_rank02_raw_cheirality.npz,e4b9d7fc56420cfcfc4a9bc88c151de50558f9fbdd7e3e01fe38763d73f023aa,0,1,0,R1prime-3_FM_dense_dial_2px,bd665ad8a530a29bd8b470c28a574456a52057de1e2213d41f3ed70b89d3db0b,3af60747ffde1a12a1edd7f17bcca152bbb7b557b06b04233f2f70b8014c0fe0
DEBY_LOD2_4908169,7,3,DJI_20241217084849_0188_D,DJI_20241217084843_0185_D,projected_footprint,p0_full_opencv_text,phases/p0-audit/data/work/images/Images,FULL_OPENCV,phases/p0-audit/data/work/colmap/sparse/0/cameras.txt,phases/p0-audit/data/work/colmap/sparse/0/images.txt,phases/p0-audit/data/work/opf/opf/scene_reference_frame.json,canonical_local_xyz,crop pixels mapped to raw source pixels without half-pixel shift; FULL_OPENCV raw pixels undistorted with the frozen 12 camera parameters; float64 linear DLT with fixed COLMAP [R|t]; finite homogeneous solution; positive depth in both cameras; reprojection with the original FULL_OPENCV distortion; max per-view raw source-pixel reprojection error <=2.0px,4711;1899;5159;2235,4379;515;4795;827,202412170848,202412170848,same_acquisition_minute_block,29.939871,false,excluded_pair,same_acquisition_minute_block,1334,1172,1172,1172,298,102,-36.727300,0.174015,-36.727300,0.174015,0.673241,phases/p2-gsjso/runs/20260719_boundary_map_v3/fm_dense_raw/4908169_rank03_raw_cheirality.npz,8c97f707809d405b239724560506c2c2a9ebeb95695d127c2642373edf3867df,0,1,0,R1prime-3_FM_dense_dial_2px,126b343594e4d074fb7c7ae281dc371502196a1a588e4e5814624ada0b7873d6,3af60747ffde1a12a1edd7f17bcca152bbb7b557b06b04233f2f70b8014c0fe0
DEBY_LOD2_4908169,7,4,DJI_20241217084845_0186_D,DJI_20241217084849_0188_D,projected_footprint,p0_full_opencv_text,phases/p0-audit/data/work/images/Images,FULL_OPENCV,phases/p0-audit/data/work/colmap/sparse/0/cameras.txt,phases/p0-audit/data/work/colmap/sparse/0/images.txt,phases/p0-audit/data/work/opf/opf/scene_reference_frame.json,canonical_local_xyz,crop pixels mapped to raw source pixels without half-pixel shift; FULL_OPENCV raw pixels undistorted with the frozen 12 camera parameters; float64 linear DLT with fixed COLMAP [R|t]; finite homogeneous solution; positive depth in both cameras; reprojection with the original FULL_OPENCV distortion; max per-view raw source-pixel reprojection error <=2.0px,4495;957;4927;1281,4711;1899;5159;2235,202412170848,202412170848,same_acquisition_minute_block,20.110581,false,excluded_pair,same_acquisition_minute_block,2071,1957,1957,1957,850,132,-36.728009,0.476960,-36.728009,0.476960,0.696129,phases/p2-gsjso/runs/20260719_boundary_map_v3/fm_dense_raw/4908169_rank04_raw_cheirality.npz,680d242fa747a1303c1a94f7e92da7b8fe1820e65690db826f723b5486e29bfc,0,1,0,R1prime-3_FM_dense_dial_2px,d2fcd607291f5aaa01193d108d8821c9d3cb450b8fd94427212f1054dda64660,3af60747ffde1a12a1edd7f17bcca152bbb7b557b06b04233f2f70b8014c0fe0
DEBY_LOD2_4908169,7,5,DJI_20241217084847_0187_D,DJI_20241217084843_0185_D,projected_footprint,p0_full_opencv_text,phases/p0-audit/data/work/images/Images,FULL_OPENCV,phases/p0-audit/data/work/colmap/sparse/0/cameras.txt,phases/p0-audit/data/work/colmap/sparse/0/images.txt,phases/p0-audit/data/work/opf/opf/scene_reference_frame.json,canonical_local_xyz,crop pixels mapped to raw source pixels without half-pixel shift; FULL_OPENCV raw pixels undistorted with the frozen 12 camera parameters; float64 linear DLT with fixed COLMAP [R|t]; finite homogeneous solution; positive depth in both cameras; reprojection with the original FULL_OPENCV distortion; max per-view raw source-pixel reprojection error <=2.0px,4616;1432;5048;1756,4379;515;4795;827,202412170848,202412170848,same_acquisition_minute_block,19.975980,false,excluded_pair,same_acquisition_minute_block,1552,1216,1216,1216,796,36,-36.667899,0.095453,-36.667899,0.095453,0.652639,phases/p2-gsjso/runs/20260719_boundary_map_v3/fm_dense_raw/4908169_rank05_raw_cheirality.npz,623fdbe68b499ccb00a9d9dc333a17fb330713dfc4e65058f3c0661c1568f5d3,0,1,0,R1prime-3_FM_dense_dial_2px,064bd9fcd251b9a98f93f0b911f7451af561b8d3bffbe2e245ff917f866e5cb7,3af60747ffde1a12a1edd7f17bcca152bbb7b557b06b04233f2f70b8014c0fe0
DEBY_LOD2_4908169,7,6,DJI_20241217084847_0187_D,DJI_20241217084851_0189_D,projected_footprint,p0_full_opencv_text,phases/p0-audit/data/work/images/Images,FULL_OPENCV,phases/p0-audit/data/work/colmap/sparse/0/cameras.txt,phases/p0-audit/data/work/colmap/sparse/0/images.txt,phases/p0-audit/data/work/opf/opf/scene_reference_frame.json,canonical_local_xyz,crop pixels mapped to raw source pixels without half-pixel shift; FULL_OPENCV raw pixels undistorted with the frozen 12 camera parameters; float64 linear DLT with fixed COLMAP [R|t]; finite homogeneous solution; positive depth in both cameras; reprojection with the original FULL_OPENCV distortion; max per-view raw source-pixel reprojection error <=2.0px,4616;1432;5048;1756,4801;2354;5249;2690,202412170848,202412170848,same_acquisition_minute_block,19.890141,false,excluded_pair,same_acquisition_minute_block,1576,1439,1439,1439,622,203,-37.859848,1.002883,-37.859848,1.002883,0.677897,phases/p2-gsjso/runs/20260719_boundary_map_v3/fm_dense_raw/4908169_rank06_raw_cheirality.npz,c7572c9408c908fcc1c6ba458c6531467fd4b14274a7d57ce4c4d4d26526b908,0,1,0,R1prime-3_FM_dense_dial_2px,7827230ae3a16401a46a102fd8e6dff6a5fc929fcb42efa2f84596b829439ba2,3af60747ffde1a12a1edd7f17bcca152bbb7b557b06b04233f2f70b8014c0fe0
DEBY_LOD2_4908169,7,7,DJI_20241217084847_0187_D,DJI_20241217084845_0186_D,projected_footprint,p0_full_opencv_text,phases/p0-audit/data/work/images/Images,FULL_OPENCV,phases/p0-audit/data/work/colmap/sparse/0/cameras.txt,phases/p0-audit/data/work/colmap/sparse/0/images.txt,phases/p0-audit/data/work/opf/opf/scene_reference_frame.json,canonical_local_xyz,crop pixels mapped to raw source pixels without half-pixel shift; FULL_OPENCV raw pixels undistorted with the frozen 12 camera parameters; float64 linear DLT with fixed COLMAP [R|t]; finite homogeneous solution; positive depth in both cameras; reprojection with the original FULL_OPENCV distortion; max per-view raw source-pixel reprojection error <=2.0px,4616;1432;5048;1756,4495;957;4927;1281,202412170848,202412170848,same_acquisition_minute_block,10.146534,false,excluded_pair,same_acquisition_minute_block,1991,1840,1840,1840,1649,67,-36.879331,0.164613,-36.879331,0.164613,0.651464,phases/p2-gsjso/runs/20260719_boundary_map_v3/fm_dense_raw/4908169_rank07_raw_cheirality.npz,ebdff9a9b945365040670196b007bc9a60c88998af021c3af5c8902e9538ef48,0,1,0,R1prime-3_FM_dense_dial_2px,c14fff3bbb6c376022f81874bbbc1d7d161070d874ac53462d16fb50c468e9db,3af60747ffde1a12a1edd7f17bcca152bbb7b557b06b04233f2f70b8014c0fe0
DEBY_LOD2_4908169,7,8,DJI_20241217084847_0187_D,DJI_20241217084849_0188_D,projected_footprint,p0_full_opencv_text,phases/p0-audit/data/work/images/Images,FULL_OPENCV,phases/p0-audit/data/work/colmap/sparse/0/cameras.txt,phases/p0-audit/data/work/colmap/sparse/0/images.txt,phases/p0-audit/data/work/opf/opf/scene_reference_frame.json,canonical_local_xyz,crop pixels mapped to raw source pixels without half-pixel shift; FULL_OPENCV raw pixels undistorted with the frozen 12 camera parameters; float64 linear DLT with fixed COLMAP [R|t]; finite homogeneous solution; positive depth in both cameras; reprojection with the original FULL_OPENCV distortion; max per-view raw source-pixel reprojection error <=2.0px,4616;1432;5048;1756,4711;1899;5159;2235,202412170848,202412170848,same_acquisition_minute_block,9.964343,false,excluded_pair,same_acquisition_minute_block,2548,2397,2397,2397,2344,68,-36.734553,0.210916,-36.734553,0.210916,0.654753,phases/p2-gsjso/runs/20260719_boundary_map_v3/fm_dense_raw/4908169_rank08_raw_cheirality.npz,858fda1670f751f0e920fec6f71cb66cf41fa03dec28008191dab016b56084ae,0,1,0,R1prime-3_FM_dense_dial_2px,ad7c68d64497d27fa609fdc53bfe9638b1c645604fa3cb2b76352025688affc6,3af60747ffde1a12a1edd7f17bcca152bbb7b557b06b04233f2f70b8014c0fe0
DEBY_LOD2_4908169,7,9,DJI_20241217084849_0188_D,DJI_20241217084851_0189_D,projected_footprint,p0_full_opencv_text,phases/p0-audit/data/work/images/Images,FULL_OPENCV,phases/p0-audit/data/work/colmap/sparse/0/cameras.txt,phases/p0-audit/data/work/colmap/sparse/0/images.txt,phases/p0-audit/data/work/opf/opf/scene_reference_frame.json,canonical_local_xyz,crop pixels mapped to raw source pixels without half-pixel shift; FULL_OPENCV raw pixels undistorted with the frozen 12 camera parameters; float64 linear DLT with fixed COLMAP [R|t]; finite homogeneous solution; positive depth in both cameras; reprojection with the original FULL_OPENCV distortion; max per-view raw source-pixel reprojection error <=2.0px,4711;1899;5159;2235,4801;2354;5249;2690,202412170848,202412170848,same_acquisition_minute_block,9.926005,false,excluded_pair,same_acquisition_minute_block,2003,1873,1873,1873,1868,89,-36.748429,0.114984,-36.748429,0.114984,0.664585,phases/p2-gsjso/runs/20260719_boundary_map_v3/fm_dense_raw/4908169_rank09_raw_cheirality.npz,787c794ea3c7dde602a22da0ce1af130d186577d5a16ea1a7e99f59e38672b12,0,1,0,R1prime-3_FM_dense_dial_2px,2fb9d893c3ab896ed7b6f076d302caab1f585c1429819cee59dd5c009da297bf,3af60747ffde1a12a1edd7f17bcca152bbb7b557b06b04233f2f70b8014c0fe0
DEBY_LOD2_4908169,7,10,DJI_20241217084845_0186_D,DJI_20241217084843_0185_D,projected_footprint,p0_full_opencv_text,phases/p0-audit/data/work/images/Images,FULL_OPENCV,phases/p0-audit/data/work/colmap/sparse/0/cameras.txt,phases/p0-audit/data/work/colmap/sparse/0/images.txt,phases/p0-audit/data/work/opf/opf/scene_reference_frame.json,canonical_local_xyz,crop pixels mapped to raw source pixels without half-pixel shift; FULL_OPENCV raw pixels undistorted with the frozen 12 camera parameters; float64 linear DLT with fixed COLMAP [R|t]; finite homogeneous solution; positive depth in both cameras; reprojection with the original FULL_OPENCV distortion; max per-view raw source-pixel reprojection error <=2.0px,4495;957;4927;1281,4379;515;4795;827,202412170848,202412170848,same_acquisition_minute_block,9.829453,false,excluded_pair,same_acquisition_minute_block,2150,1959,1959,1959,1854,53,-36.547478,0.093622,-36.547478,0.093622,0.638928,phases/p2-gsjso/runs/20260719_boundary_map_v3/fm_dense_raw/4908169_rank10_raw_cheirality.npz,e55b193c62ed0af2fee2d1192f43c709f650ed44fc21fbd0ab01e603289f1ad6,0,1,0,R1prime-3_FM_dense_dial_2px,5ece01c6cdec23404449a131fe902930923f742559c44ef3430b56bc686e02de,3af60747ffde1a12a1edd7f17bcca152bbb7b557b06b04233f2f70b8014c0fe0
