bid,source,metric,stage3_v0_metric_v0_status,stage3_v0_metric_v1_status,stage3_v1_metric_v1_status,stage3_v0_metric_v0,stage3_v0_metric_v1,stage3_v1_metric_v1,effect_value,interpretation
B0,E0_GT_clean_upper_bound,roof_cov,OK,OK,OK,0.365,0.4023333333333333,0.4023333333333333,0.0,NO_NUMERIC_CHANGE
B0,E0_GT_clean_upper_bound,wall_cov,OK,OK,OK,0.9573333333333334,0.9523333333333334,0.9523333333333334,0.0,NO_NUMERIC_CHANGE
B0,E0_GT_clean_upper_bound,ground_cov,OK,OK,OK,1.0,1.0,1.0,0.0,NO_NUMERIC_CHANGE
B0,E0_GT_clean_upper_bound,semantic_face_acc,OK,OK,OK,0.9203333333333333,0.9233333333333333,0.9233333333333333,0.0,NO_NUMERIC_CHANGE
B0,E0_GT_clean_upper_bound,support_coverage,OK,OK,OK,0.6893333333333334,0.6890000000000001,0.6890000000000001,0.0,NO_NUMERIC_CHANGE
B0,E0_GT_clean_upper_bound,F,OK,OK,OK,0.9024049619847939,0.898903680355984,0.898903680355984,0.0,NO_NUMERIC_CHANGE
B0,E0_GT_clean_upper_bound,precision,OK,OK,OK,0.9056666666666666,0.9023333333333333,0.9023333333333333,0.0,NO_NUMERIC_CHANGE
B0,E0_GT_clean_upper_bound,recall,OK,OK,OK,0.8991666666666667,0.8955,0.8955,0.0,NO_NUMERIC_CHANGE
B0,E0_GT_clean_upper_bound,h_err,OK,OK,OK,0.0,0.0,0.0,0.0,NO_NUMERIC_CHANGE
B0,E0_GT_clean_upper_bound,vol_ratio,OK,OK,OK,2.1983548431372073,2.1983548431372038,2.1983548431372038,0.0,NO_NUMERIC_CHANGE
B0,E0_GT_clean_upper_bound,hausdorff,OK,OK,OK,2.331414284506052,2.3536110253692644,2.3536110253692644,0.0,NO_NUMERIC_CHANGE
B0,E0_GT_clean_upper_bound,chamfer,OK,OK,OK,0.27012476370815514,0.27208658091630067,0.27208658091630067,0.0,NO_NUMERIC_CHANGE
B0,E0_GT_clean_upper_bound,footprint_IoU,OK,OK,OK,1.0,1.0,1.0,0.0,NO_NUMERIC_CHANGE
B0,E0_GT_clean_upper_bound,edge_ok,OK,OK,OK,1,1,1,0,NO_NUMERIC_CHANGE
B0,E0_GT_clean_upper_bound,open_edges,OK,OK,OK,0.0,0.0,0.0,0.0,NO_NUMERIC_CHANGE
B0,E0_GT_clean_upper_bound,nonmanifold_edges,OK,OK,OK,0.0,0.0,0.0,0.0,NO_NUMERIC_CHANGE
B0,E0_GT_clean_upper_bound,n_faces,OK,OK,OK,23.0,23.0,23.0,0.0,NO_NUMERIC_CHANGE
B0,E1_Baseline_rendered,roof_cov,SOURCE_MISSING,SOURCE_MISSING,SOURCE_MISSING,,,,,NA
B0,E1_Baseline_rendered,wall_cov,SOURCE_MISSING,SOURCE_MISSING,SOURCE_MISSING,,,,,NA
B0,E1_Baseline_rendered,ground_cov,SOURCE_MISSING,SOURCE_MISSING,SOURCE_MISSING,,,,,NA
B0,E1_Baseline_rendered,semantic_face_acc,SOURCE_MISSING,SOURCE_MISSING,SOURCE_MISSING,,,,,NA
B0,E1_Baseline_rendered,support_coverage,SOURCE_MISSING,SOURCE_MISSING,SOURCE_MISSING,,,,,NA
B0,E1_Baseline_rendered,F,SOURCE_MISSING,SOURCE_MISSING,SOURCE_MISSING,,,,,NA
B0,E1_Baseline_rendered,precision,SOURCE_MISSING,SOURCE_MISSING,SOURCE_MISSING,,,,,NA
B0,E1_Baseline_rendered,recall,SOURCE_MISSING,SOURCE_MISSING,SOURCE_MISSING,,,,,NA
B0,E1_Baseline_rendered,h_err,SOURCE_MISSING,SOURCE_MISSING,SOURCE_MISSING,,,,,NA
B0,E1_Baseline_rendered,vol_ratio,SOURCE_MISSING,SOURCE_MISSING,SOURCE_MISSING,,,,,NA
B0,E1_Baseline_rendered,hausdorff,SOURCE_MISSING,SOURCE_MISSING,SOURCE_MISSING,,,,,NA
B0,E1_Baseline_rendered,chamfer,SOURCE_MISSING,SOURCE_MISSING,SOURCE_MISSING,,,,,NA
B0,E1_Baseline_rendered,footprint_IoU,SOURCE_MISSING,SOURCE_MISSING,SOURCE_MISSING,,,,,NA
B0,E1_Baseline_rendered,edge_ok,SOURCE_MISSING,SOURCE_MISSING,SOURCE_MISSING,,,,,NA
B0,E1_Baseline_rendered,open_edges,SOURCE_MISSING,SOURCE_MISSING,SOURCE_MISSING,,,,,NA
B0,E1_Baseline_rendered,nonmanifold_edges,SOURCE_MISSING,SOURCE_MISSING,SOURCE_MISSING,,,,,NA
B0,E1_Baseline_rendered,n_faces,SOURCE_MISSING,SOURCE_MISSING,SOURCE_MISSING,0.0,,,,NA
B0,E2_Mutual_rendered,roof_cov,OK,OK,OK,0.7703333333333333,0.7706666666666667,0.7706666666666667,0.0,NO_NUMERIC_CHANGE
B0,E2_Mutual_rendered,wall_cov,OK,OK,OK,0.9676666666666667,0.9623333333333334,0.9623333333333334,0.0,NO_NUMERIC_CHANGE
B0,E2_Mutual_rendered,ground_cov,OK,OK,OK,1.0,1.0,1.0,0.0,NO_NUMERIC_CHANGE
B0,E2_Mutual_rendered,semantic_face_acc,OK,OK,OK,0.928,0.946,0.946,0.0,NO_NUMERIC_CHANGE
B0,E2_Mutual_rendered,support_coverage,OK,OK,OK,0.595,0.5923333333333333,0.5923333333333333,0.0,NO_NUMERIC_CHANGE
B0,E2_Mutual_rendered,F,OK,OK,OK,0.9603541287057121,0.959110599478714,0.959110599478714,0.0,NO_NUMERIC_CHANGE
B0,E2_Mutual_rendered,precision,OK,OK,OK,0.9526666666666667,0.9518333333333333,0.9518333333333333,0.0,NO_NUMERIC_CHANGE
B0,E2_Mutual_rendered,recall,OK,OK,OK,0.9681666666666666,0.9665,0.9665,0.0,NO_NUMERIC_CHANGE
B0,E2_Mutual_rendered,h_err,OK,OK,OK,0.5267500991966507,0.5267500991966507,0.5267500991966507,0.0,NO_NUMERIC_CHANGE
B0,E2_Mutual_rendered,vol_ratio,OK,OK,OK,1.1011846202996374,1.101200743096035,1.101200743096035,0.0,NO_NUMERIC_CHANGE
B0,E2_Mutual_rendered,hausdorff,OK,OK,OK,1.8606110348057399,1.9228446365893324,1.9228446365893324,0.0,NO_NUMERIC_CHANGE
B0,E2_Mutual_rendered,chamfer,OK,OK,OK,0.2284012653310558,0.22915601091957324,0.22915601091957324,0.0,NO_NUMERIC_CHANGE
B0,E2_Mutual_rendered,footprint_IoU,OK,OK,OK,1.0,1.0,1.0,0.0,NO_NUMERIC_CHANGE
B0,E2_Mutual_rendered,edge_ok,OK,OK,OK,1,1,1,0,NO_NUMERIC_CHANGE
B0,E2_Mutual_rendered,open_edges,OK,OK,OK,0.0,0.0,0.0,0.0,NO_NUMERIC_CHANGE
B0,E2_Mutual_rendered,nonmanifold_edges,OK,OK,OK,0.0,0.0,0.0,0.0,NO_NUMERIC_CHANGE
B0,E2_Mutual_rendered,n_faces,OK,OK,OK,23.0,23.0,23.0,0.0,NO_NUMERIC_CHANGE
B0,E3_Baseline_primitive,roof_cov,OK,OK,OK,0.23333333333333334,0.253,0.253,0.0,NO_NUMERIC_CHANGE
B0,E3_Baseline_primitive,wall_cov,OK,OK,OK,0.9476666666666667,0.939,0.939,0.0,NO_NUMERIC_CHANGE
B0,E3_Baseline_primitive,ground_cov,OK,OK,OK,0.9983333333333333,0.9983333333333333,0.9983333333333333,0.0,NO_NUMERIC_CHANGE
B0,E3_Baseline_primitive,semantic_face_acc,OK,OK,OK,0.9123333333333333,0.9281666666666667,0.9281666666666667,0.0,NO_NUMERIC_CHANGE
B0,E3_Baseline_primitive,support_coverage,OK,OK,OK,0.5973333333333334,0.6070000000000001,0.6070000000000001,0.0,NO_NUMERIC_CHANGE
B0,E3_Baseline_primitive,F,OK,OK,OK,0.8660439592150827,0.8627888180764773,0.8627888180764773,0.0,NO_NUMERIC_CHANGE
B0,E3_Baseline_primitive,precision,OK,OK,OK,0.8821666666666667,0.8765,0.8765,0.0,NO_NUMERIC_CHANGE
B0,E3_Baseline_primitive,recall,OK,OK,OK,0.8505,0.8495,0.8495,0.0,NO_NUMERIC_CHANGE
B0,E3_Baseline_primitive,h_err,OK,OK,OK,0.39044701820446903,0.39044701820446903,0.39044701820446903,0.0,NO_NUMERIC_CHANGE
B0,E3_Baseline_primitive,vol_ratio,OK,OK,OK,1.4066989261640739,1.4067047676300397,1.4067047676300397,0.0,NO_NUMERIC_CHANGE
B0,E3_Baseline_primitive,hausdorff,OK,OK,OK,2.4325912935316545,2.455260307058837,2.455260307058837,0.0,NO_NUMERIC_CHANGE
B0,E3_Baseline_primitive,chamfer,OK,OK,OK,0.3181200542085568,0.3219017414994742,0.3219017414994742,0.0,NO_NUMERIC_CHANGE
B0,E3_Baseline_primitive,footprint_IoU,OK,OK,OK,1.0,1.0,1.0,0.0,NO_NUMERIC_CHANGE
B0,E3_Baseline_primitive,edge_ok,OK,OK,OK,1,1,1,0,NO_NUMERIC_CHANGE
B0,E3_Baseline_primitive,open_edges,OK,OK,OK,0.0,0.0,0.0,0.0,NO_NUMERIC_CHANGE
B0,E3_Baseline_primitive,nonmanifold_edges,OK,OK,OK,0.0,0.0,0.0,0.0,NO_NUMERIC_CHANGE
B0,E3_Baseline_primitive,n_faces,OK,OK,OK,23.0,23.0,23.0,0.0,NO_NUMERIC_CHANGE
B0,E4_Mutual_primitive,roof_cov,OK,OK,OK,0.4593333333333333,0.451,0.451,0.0,NO_NUMERIC_CHANGE
B0,E4_Mutual_primitive,wall_cov,OK,OK,OK,0.9603333333333334,0.9613333333333334,0.9613333333333334,0.0,NO_NUMERIC_CHANGE
B0,E4_Mutual_primitive,ground_cov,OK,OK,OK,0.0,0.0,0.0,0.0,NO_NUMERIC_CHANGE
B0,E4_Mutual_primitive,semantic_face_acc,OK,OK,OK,0.901,0.9193333333333333,0.9193333333333333,0.0,NO_NUMERIC_CHANGE
B0,E4_Mutual_primitive,support_coverage,OK,OK,OK,0.6193333333333334,0.6310000000000001,0.6310000000000001,0.0,NO_NUMERIC_CHANGE
B0,E4_Mutual_primitive,F,OK,OK,OK,0.8272475739565494,0.8232280595201943,0.8232280595201943,0.0,NO_NUMERIC_CHANGE
B0,E4_Mutual_primitive,precision,OK,OK,OK,0.8258333333333333,0.819,0.819,0.0,NO_NUMERIC_CHANGE
B0,E4_Mutual_primitive,recall,OK,OK,OK,0.8286666666666667,0.8275,0.8275,0.0,NO_NUMERIC_CHANGE
B0,E4_Mutual_primitive,h_err,OK,OK,OK,0.5865344131450563,0.5865344131450563,0.5865344131450563,0.0,NO_NUMERIC_CHANGE
B0,E4_Mutual_primitive,vol_ratio,OK,OK,OK,2.0156338278746992,2.015670044950422,2.015670044950422,0.0,NO_NUMERIC_CHANGE
B0,E4_Mutual_primitive,hausdorff,OK,OK,OK,2.5932222128453972,2.6070458563571486,2.6070458563571486,0.0,NO_NUMERIC_CHANGE
B0,E4_Mutual_primitive,chamfer,OK,OK,OK,0.3084621499067238,0.3123844861810817,0.3123844861810817,0.0,NO_NUMERIC_CHANGE
B0,E4_Mutual_primitive,footprint_IoU,OK,OK,OK,1.0,1.0,1.0,0.0,NO_NUMERIC_CHANGE
B0,E4_Mutual_primitive,edge_ok,OK,OK,OK,1,1,1,0,NO_NUMERIC_CHANGE
B0,E4_Mutual_primitive,open_edges,OK,OK,OK,0.0,0.0,0.0,0.0,NO_NUMERIC_CHANGE
B0,E4_Mutual_primitive,nonmanifold_edges,OK,OK,OK,0.0,0.0,0.0,0.0,NO_NUMERIC_CHANGE
B0,E4_Mutual_primitive,n_faces,OK,OK,OK,23.0,23.0,23.0,0.0,NO_NUMERIC_CHANGE
B1,E0_GT_clean_upper_bound,roof_cov,OK,OK,OK,1.0,1.0,1.0,0.0,NO_NUMERIC_CHANGE
B1,E0_GT_clean_upper_bound,wall_cov,OK,OK,OK,0.9423333333333334,0.949,0.949,0.0,NO_NUMERIC_CHANGE
B1,E0_GT_clean_upper_bound,ground_cov,OK,OK,OK,1.0,1.0,1.0,0.0,NO_NUMERIC_CHANGE
B1,E0_GT_clean_upper_bound,semantic_face_acc,OK,OK,OK,0.9713333333333334,0.9846666666666667,0.9846666666666667,0.0,NO_NUMERIC_CHANGE
B1,E0_GT_clean_upper_bound,support_coverage,OK,OK,OK,0.8650000000000001,0.8689999999999999,0.8689999999999999,0.0,NO_NUMERIC_CHANGE
B1,E0_GT_clean_upper_bound,F,OK,OK,OK,0.9884995503849829,0.9899164912871453,0.9899164912871453,0.0,NO_NUMERIC_CHANGE
B1,E0_GT_clean_upper_bound,precision,OK,OK,OK,0.9878333333333333,0.9895,0.9895,0.0,NO_NUMERIC_CHANGE
B1,E0_GT_clean_upper_bound,recall,OK,OK,OK,0.9891666666666666,0.9903333333333333,0.9903333333333333,0.0,NO_NUMERIC_CHANGE
B1,E0_GT_clean_upper_bound,h_err,OK,OK,OK,0.0,0.0,0.0,0.0,NO_NUMERIC_CHANGE
B1,E0_GT_clean_upper_bound,vol_ratio,OK,OK,OK,1.0000097547675866,1.0000097547675852,1.0000097547675852,0.0,NO_NUMERIC_CHANGE
B1,E0_GT_clean_upper_bound,hausdorff,OK,OK,OK,0.716354706962,0.6848885227301452,0.6848885227301452,0.0,NO_NUMERIC_CHANGE
B1,E0_GT_clean_upper_bound,chamfer,OK,OK,OK,0.20820992713058006,0.21001457921437408,0.21001457921437408,0.0,NO_NUMERIC_CHANGE
B1,E0_GT_clean_upper_bound,footprint_IoU,OK,OK,OK,1.0,1.0,1.0,0.0,NO_NUMERIC_CHANGE
B1,E0_GT_clean_upper_bound,edge_ok,OK,OK,OK,1,1,1,0,NO_NUMERIC_CHANGE
B1,E0_GT_clean_upper_bound,open_edges,OK,OK,OK,0.0,0.0,0.0,0.0,NO_NUMERIC_CHANGE
B1,E0_GT_clean_upper_bound,nonmanifold_edges,OK,OK,OK,0.0,0.0,0.0,0.0,NO_NUMERIC_CHANGE
B1,E0_GT_clean_upper_bound,n_faces,OK,OK,OK,11.0,11.0,11.0,0.0,NO_NUMERIC_CHANGE
B1,E1_Baseline_rendered,roof_cov,SOURCE_MISSING,SOURCE_MISSING,SOURCE_MISSING,,,,,NA
B1,E1_Baseline_rendered,wall_cov,SOURCE_MISSING,SOURCE_MISSING,SOURCE_MISSING,,,,,NA
B1,E1_Baseline_rendered,ground_cov,SOURCE_MISSING,SOURCE_MISSING,SOURCE_MISSING,,,,,NA
B1,E1_Baseline_rendered,semantic_face_acc,SOURCE_MISSING,SOURCE_MISSING,SOURCE_MISSING,,,,,NA
B1,E1_Baseline_rendered,support_coverage,SOURCE_MISSING,SOURCE_MISSING,SOURCE_MISSING,,,,,NA
B1,E1_Baseline_rendered,F,SOURCE_MISSING,SOURCE_MISSING,SOURCE_MISSING,,,,,NA
B1,E1_Baseline_rendered,precision,SOURCE_MISSING,SOURCE_MISSING,SOURCE_MISSING,,,,,NA
B1,E1_Baseline_rendered,recall,SOURCE_MISSING,SOURCE_MISSING,SOURCE_MISSING,,,,,NA
B1,E1_Baseline_rendered,h_err,SOURCE_MISSING,SOURCE_MISSING,SOURCE_MISSING,,,,,NA
B1,E1_Baseline_rendered,vol_ratio,SOURCE_MISSING,SOURCE_MISSING,SOURCE_MISSING,,,,,NA
B1,E1_Baseline_rendered,hausdorff,SOURCE_MISSING,SOURCE_MISSING,SOURCE_MISSING,,,,,NA
B1,E1_Baseline_rendered,chamfer,SOURCE_MISSING,SOURCE_MISSING,SOURCE_MISSING,,,,,NA
B1,E1_Baseline_rendered,footprint_IoU,SOURCE_MISSING,SOURCE_MISSING,SOURCE_MISSING,,,,,NA
B1,E1_Baseline_rendered,edge_ok,SOURCE_MISSING,SOURCE_MISSING,SOURCE_MISSING,,,,,NA
B1,E1_Baseline_rendered,open_edges,SOURCE_MISSING,SOURCE_MISSING,SOURCE_MISSING,,,,,NA
B1,E1_Baseline_rendered,nonmanifold_edges,SOURCE_MISSING,SOURCE_MISSING,SOURCE_MISSING,,,,,NA
B1,E1_Baseline_rendered,n_faces,SOURCE_MISSING,SOURCE_MISSING,SOURCE_MISSING,0.0,,,,NA
B1,E2_Mutual_rendered,roof_cov,OK,OK,OK,0.8013333333333333,0.7803333333333333,0.7803333333333333,0.0,NO_NUMERIC_CHANGE
B1,E2_Mutual_rendered,wall_cov,OK,OK,OK,0.917,0.9293333333333333,0.9293333333333333,0.0,NO_NUMERIC_CHANGE
B1,E2_Mutual_rendered,ground_cov,OK,OK,OK,0.9653333333333334,0.963,0.963,0.0,NO_NUMERIC_CHANGE
B1,E2_Mutual_rendered,semantic_face_acc,OK,OK,OK,0.9625,0.9568333333333333,0.9568333333333333,0.0,NO_NUMERIC_CHANGE
B1,E2_Mutual_rendered,support_coverage,OK,OK,OK,0.492,0.48933333333333334,0.48933333333333334,0.0,NO_NUMERIC_CHANGE
B1,E2_Mutual_rendered,F,OK,OK,OK,0.9152138759901667,0.9140608933454877,0.9140608933454877,0.0,NO_NUMERIC_CHANGE
B1,E2_Mutual_rendered,precision,OK,OK,OK,0.921,0.924,0.924,0.0,NO_NUMERIC_CHANGE
B1,E2_Mutual_rendered,recall,OK,OK,OK,0.9095,0.9043333333333333,0.9043333333333333,0.0,NO_NUMERIC_CHANGE
B1,E2_Mutual_rendered,h_err,OK,OK,OK,0.32589166941419023,0.32589166941419023,0.32589166941419023,0.0,NO_NUMERIC_CHANGE
B1,E2_Mutual_rendered,vol_ratio,OK,OK,OK,0.8318257428614786,0.8318275308772364,0.8318275308772364,0.0,NO_NUMERIC_CHANGE
B1,E2_Mutual_rendered,hausdorff,OK,OK,OK,1.522083312615867,1.3294199845074028,1.3294199845074028,0.0,NO_NUMERIC_CHANGE
B1,E2_Mutual_rendered,chamfer,OK,OK,OK,0.26601823424212845,0.26164930122034225,0.26164930122034225,0.0,NO_NUMERIC_CHANGE
B1,E2_Mutual_rendered,footprint_IoU,OK,OK,OK,1.0,1.0,1.0,0.0,NO_NUMERIC_CHANGE
B1,E2_Mutual_rendered,edge_ok,OK,OK,OK,1,1,1,0,NO_NUMERIC_CHANGE
B1,E2_Mutual_rendered,open_edges,OK,OK,OK,0.0,0.0,0.0,0.0,NO_NUMERIC_CHANGE
B1,E2_Mutual_rendered,nonmanifold_edges,OK,OK,OK,0.0,0.0,0.0,0.0,NO_NUMERIC_CHANGE
B1,E2_Mutual_rendered,n_faces,OK,OK,OK,11.0,11.0,11.0,0.0,NO_NUMERIC_CHANGE
B1,E3_Baseline_primitive,roof_cov,OK,OK,OK,0.298,0.312,0.312,0.0,NO_NUMERIC_CHANGE
B1,E3_Baseline_primitive,wall_cov,OK,OK,OK,0.8933333333333333,0.884,0.884,0.0,NO_NUMERIC_CHANGE
B1,E3_Baseline_primitive,ground_cov,OK,OK,OK,0.0,0.0,0.0,0.0,NO_NUMERIC_CHANGE
B1,E3_Baseline_primitive,semantic_face_acc,OK,OK,OK,0.8948333333333334,0.9151666666666667,0.9151666666666667,0.0,NO_NUMERIC_CHANGE
B1,E3_Baseline_primitive,support_coverage,OK,OK,OK,0.43933333333333335,0.4406666666666667,0.4406666666666667,0.0,NO_NUMERIC_CHANGE
B1,E3_Baseline_primitive,F,OK,OK,OK,0.7694956320843259,0.7696744227994229,0.7696744227994229,0.0,NO_NUMERIC_CHANGE
B1,E3_Baseline_primitive,precision,OK,OK,OK,0.7713333333333333,0.7858333333333334,0.7858333333333334,0.0,NO_NUMERIC_CHANGE
B1,E3_Baseline_primitive,recall,OK,OK,OK,0.7676666666666667,0.7541666666666667,0.7541666666666667,0.0,NO_NUMERIC_CHANGE
B1,E3_Baseline_primitive,h_err,OK,OK,OK,0.5973087174153449,0.5973087174153449,0.5973087174153449,0.0,NO_NUMERIC_CHANGE
B1,E3_Baseline_primitive,vol_ratio,OK,OK,OK,0.7117182528525458,0.7117090636972382,0.7117090636972382,0.0,NO_NUMERIC_CHANGE
B1,E3_Baseline_primitive,hausdorff,OK,OK,OK,3.7751048661097872,3.8747860827303597,3.8747860827303597,0.0,NO_NUMERIC_CHANGE
B1,E3_Baseline_primitive,chamfer,OK,OK,OK,0.386203223027598,0.39248916191735084,0.39248916191735084,0.0,NO_NUMERIC_CHANGE
B1,E3_Baseline_primitive,footprint_IoU,OK,OK,OK,1.0,1.0,1.0,0.0,NO_NUMERIC_CHANGE
B1,E3_Baseline_primitive,edge_ok,OK,OK,OK,1,1,1,0,NO_NUMERIC_CHANGE
B1,E3_Baseline_primitive,open_edges,OK,OK,OK,0.0,0.0,0.0,0.0,NO_NUMERIC_CHANGE
B1,E3_Baseline_primitive,nonmanifold_edges,OK,OK,OK,0.0,0.0,0.0,0.0,NO_NUMERIC_CHANGE
B1,E3_Baseline_primitive,n_faces,OK,OK,OK,11.0,11.0,11.0,0.0,NO_NUMERIC_CHANGE
B1,E4_Mutual_primitive,roof_cov,OK,OK,OK,0.4776666666666667,0.485,0.485,0.0,NO_NUMERIC_CHANGE
B1,E4_Mutual_primitive,wall_cov,OK,OK,OK,0.8913333333333333,0.8866666666666667,0.8866666666666667,0.0,NO_NUMERIC_CHANGE
B1,E4_Mutual_primitive,ground_cov,OK,OK,OK,0.0,0.0,0.0,0.0,NO_NUMERIC_CHANGE
B1,E4_Mutual_primitive,semantic_face_acc,OK,OK,OK,0.9083333333333333,0.9278333333333333,0.9278333333333333,0.0,NO_NUMERIC_CHANGE
B1,E4_Mutual_primitive,support_coverage,OK,OK,OK,0.4726666666666666,0.4713333333333334,0.4713333333333334,0.0,NO_NUMERIC_CHANGE
B1,E4_Mutual_primitive,F,OK,OK,OK,0.7890801562995036,0.7890601900739177,0.7890601900739177,0.0,NO_NUMERIC_CHANGE
B1,E4_Mutual_primitive,precision,OK,OK,OK,0.7875,0.7983333333333333,0.7983333333333333,0.0,NO_NUMERIC_CHANGE
B1,E4_Mutual_primitive,recall,OK,OK,OK,0.7906666666666666,0.78,0.78,0.0,NO_NUMERIC_CHANGE
B1,E4_Mutual_primitive,h_err,OK,OK,OK,0.5632176605880943,0.5632176605880943,0.5632176605880943,0.0,NO_NUMERIC_CHANGE
B1,E4_Mutual_primitive,vol_ratio,OK,OK,OK,0.9503017829414001,0.9502958997595523,0.9502958997595523,0.0,NO_NUMERIC_CHANGE
B1,E4_Mutual_primitive,hausdorff,OK,OK,OK,3.481679251061597,3.5614360466663486,3.5614360466663486,0.0,NO_NUMERIC_CHANGE
B1,E4_Mutual_primitive,chamfer,OK,OK,OK,0.36086485959664527,0.3678816134609635,0.3678816134609635,0.0,NO_NUMERIC_CHANGE
B1,E4_Mutual_primitive,footprint_IoU,OK,OK,OK,1.0,1.0,1.0,0.0,NO_NUMERIC_CHANGE
B1,E4_Mutual_primitive,edge_ok,OK,OK,OK,1,1,1,0,NO_NUMERIC_CHANGE
B1,E4_Mutual_primitive,open_edges,OK,OK,OK,0.0,0.0,0.0,0.0,NO_NUMERIC_CHANGE
B1,E4_Mutual_primitive,nonmanifold_edges,OK,OK,OK,0.0,0.0,0.0,0.0,NO_NUMERIC_CHANGE
B1,E4_Mutual_primitive,n_faces,OK,OK,OK,11.0,11.0,11.0,0.0,NO_NUMERIC_CHANGE
B2,E0_GT_clean_upper_bound,roof_cov,OK,OK,OK,1.0,1.0,1.0,0.0,NO_NUMERIC_CHANGE
B2,E0_GT_clean_upper_bound,wall_cov,OK,OK,OK,0.9876666666666667,0.984,0.984,0.0,NO_NUMERIC_CHANGE
B2,E0_GT_clean_upper_bound,ground_cov,OK,OK,OK,1.0,1.0,1.0,0.0,NO_NUMERIC_CHANGE
B2,E0_GT_clean_upper_bound,semantic_face_acc,OK,OK,OK,0.9708333333333333,0.9835,0.9835,0.0,NO_NUMERIC_CHANGE
B2,E0_GT_clean_upper_bound,support_coverage,OK,OK,OK,0.8466666666666667,0.8476666666666667,0.8476666666666667,0.0,NO_NUMERIC_CHANGE
B2,E0_GT_clean_upper_bound,F,OK,OK,OK,0.9994166597181691,0.9989161035566309,0.9989161035566309,0.0,NO_NUMERIC_CHANGE
B2,E0_GT_clean_upper_bound,precision,OK,OK,OK,0.9993333333333333,0.9981666666666666,0.9981666666666666,0.0,NO_NUMERIC_CHANGE
B2,E0_GT_clean_upper_bound,recall,OK,OK,OK,0.9995,0.9996666666666667,0.9996666666666667,0.0,NO_NUMERIC_CHANGE
B2,E0_GT_clean_upper_bound,h_err,OK,OK,OK,1.7763568394002505e-15,1.7763568394002505e-15,1.7763568394002505e-15,0.0,NO_NUMERIC_CHANGE
B2,E0_GT_clean_upper_bound,vol_ratio,OK,OK,OK,2.012147367894347,2.012147367894346,2.012147367894346,0.0,NO_NUMERIC_CHANGE
B2,E0_GT_clean_upper_bound,hausdorff,OK,OK,OK,0.5589936959968972,0.6865941658982172,0.6865941658982172,0.0,NO_NUMERIC_CHANGE
B2,E0_GT_clean_upper_bound,chamfer,OK,OK,OK,0.16568023262714543,0.1659385091913499,0.1659385091913499,0.0,NO_NUMERIC_CHANGE
B2,E0_GT_clean_upper_bound,footprint_IoU,OK,OK,OK,1.0,1.0,1.0,0.0,NO_NUMERIC_CHANGE
B2,E0_GT_clean_upper_bound,edge_ok,OK,OK,OK,1,1,1,0,NO_NUMERIC_CHANGE
B2,E0_GT_clean_upper_bound,open_edges,OK,OK,OK,0.0,0.0,0.0,0.0,NO_NUMERIC_CHANGE
B2,E0_GT_clean_upper_bound,nonmanifold_edges,OK,OK,OK,0.0,0.0,0.0,0.0,NO_NUMERIC_CHANGE
B2,E0_GT_clean_upper_bound,n_faces,OK,OK,OK,11.0,11.0,11.0,0.0,NO_NUMERIC_CHANGE
B2,E1_Baseline_rendered,roof_cov,SOURCE_MISSING,SOURCE_MISSING,SOURCE_MISSING,,,,,NA
B2,E1_Baseline_rendered,wall_cov,SOURCE_MISSING,SOURCE_MISSING,SOURCE_MISSING,,,,,NA
B2,E1_Baseline_rendered,ground_cov,SOURCE_MISSING,SOURCE_MISSING,SOURCE_MISSING,,,,,NA
B2,E1_Baseline_rendered,semantic_face_acc,SOURCE_MISSING,SOURCE_MISSING,SOURCE_MISSING,,,,,NA
B2,E1_Baseline_rendered,support_coverage,SOURCE_MISSING,SOURCE_MISSING,SOURCE_MISSING,,,,,NA
B2,E1_Baseline_rendered,F,SOURCE_MISSING,SOURCE_MISSING,SOURCE_MISSING,,,,,NA
B2,E1_Baseline_rendered,precision,SOURCE_MISSING,SOURCE_MISSING,SOURCE_MISSING,,,,,NA
B2,E1_Baseline_rendered,recall,SOURCE_MISSING,SOURCE_MISSING,SOURCE_MISSING,,,,,NA
B2,E1_Baseline_rendered,h_err,SOURCE_MISSING,SOURCE_MISSING,SOURCE_MISSING,,,,,NA
B2,E1_Baseline_rendered,vol_ratio,SOURCE_MISSING,SOURCE_MISSING,SOURCE_MISSING,,,,,NA
B2,E1_Baseline_rendered,hausdorff,SOURCE_MISSING,SOURCE_MISSING,SOURCE_MISSING,,,,,NA
B2,E1_Baseline_rendered,chamfer,SOURCE_MISSING,SOURCE_MISSING,SOURCE_MISSING,,,,,NA
B2,E1_Baseline_rendered,footprint_IoU,SOURCE_MISSING,SOURCE_MISSING,SOURCE_MISSING,,,,,NA
B2,E1_Baseline_rendered,edge_ok,SOURCE_MISSING,SOURCE_MISSING,SOURCE_MISSING,,,,,NA
B2,E1_Baseline_rendered,open_edges,SOURCE_MISSING,SOURCE_MISSING,SOURCE_MISSING,,,,,NA
B2,E1_Baseline_rendered,nonmanifold_edges,SOURCE_MISSING,SOURCE_MISSING,SOURCE_MISSING,,,,,NA
B2,E1_Baseline_rendered,n_faces,SOURCE_MISSING,SOURCE_MISSING,SOURCE_MISSING,0.0,,,,NA
B2,E2_Mutual_rendered,roof_cov,OK,OK,OK,1.0,1.0,1.0,0.0,NO_NUMERIC_CHANGE
B2,E2_Mutual_rendered,wall_cov,OK,OK,OK,0.9903333333333333,0.9883333333333333,0.9883333333333333,0.0,NO_NUMERIC_CHANGE
B2,E2_Mutual_rendered,ground_cov,OK,OK,OK,1.0,1.0,1.0,0.0,NO_NUMERIC_CHANGE
B2,E2_Mutual_rendered,semantic_face_acc,OK,OK,OK,0.9503333333333334,0.9735,0.9735,0.0,NO_NUMERIC_CHANGE
B2,E2_Mutual_rendered,support_coverage,OK,OK,OK,0.5116666666666667,0.49,0.49,0.0,NO_NUMERIC_CHANGE
B2,E2_Mutual_rendered,F,OK,OK,OK,0.9936626411718663,0.9931585836549756,0.9931585836549756,0.0,NO_NUMERIC_CHANGE
B2,E2_Mutual_rendered,precision,OK,OK,OK,0.9916666666666667,0.9903333333333333,0.9903333333333333,0.0,NO_NUMERIC_CHANGE
B2,E2_Mutual_rendered,recall,OK,OK,OK,0.9956666666666667,0.996,0.996,0.0,NO_NUMERIC_CHANGE
B2,E2_Mutual_rendered,h_err,OK,OK,OK,0.4710039968325521,0.4710039968325521,0.4710039968325521,0.0,NO_NUMERIC_CHANGE
B2,E2_Mutual_rendered,vol_ratio,OK,OK,OK,2.0815593079997248,2.081555328295899,2.081555328295899,0.0,NO_NUMERIC_CHANGE
B2,E2_Mutual_rendered,hausdorff,OK,OK,OK,0.8439047655335784,0.8650417498916951,0.8650417498916951,0.0,NO_NUMERIC_CHANGE
B2,E2_Mutual_rendered,chamfer,OK,OK,OK,0.19871255124475354,0.2004784417331288,0.2004784417331288,0.0,NO_NUMERIC_CHANGE
B2,E2_Mutual_rendered,footprint_IoU,OK,OK,OK,1.0,1.0,1.0,0.0,NO_NUMERIC_CHANGE
B2,E2_Mutual_rendered,edge_ok,OK,OK,OK,1,1,1,0,NO_NUMERIC_CHANGE
B2,E2_Mutual_rendered,open_edges,OK,OK,OK,0.0,0.0,0.0,0.0,NO_NUMERIC_CHANGE
B2,E2_Mutual_rendered,nonmanifold_edges,OK,OK,OK,0.0,0.0,0.0,0.0,NO_NUMERIC_CHANGE
B2,E2_Mutual_rendered,n_faces,OK,OK,OK,11.0,11.0,11.0,0.0,NO_NUMERIC_CHANGE
B2,E3_Baseline_primitive,roof_cov,OK,OK,OK,0.45066666666666666,0.4583333333333333,0.4583333333333333,0.0,NO_NUMERIC_CHANGE
B2,E3_Baseline_primitive,wall_cov,OK,OK,OK,0.963,0.96,0.96,0.0,NO_NUMERIC_CHANGE
B2,E3_Baseline_primitive,ground_cov,OK,OK,OK,0.0,0.0,0.0,0.0,NO_NUMERIC_CHANGE
B2,E3_Baseline_primitive,semantic_face_acc,OK,OK,OK,0.9316666666666666,0.9471666666666667,0.9471666666666667,0.0,NO_NUMERIC_CHANGE
B2,E3_Baseline_primitive,support_coverage,OK,OK,OK,0.4663333333333333,0.44366666666666665,0.44366666666666665,0.0,NO_NUMERIC_CHANGE
B2,E3_Baseline_primitive,F,OK,OK,OK,0.828619071560248,0.8314323511725797,0.8314323511725797,0.0,NO_NUMERIC_CHANGE
B2,E3_Baseline_primitive,precision,OK,OK,OK,0.8183333333333334,0.824,0.824,0.0,NO_NUMERIC_CHANGE
B2,E3_Baseline_primitive,recall,OK,OK,OK,0.8391666666666666,0.839,0.839,0.0,NO_NUMERIC_CHANGE
B2,E3_Baseline_primitive,h_err,OK,OK,OK,0.5222468147598232,0.5222468147598232,0.5222468147598232,0.0,NO_NUMERIC_CHANGE
B2,E3_Baseline_primitive,vol_ratio,OK,OK,OK,2.039280260808789,2.0392858316336757,2.0392858316336757,0.0,NO_NUMERIC_CHANGE
B2,E3_Baseline_primitive,hausdorff,OK,OK,OK,1.7919161866168214,1.7922050434529502,1.7922050434529502,0.0,NO_NUMERIC_CHANGE
B2,E3_Baseline_primitive,chamfer,OK,OK,OK,0.2705572669240168,0.2667580252250166,0.2667580252250166,0.0,NO_NUMERIC_CHANGE
B2,E3_Baseline_primitive,footprint_IoU,OK,OK,OK,1.0,1.0,1.0,0.0,NO_NUMERIC_CHANGE
B2,E3_Baseline_primitive,edge_ok,OK,OK,OK,1,1,1,0,NO_NUMERIC_CHANGE
B2,E3_Baseline_primitive,open_edges,OK,OK,OK,0.0,0.0,0.0,0.0,NO_NUMERIC_CHANGE
B2,E3_Baseline_primitive,nonmanifold_edges,OK,OK,OK,0.0,0.0,0.0,0.0,NO_NUMERIC_CHANGE
B2,E3_Baseline_primitive,n_faces,OK,OK,OK,11.0,11.0,11.0,0.0,NO_NUMERIC_CHANGE
B2,E4_Mutual_primitive,roof_cov,OK,OK,OK,1.0,1.0,1.0,0.0,NO_NUMERIC_CHANGE
B2,E4_Mutual_primitive,wall_cov,OK,OK,OK,0.9876666666666667,0.9836666666666667,0.9836666666666667,0.0,NO_NUMERIC_CHANGE
B2,E4_Mutual_primitive,ground_cov,OK,OK,OK,0.0,0.0,0.0,0.0,NO_NUMERIC_CHANGE
B2,E4_Mutual_primitive,semantic_face_acc,OK,OK,OK,0.9433333333333334,0.9591666666666666,0.9591666666666666,0.0,NO_NUMERIC_CHANGE
B2,E4_Mutual_primitive,support_coverage,OK,OK,OK,0.4753333333333334,0.4563333333333333,0.4563333333333333,0.0,NO_NUMERIC_CHANGE
B2,E4_Mutual_primitive,F,OK,OK,OK,0.8938517000465767,0.8945304469273744,0.8945304469273744,0.0,NO_NUMERIC_CHANGE
B2,E4_Mutual_primitive,precision,OK,OK,OK,0.869,0.8745,0.8745,0.0,NO_NUMERIC_CHANGE
B2,E4_Mutual_primitive,recall,OK,OK,OK,0.9201666666666667,0.9155,0.9155,0.0,NO_NUMERIC_CHANGE
B2,E4_Mutual_primitive,h_err,OK,OK,OK,0.6247989662139943,0.6247989662139943,0.6247989662139943,0.0,NO_NUMERIC_CHANGE
B2,E4_Mutual_primitive,vol_ratio,OK,OK,OK,2.0986695350991122,2.098671163430818,2.098671163430818,0.0,NO_NUMERIC_CHANGE
B2,E4_Mutual_primitive,hausdorff,OK,OK,OK,1.0047527280462876,1.0512391572864765,1.0512391572864765,0.0,NO_NUMERIC_CHANGE
B2,E4_Mutual_primitive,chamfer,OK,OK,OK,0.22452077583469165,0.22533186288186524,0.22533186288186524,0.0,NO_NUMERIC_CHANGE
B2,E4_Mutual_primitive,footprint_IoU,OK,OK,OK,1.0,1.0,1.0,0.0,NO_NUMERIC_CHANGE
B2,E4_Mutual_primitive,edge_ok,OK,OK,OK,1,1,1,0,NO_NUMERIC_CHANGE
B2,E4_Mutual_primitive,open_edges,OK,OK,OK,0.0,0.0,0.0,0.0,NO_NUMERIC_CHANGE
B2,E4_Mutual_primitive,nonmanifold_edges,OK,OK,OK,0.0,0.0,0.0,0.0,NO_NUMERIC_CHANGE
B2,E4_Mutual_primitive,n_faces,OK,OK,OK,11.0,11.0,11.0,0.0,NO_NUMERIC_CHANGE
B8,E0_GT_clean_upper_bound,roof_cov,OK,OK,OK,0.9713333333333334,0.9706666666666667,0.9706666666666667,0.0,NO_NUMERIC_CHANGE
B8,E0_GT_clean_upper_bound,wall_cov,OK,OK,OK,0.977,0.982,0.982,0.0,NO_NUMERIC_CHANGE
B8,E0_GT_clean_upper_bound,ground_cov,OK,OK,OK,1.0,1.0,1.0,0.0,NO_NUMERIC_CHANGE
B8,E0_GT_clean_upper_bound,semantic_face_acc,OK,OK,OK,0.9648333333333333,0.9693333333333334,0.9693333333333334,0.0,NO_NUMERIC_CHANGE
B8,E0_GT_clean_upper_bound,support_coverage,OK,OK,OK,0.871,0.8693333333333334,0.8693333333333334,0.0,NO_NUMERIC_CHANGE
B8,E0_GT_clean_upper_bound,F,OK,OK,OK,0.9940813144437923,0.9913310636628558,0.9913310636628558,0.0,NO_NUMERIC_CHANGE
B8,E0_GT_clean_upper_bound,precision,OK,OK,OK,0.9955,0.9928333333333333,0.9928333333333333,0.0,NO_NUMERIC_CHANGE
B8,E0_GT_clean_upper_bound,recall,OK,OK,OK,0.9926666666666667,0.9898333333333333,0.9898333333333333,0.0,NO_NUMERIC_CHANGE
B8,E0_GT_clean_upper_bound,h_err,OK,OK,OK,0.0009999999999994458,0.0009999999999994458,0.0009999999999994458,0.0,NO_NUMERIC_CHANGE
B8,E0_GT_clean_upper_bound,vol_ratio,OK,OK,OK,1.6445875748930436,1.6445875748930379,1.6445875748930379,0.0,NO_NUMERIC_CHANGE
B8,E0_GT_clean_upper_bound,hausdorff,OK,OK,OK,0.7489718611553016,0.694971278694266,0.694971278694266,0.0,NO_NUMERIC_CHANGE
B8,E0_GT_clean_upper_bound,chamfer,OK,OK,OK,0.18064461107618812,0.1824679576434058,0.1824679576434058,0.0,NO_NUMERIC_CHANGE
B8,E0_GT_clean_upper_bound,footprint_IoU,OK,OK,OK,1.0,1.0,1.0,0.0,NO_NUMERIC_CHANGE
B8,E0_GT_clean_upper_bound,edge_ok,OK,OK,OK,1,1,1,0,NO_NUMERIC_CHANGE
B8,E0_GT_clean_upper_bound,open_edges,OK,OK,OK,0.0,0.0,0.0,0.0,NO_NUMERIC_CHANGE
B8,E0_GT_clean_upper_bound,nonmanifold_edges,OK,OK,OK,0.0,0.0,0.0,0.0,NO_NUMERIC_CHANGE
B8,E0_GT_clean_upper_bound,n_faces,OK,OK,OK,15.0,15.0,15.0,0.0,NO_NUMERIC_CHANGE
B8,E1_Baseline_rendered,roof_cov,SOURCE_MISSING,SOURCE_MISSING,SOURCE_MISSING,,,,,NA
B8,E1_Baseline_rendered,wall_cov,SOURCE_MISSING,SOURCE_MISSING,SOURCE_MISSING,,,,,NA
B8,E1_Baseline_rendered,ground_cov,SOURCE_MISSING,SOURCE_MISSING,SOURCE_MISSING,,,,,NA
B8,E1_Baseline_rendered,semantic_face_acc,SOURCE_MISSING,SOURCE_MISSING,SOURCE_MISSING,,,,,NA
B8,E1_Baseline_rendered,support_coverage,SOURCE_MISSING,SOURCE_MISSING,SOURCE_MISSING,,,,,NA
B8,E1_Baseline_rendered,F,SOURCE_MISSING,SOURCE_MISSING,SOURCE_MISSING,,,,,NA
B8,E1_Baseline_rendered,precision,SOURCE_MISSING,SOURCE_MISSING,SOURCE_MISSING,,,,,NA
B8,E1_Baseline_rendered,recall,SOURCE_MISSING,SOURCE_MISSING,SOURCE_MISSING,,,,,NA
B8,E1_Baseline_rendered,h_err,SOURCE_MISSING,SOURCE_MISSING,SOURCE_MISSING,,,,,NA
B8,E1_Baseline_rendered,vol_ratio,SOURCE_MISSING,SOURCE_MISSING,SOURCE_MISSING,,,,,NA
B8,E1_Baseline_rendered,hausdorff,SOURCE_MISSING,SOURCE_MISSING,SOURCE_MISSING,,,,,NA
B8,E1_Baseline_rendered,chamfer,SOURCE_MISSING,SOURCE_MISSING,SOURCE_MISSING,,,,,NA
B8,E1_Baseline_rendered,footprint_IoU,SOURCE_MISSING,SOURCE_MISSING,SOURCE_MISSING,,,,,NA
B8,E1_Baseline_rendered,edge_ok,SOURCE_MISSING,SOURCE_MISSING,SOURCE_MISSING,,,,,NA
B8,E1_Baseline_rendered,open_edges,SOURCE_MISSING,SOURCE_MISSING,SOURCE_MISSING,,,,,NA
B8,E1_Baseline_rendered,nonmanifold_edges,SOURCE_MISSING,SOURCE_MISSING,SOURCE_MISSING,,,,,NA
B8,E1_Baseline_rendered,n_faces,SOURCE_MISSING,SOURCE_MISSING,SOURCE_MISSING,0.0,,,,NA
B8,E2_Mutual_rendered,roof_cov,OK,OK,OK,1.0,1.0,1.0,0.0,NO_NUMERIC_CHANGE
B8,E2_Mutual_rendered,wall_cov,OK,OK,OK,0.9786666666666667,0.9823333333333333,0.9823333333333333,0.0,NO_NUMERIC_CHANGE
B8,E2_Mutual_rendered,ground_cov,OK,OK,OK,0.586,0.606,0.606,0.0,NO_NUMERIC_CHANGE
B8,E2_Mutual_rendered,semantic_face_acc,OK,OK,OK,0.944,0.9568333333333333,0.9568333333333333,0.0,NO_NUMERIC_CHANGE
B8,E2_Mutual_rendered,support_coverage,OK,OK,OK,0.505,0.513,0.513,0.0,NO_NUMERIC_CHANGE
B8,E2_Mutual_rendered,F,OK,OK,OK,0.9170307105215336,0.9175338841974635,0.9175338841974635,0.0,NO_NUMERIC_CHANGE
B8,E2_Mutual_rendered,precision,OK,OK,OK,0.906,0.9036666666666666,0.9036666666666666,0.0,NO_NUMERIC_CHANGE
B8,E2_Mutual_rendered,recall,OK,OK,OK,0.9283333333333333,0.9318333333333333,0.9318333333333333,0.0,NO_NUMERIC_CHANGE
B8,E2_Mutual_rendered,h_err,OK,OK,OK,0.46113781590596403,0.46113781590596403,0.46113781590596403,0.0,NO_NUMERIC_CHANGE
B8,E2_Mutual_rendered,vol_ratio,OK,OK,OK,1.5768405803192445,1.5768500644137617,1.5768500644137617,0.0,NO_NUMERIC_CHANGE
B8,E2_Mutual_rendered,hausdorff,OK,OK,OK,0.8854303155636295,0.7712779498861765,0.7712779498861765,0.0,NO_NUMERIC_CHANGE
B8,E2_Mutual_rendered,chamfer,OK,OK,OK,0.21840048693065944,0.2181518403308031,0.2181518403308031,0.0,NO_NUMERIC_CHANGE
B8,E2_Mutual_rendered,footprint_IoU,OK,OK,OK,1.0,1.0,1.0,0.0,NO_NUMERIC_CHANGE
B8,E2_Mutual_rendered,edge_ok,OK,OK,OK,1,1,1,0,NO_NUMERIC_CHANGE
B8,E2_Mutual_rendered,open_edges,OK,OK,OK,0.0,0.0,0.0,0.0,NO_NUMERIC_CHANGE
B8,E2_Mutual_rendered,nonmanifold_edges,OK,OK,OK,0.0,0.0,0.0,0.0,NO_NUMERIC_CHANGE
B8,E2_Mutual_rendered,n_faces,OK,OK,OK,15.0,15.0,15.0,0.0,NO_NUMERIC_CHANGE
B8,E3_Baseline_primitive,roof_cov,OK,OK,OK,0.988,0.989,0.989,0.0,NO_NUMERIC_CHANGE
B8,E3_Baseline_primitive,wall_cov,OK,OK,OK,0.973,0.9793333333333333,0.9793333333333333,0.0,NO_NUMERIC_CHANGE
B8,E3_Baseline_primitive,ground_cov,OK,OK,OK,0.0,0.0,0.0,0.0,NO_NUMERIC_CHANGE
B8,E3_Baseline_primitive,semantic_face_acc,OK,OK,OK,0.9395,0.9525,0.9525,0.0,NO_NUMERIC_CHANGE
B8,E3_Baseline_primitive,support_coverage,OK,OK,OK,0.486,0.4836666666666667,0.4836666666666667,0.0,NO_NUMERIC_CHANGE
B8,E3_Baseline_primitive,F,OK,OK,OK,0.8881420621521916,0.8922622603933283,0.8922622603933283,0.0,NO_NUMERIC_CHANGE
B8,E3_Baseline_primitive,precision,OK,OK,OK,0.8706666666666667,0.8736666666666667,0.8736666666666667,0.0,NO_NUMERIC_CHANGE
B8,E3_Baseline_primitive,recall,OK,OK,OK,0.9063333333333333,0.9116666666666666,0.9116666666666666,0.0,NO_NUMERIC_CHANGE
B8,E3_Baseline_primitive,h_err,OK,OK,OK,0.6686138020521941,0.6686138020521941,0.6686138020521941,0.0,NO_NUMERIC_CHANGE
B8,E3_Baseline_primitive,vol_ratio,OK,OK,OK,1.615097234944657,1.6150951273111274,1.6150951273111274,0.0,NO_NUMERIC_CHANGE
B8,E3_Baseline_primitive,hausdorff,OK,OK,OK,0.967329114331228,0.9769479610478715,0.9769479610478715,0.0,NO_NUMERIC_CHANGE
B8,E3_Baseline_primitive,chamfer,OK,OK,OK,0.23522339459204183,0.23479270379294814,0.23479270379294814,0.0,NO_NUMERIC_CHANGE
B8,E3_Baseline_primitive,footprint_IoU,OK,OK,OK,1.0,1.0,1.0,0.0,NO_NUMERIC_CHANGE
B8,E3_Baseline_primitive,edge_ok,OK,OK,OK,1,1,1,0,NO_NUMERIC_CHANGE
B8,E3_Baseline_primitive,open_edges,OK,OK,OK,0.0,0.0,0.0,0.0,NO_NUMERIC_CHANGE
B8,E3_Baseline_primitive,nonmanifold_edges,OK,OK,OK,0.0,0.0,0.0,0.0,NO_NUMERIC_CHANGE
B8,E3_Baseline_primitive,n_faces,OK,OK,OK,15.0,15.0,15.0,0.0,NO_NUMERIC_CHANGE
B8,E4_Mutual_primitive,roof_cov,OK,OK,OK,0.8753333333333333,0.884,0.884,0.0,NO_NUMERIC_CHANGE
B8,E4_Mutual_primitive,wall_cov,OK,OK,OK,0.969,0.973,0.973,0.0,NO_NUMERIC_CHANGE
B8,E4_Mutual_primitive,ground_cov,OK,OK,OK,0.0,0.0,0.0,0.0,NO_NUMERIC_CHANGE
B8,E4_Mutual_primitive,semantic_face_acc,OK,OK,OK,0.9326666666666666,0.9471666666666667,0.9471666666666667,0.0,NO_NUMERIC_CHANGE
B8,E4_Mutual_primitive,support_coverage,OK,OK,OK,0.48900000000000005,0.49266666666666664,0.49266666666666664,0.0,NO_NUMERIC_CHANGE
B8,E4_Mutual_primitive,F,OK,OK,OK,0.8740526115135341,0.876168425723432,0.876168425723432,0.0,NO_NUMERIC_CHANGE
B8,E4_Mutual_primitive,precision,OK,OK,OK,0.8586666666666667,0.8616666666666667,0.8616666666666667,0.0,NO_NUMERIC_CHANGE
B8,E4_Mutual_primitive,recall,OK,OK,OK,0.89,0.8911666666666667,0.8911666666666667,0.0,NO_NUMERIC_CHANGE
B8,E4_Mutual_primitive,h_err,OK,OK,OK,0.5975710469081168,0.5975710469081168,0.5975710469081168,0.0,NO_NUMERIC_CHANGE
B8,E4_Mutual_primitive,vol_ratio,OK,OK,OK,1.5625251203294277,1.5625232035976253,1.5625232035976253,0.0,NO_NUMERIC_CHANGE
B8,E4_Mutual_primitive,hausdorff,OK,OK,OK,0.9873972486570328,0.9978989764767301,0.9978989764767301,0.0,NO_NUMERIC_CHANGE
B8,E4_Mutual_primitive,chamfer,OK,OK,OK,0.24922539455377113,0.2475761898781052,0.2475761898781052,0.0,NO_NUMERIC_CHANGE
B8,E4_Mutual_primitive,footprint_IoU,OK,OK,OK,1.0,1.0,1.0,0.0,NO_NUMERIC_CHANGE
B8,E4_Mutual_primitive,edge_ok,OK,OK,OK,1,1,1,0,NO_NUMERIC_CHANGE
B8,E4_Mutual_primitive,open_edges,OK,OK,OK,0.0,0.0,0.0,0.0,NO_NUMERIC_CHANGE
B8,E4_Mutual_primitive,nonmanifold_edges,OK,OK,OK,0.0,0.0,0.0,0.0,NO_NUMERIC_CHANGE
B8,E4_Mutual_primitive,n_faces,OK,OK,OK,15.0,15.0,15.0,0.0,NO_NUMERIC_CHANGE
B6,E0_GT_clean_upper_bound,roof_cov,OK,OK,OK,0.5713333333333334,0.5756666666666667,0.5756666666666667,0.0,NO_NUMERIC_CHANGE
B6,E0_GT_clean_upper_bound,wall_cov,OK,OK,OK,0.9353333333333333,0.9346666666666666,0.9346666666666666,0.0,NO_NUMERIC_CHANGE
B6,E0_GT_clean_upper_bound,ground_cov,OK,OK,OK,1.0,1.0,1.0,0.0,NO_NUMERIC_CHANGE
B6,E0_GT_clean_upper_bound,semantic_face_acc,OK,OK,OK,0.9383333333333334,0.9523333333333334,0.9523333333333334,0.0,NO_NUMERIC_CHANGE
B6,E0_GT_clean_upper_bound,support_coverage,OK,OK,OK,0.7706666666666666,0.7676666666666666,0.7676666666666666,0.0,NO_NUMERIC_CHANGE
B6,E0_GT_clean_upper_bound,F,OK,OK,OK,0.9365672686297185,0.9374104455504207,0.9374104455504207,0.0,NO_NUMERIC_CHANGE
B6,E0_GT_clean_upper_bound,precision,OK,OK,OK,0.9498333333333333,0.9531666666666667,0.9531666666666667,0.0,NO_NUMERIC_CHANGE
B6,E0_GT_clean_upper_bound,recall,OK,OK,OK,0.9236666666666666,0.9221666666666667,0.9221666666666667,0.0,NO_NUMERIC_CHANGE
B6,E0_GT_clean_upper_bound,h_err,OK,OK,OK,3.6069999999999993,3.6069999999999993,3.6069999999999993,0.0,NO_NUMERIC_CHANGE
B6,E0_GT_clean_upper_bound,vol_ratio,OK,OK,OK,0.6464930438013987,0.6464930438014105,0.6464930438014105,0.0,NO_NUMERIC_CHANGE
B6,E0_GT_clean_upper_bound,hausdorff,OK,OK,OK,3.905623131240507,3.884961874743159,3.884961874743159,0.0,NO_NUMERIC_CHANGE
B6,E0_GT_clean_upper_bound,chamfer,OK,OK,OK,0.243570355337679,0.24119812354740283,0.24119812354740283,0.0,NO_NUMERIC_CHANGE
B6,E0_GT_clean_upper_bound,footprint_IoU,OK,OK,OK,1.0,1.0,1.0,0.0,NO_NUMERIC_CHANGE
B6,E0_GT_clean_upper_bound,edge_ok,OK,OK,OK,1,1,1,0,NO_NUMERIC_CHANGE
B6,E0_GT_clean_upper_bound,open_edges,OK,OK,OK,0.0,0.0,0.0,0.0,NO_NUMERIC_CHANGE
B6,E0_GT_clean_upper_bound,nonmanifold_edges,OK,OK,OK,0.0,0.0,0.0,0.0,NO_NUMERIC_CHANGE
B6,E0_GT_clean_upper_bound,n_faces,OK,OK,OK,23.0,23.0,23.0,0.0,NO_NUMERIC_CHANGE
B6,E1_Baseline_rendered,roof_cov,SOURCE_MISSING,SOURCE_MISSING,SOURCE_MISSING,,,,,NA
B6,E1_Baseline_rendered,wall_cov,SOURCE_MISSING,SOURCE_MISSING,SOURCE_MISSING,,,,,NA
B6,E1_Baseline_rendered,ground_cov,SOURCE_MISSING,SOURCE_MISSING,SOURCE_MISSING,,,,,NA
B6,E1_Baseline_rendered,semantic_face_acc,SOURCE_MISSING,SOURCE_MISSING,SOURCE_MISSING,,,,,NA
B6,E1_Baseline_rendered,support_coverage,SOURCE_MISSING,SOURCE_MISSING,SOURCE_MISSING,,,,,NA
B6,E1_Baseline_rendered,F,SOURCE_MISSING,SOURCE_MISSING,SOURCE_MISSING,,,,,NA
B6,E1_Baseline_rendered,precision,SOURCE_MISSING,SOURCE_MISSING,SOURCE_MISSING,,,,,NA
B6,E1_Baseline_rendered,recall,SOURCE_MISSING,SOURCE_MISSING,SOURCE_MISSING,,,,,NA
B6,E1_Baseline_rendered,h_err,SOURCE_MISSING,SOURCE_MISSING,SOURCE_MISSING,,,,,NA
B6,E1_Baseline_rendered,vol_ratio,SOURCE_MISSING,SOURCE_MISSING,SOURCE_MISSING,,,,,NA
B6,E1_Baseline_rendered,hausdorff,SOURCE_MISSING,SOURCE_MISSING,SOURCE_MISSING,,,,,NA
B6,E1_Baseline_rendered,chamfer,SOURCE_MISSING,SOURCE_MISSING,SOURCE_MISSING,,,,,NA
B6,E1_Baseline_rendered,footprint_IoU,SOURCE_MISSING,SOURCE_MISSING,SOURCE_MISSING,,,,,NA
B6,E1_Baseline_rendered,edge_ok,SOURCE_MISSING,SOURCE_MISSING,SOURCE_MISSING,,,,,NA
B6,E1_Baseline_rendered,open_edges,SOURCE_MISSING,SOURCE_MISSING,SOURCE_MISSING,,,,,NA
B6,E1_Baseline_rendered,nonmanifold_edges,SOURCE_MISSING,SOURCE_MISSING,SOURCE_MISSING,,,,,NA
B6,E1_Baseline_rendered,n_faces,SOURCE_MISSING,SOURCE_MISSING,SOURCE_MISSING,0.0,,,,NA
B6,E2_Mutual_rendered,roof_cov,OK,OK,OK,0.521,0.5246666666666666,0.5246666666666666,0.0,NO_NUMERIC_CHANGE
B6,E2_Mutual_rendered,wall_cov,OK,OK,OK,0.943,0.932,0.932,0.0,NO_NUMERIC_CHANGE
B6,E2_Mutual_rendered,ground_cov,OK,OK,OK,1.0,1.0,1.0,0.0,NO_NUMERIC_CHANGE
B6,E2_Mutual_rendered,semantic_face_acc,OK,OK,OK,0.9286666666666666,0.937,0.937,0.0,NO_NUMERIC_CHANGE
B6,E2_Mutual_rendered,support_coverage,OK,OK,OK,0.4106666666666667,0.41733333333333333,0.41733333333333333,0.0,NO_NUMERIC_CHANGE
B6,E2_Mutual_rendered,F,OK,OK,OK,0.9319523128278494,0.931374727863768,0.931374727863768,0.0,NO_NUMERIC_CHANGE
B6,E2_Mutual_rendered,precision,OK,OK,OK,0.9386666666666666,0.9376666666666666,0.9376666666666666,0.0,NO_NUMERIC_CHANGE
B6,E2_Mutual_rendered,recall,OK,OK,OK,0.9253333333333333,0.9251666666666667,0.9251666666666667,0.0,NO_NUMERIC_CHANGE
B6,E2_Mutual_rendered,h_err,OK,OK,OK,3.38937412340141,3.38937412340141,3.38937412340141,0.0,NO_NUMERIC_CHANGE
B6,E2_Mutual_rendered,vol_ratio,OK,OK,OK,0.6639007633208525,0.6638984274781619,0.6638984274781619,0.0,NO_NUMERIC_CHANGE
B6,E2_Mutual_rendered,hausdorff,OK,OK,OK,3.60780420490863,3.6235083886001966,3.6235083886001966,0.0,NO_NUMERIC_CHANGE
B6,E2_Mutual_rendered,chamfer,OK,OK,OK,0.2399477653748128,0.23824001664625477,0.23824001664625477,0.0,NO_NUMERIC_CHANGE
B6,E2_Mutual_rendered,footprint_IoU,OK,OK,OK,1.0,1.0,1.0,0.0,NO_NUMERIC_CHANGE
B6,E2_Mutual_rendered,edge_ok,OK,OK,OK,1,1,1,0,NO_NUMERIC_CHANGE
B6,E2_Mutual_rendered,open_edges,OK,OK,OK,0.0,0.0,0.0,0.0,NO_NUMERIC_CHANGE
B6,E2_Mutual_rendered,nonmanifold_edges,OK,OK,OK,0.0,0.0,0.0,0.0,NO_NUMERIC_CHANGE
B6,E2_Mutual_rendered,n_faces,OK,OK,OK,23.0,23.0,23.0,0.0,NO_NUMERIC_CHANGE
B6,E3_Baseline_primitive,roof_cov,OK,OK,OK,0.2906666666666667,0.2833333333333333,0.2833333333333333,0.0,NO_NUMERIC_CHANGE
B6,E3_Baseline_primitive,wall_cov,OK,OK,OK,0.931,0.933,0.933,0.0,NO_NUMERIC_CHANGE
B6,E3_Baseline_primitive,ground_cov,OK,OK,OK,0.0,0.0,0.0,0.0,NO_NUMERIC_CHANGE
B6,E3_Baseline_primitive,semantic_face_acc,OK,OK,OK,0.8928333333333334,0.9181666666666667,0.9181666666666667,0.0,NO_NUMERIC_CHANGE
B6,E3_Baseline_primitive,support_coverage,OK,OK,OK,0.39699999999999996,0.38033333333333336,0.38033333333333336,0.0,NO_NUMERIC_CHANGE
B6,E3_Baseline_primitive,F,OK,OK,OK,0.822612641815235,0.8265758064516129,0.8265758064516129,0.0,NO_NUMERIC_CHANGE
B6,E3_Baseline_primitive,precision,OK,OK,OK,0.8293333333333334,0.8353333333333334,0.8353333333333334,0.0,NO_NUMERIC_CHANGE
B6,E3_Baseline_primitive,recall,OK,OK,OK,0.816,0.818,0.818,0.0,NO_NUMERIC_CHANGE
B6,E3_Baseline_primitive,h_err,OK,OK,OK,2.960689442070379,2.960689442070379,2.960689442070379,0.0,NO_NUMERIC_CHANGE
B6,E3_Baseline_primitive,vol_ratio,OK,OK,OK,0.6162998825082813,0.6163026912786371,0.6163026912786371,0.0,NO_NUMERIC_CHANGE
B6,E3_Baseline_primitive,hausdorff,OK,OK,OK,4.1841916578437175,4.202797611668658,4.202797611668658,0.0,NO_NUMERIC_CHANGE
B6,E3_Baseline_primitive,chamfer,OK,OK,OK,0.319278289594209,0.31466662893928754,0.31466662893928754,0.0,NO_NUMERIC_CHANGE
B6,E3_Baseline_primitive,footprint_IoU,OK,OK,OK,1.0,1.0,1.0,0.0,NO_NUMERIC_CHANGE
B6,E3_Baseline_primitive,edge_ok,OK,OK,OK,1,1,1,0,NO_NUMERIC_CHANGE
B6,E3_Baseline_primitive,open_edges,OK,OK,OK,0.0,0.0,0.0,0.0,NO_NUMERIC_CHANGE
B6,E3_Baseline_primitive,nonmanifold_edges,OK,OK,OK,0.0,0.0,0.0,0.0,NO_NUMERIC_CHANGE
B6,E3_Baseline_primitive,n_faces,OK,OK,OK,23.0,23.0,23.0,0.0,NO_NUMERIC_CHANGE
B6,E4_Mutual_primitive,roof_cov,OK,OK,OK,0.363,0.3556666666666667,0.3556666666666667,0.0,NO_NUMERIC_CHANGE
B6,E4_Mutual_primitive,wall_cov,OK,OK,OK,0.9383333333333334,0.936,0.936,0.0,NO_NUMERIC_CHANGE
B6,E4_Mutual_primitive,ground_cov,OK,OK,OK,0.0,0.0,0.0,0.0,NO_NUMERIC_CHANGE
B6,E4_Mutual_primitive,semantic_face_acc,OK,OK,OK,0.897,0.9216666666666666,0.9216666666666666,0.0,NO_NUMERIC_CHANGE
B6,E4_Mutual_primitive,support_coverage,OK,OK,OK,0.4343333333333333,0.4413333333333333,0.4413333333333333,0.0,NO_NUMERIC_CHANGE
B6,E4_Mutual_primitive,F,OK,OK,OK,0.8335803259022293,0.8339991673328003,0.8339991673328003,0.0,NO_NUMERIC_CHANGE
B6,E4_Mutual_primitive,precision,OK,OK,OK,0.832,0.8348333333333333,0.8348333333333333,0.0,NO_NUMERIC_CHANGE
B6,E4_Mutual_primitive,recall,OK,OK,OK,0.8351666666666666,0.8331666666666667,0.8331666666666667,0.0,NO_NUMERIC_CHANGE
B6,E4_Mutual_primitive,h_err,OK,OK,OK,3.0026247571795004,3.0026247571795004,3.0026247571795004,0.0,NO_NUMERIC_CHANGE
B6,E4_Mutual_primitive,vol_ratio,OK,OK,OK,0.658062210212985,0.6580591292197712,0.6580591292197712,0.0,NO_NUMERIC_CHANGE
B6,E4_Mutual_primitive,hausdorff,OK,OK,OK,3.6486233589429746,3.6645188311140533,3.6645188311140533,0.0,NO_NUMERIC_CHANGE
B6,E4_Mutual_primitive,chamfer,OK,OK,OK,0.2948882372101992,0.2939924470956061,0.2939924470956061,0.0,NO_NUMERIC_CHANGE
B6,E4_Mutual_primitive,footprint_IoU,OK,OK,OK,1.0,1.0,1.0,0.0,NO_NUMERIC_CHANGE
B6,E4_Mutual_primitive,edge_ok,OK,OK,OK,1,1,1,0,NO_NUMERIC_CHANGE
B6,E4_Mutual_primitive,open_edges,OK,OK,OK,0.0,0.0,0.0,0.0,NO_NUMERIC_CHANGE
B6,E4_Mutual_primitive,nonmanifold_edges,OK,OK,OK,0.0,0.0,0.0,0.0,NO_NUMERIC_CHANGE
B6,E4_Mutual_primitive,n_faces,OK,OK,OK,23.0,23.0,23.0,0.0,NO_NUMERIC_CHANGE
B3,E0_GT_clean_upper_bound,roof_cov,OK,OK,OK,0.13633333333333333,0.13733333333333334,0.13733333333333334,0.0,NO_NUMERIC_CHANGE
B3,E0_GT_clean_upper_bound,wall_cov,OK,OK,OK,0.5933333333333334,0.618,0.618,0.0,NO_NUMERIC_CHANGE
B3,E0_GT_clean_upper_bound,ground_cov,OK,OK,OK,0.935,0.9216666666666666,0.9216666666666666,0.0,NO_NUMERIC_CHANGE
B3,E0_GT_clean_upper_bound,semantic_face_acc,OK,OK,OK,0.7758333333333334,0.7703333333333333,0.7703333333333333,0.0,NO_NUMERIC_CHANGE
B3,E0_GT_clean_upper_bound,support_coverage,OK,OK,OK,0.6246666666666667,0.6306666666666666,0.6306666666666666,0.0,NO_NUMERIC_CHANGE
B3,E0_GT_clean_upper_bound,F,OK,OK,OK,0.43800785207700105,0.4328029749310765,0.4328029749310765,0.0,NO_NUMERIC_CHANGE
B3,E0_GT_clean_upper_bound,precision,OK,OK,OK,0.4216666666666667,0.41933333333333334,0.41933333333333334,0.0,NO_NUMERIC_CHANGE
B3,E0_GT_clean_upper_bound,recall,OK,OK,OK,0.45566666666666666,0.44716666666666666,0.44716666666666666,0.0,NO_NUMERIC_CHANGE
B3,E0_GT_clean_upper_bound,h_err,OK,OK,OK,0.0,0.0,0.0,0.0,NO_NUMERIC_CHANGE
B3,E0_GT_clean_upper_bound,vol_ratio,OK,OK,OK,1.0238178731397176,1.0238178731397176,1.0238178731397176,0.0,NO_NUMERIC_CHANGE
B3,E0_GT_clean_upper_bound,hausdorff,OK,OK,OK,12.843803156521508,12.51940903505428,12.51940903505428,0.0,NO_NUMERIC_CHANGE
B3,E0_GT_clean_upper_bound,chamfer,OK,OK,OK,1.1023835402131719,1.1354435661182025,1.1354435661182025,0.0,NO_NUMERIC_CHANGE
B3,E0_GT_clean_upper_bound,footprint_IoU,OK,OK,OK,1.0,1.0,1.0,0.0,NO_NUMERIC_CHANGE
B3,E0_GT_clean_upper_bound,edge_ok,OK,OK,OK,1,1,1,0,NO_NUMERIC_CHANGE
B3,E0_GT_clean_upper_bound,open_edges,OK,OK,OK,0.0,0.0,0.0,0.0,NO_NUMERIC_CHANGE
B3,E0_GT_clean_upper_bound,nonmanifold_edges,OK,OK,OK,0.0,0.0,0.0,0.0,NO_NUMERIC_CHANGE
B3,E0_GT_clean_upper_bound,n_faces,OK,OK,OK,83.0,83.0,83.0,0.0,NO_NUMERIC_CHANGE
B3,E1_Baseline_rendered,roof_cov,SOURCE_MISSING,SOURCE_MISSING,SOURCE_MISSING,,,,,NA
B3,E1_Baseline_rendered,wall_cov,SOURCE_MISSING,SOURCE_MISSING,SOURCE_MISSING,,,,,NA
B3,E1_Baseline_rendered,ground_cov,SOURCE_MISSING,SOURCE_MISSING,SOURCE_MISSING,,,,,NA
B3,E1_Baseline_rendered,semantic_face_acc,SOURCE_MISSING,SOURCE_MISSING,SOURCE_MISSING,,,,,NA
B3,E1_Baseline_rendered,support_coverage,SOURCE_MISSING,SOURCE_MISSING,SOURCE_MISSING,,,,,NA
B3,E1_Baseline_rendered,F,SOURCE_MISSING,SOURCE_MISSING,SOURCE_MISSING,,,,,NA
B3,E1_Baseline_rendered,precision,SOURCE_MISSING,SOURCE_MISSING,SOURCE_MISSING,,,,,NA
B3,E1_Baseline_rendered,recall,SOURCE_MISSING,SOURCE_MISSING,SOURCE_MISSING,,,,,NA
B3,E1_Baseline_rendered,h_err,SOURCE_MISSING,SOURCE_MISSING,SOURCE_MISSING,,,,,NA
B3,E1_Baseline_rendered,vol_ratio,SOURCE_MISSING,SOURCE_MISSING,SOURCE_MISSING,,,,,NA
B3,E1_Baseline_rendered,hausdorff,SOURCE_MISSING,SOURCE_MISSING,SOURCE_MISSING,,,,,NA
B3,E1_Baseline_rendered,chamfer,SOURCE_MISSING,SOURCE_MISSING,SOURCE_MISSING,,,,,NA
B3,E1_Baseline_rendered,footprint_IoU,SOURCE_MISSING,SOURCE_MISSING,SOURCE_MISSING,,,,,NA
B3,E1_Baseline_rendered,edge_ok,SOURCE_MISSING,SOURCE_MISSING,SOURCE_MISSING,,,,,NA
B3,E1_Baseline_rendered,open_edges,SOURCE_MISSING,SOURCE_MISSING,SOURCE_MISSING,,,,,NA
B3,E1_Baseline_rendered,nonmanifold_edges,SOURCE_MISSING,SOURCE_MISSING,SOURCE_MISSING,,,,,NA
B3,E1_Baseline_rendered,n_faces,SOURCE_MISSING,SOURCE_MISSING,SOURCE_MISSING,0.0,,,,NA
B3,E2_Mutual_rendered,roof_cov,OK,OK,OK,0.16666666666666666,0.156,0.156,0.0,NO_NUMERIC_CHANGE
B3,E2_Mutual_rendered,wall_cov,OK,OK,OK,0.612,0.6216666666666667,0.6216666666666667,0.0,NO_NUMERIC_CHANGE
B3,E2_Mutual_rendered,ground_cov,OK,OK,OK,0.909,0.896,0.896,0.0,NO_NUMERIC_CHANGE
B3,E2_Mutual_rendered,semantic_face_acc,OK,OK,OK,0.7955,0.7798333333333334,0.7798333333333334,0.0,NO_NUMERIC_CHANGE
B3,E2_Mutual_rendered,support_coverage,OK,OK,OK,0.25499999999999995,0.25533333333333336,0.25533333333333336,0.0,NO_NUMERIC_CHANGE
B3,E2_Mutual_rendered,F,OK,OK,OK,0.4486254869226488,0.43840797720797725,0.43840797720797725,0.0,NO_NUMERIC_CHANGE
B3,E2_Mutual_rendered,precision,OK,OK,OK,0.4325,0.4265,0.4265,0.0,NO_NUMERIC_CHANGE
B3,E2_Mutual_rendered,recall,OK,OK,OK,0.466,0.451,0.451,0.0,NO_NUMERIC_CHANGE
B3,E2_Mutual_rendered,h_err,OK,OK,OK,1.8207417446001521,1.8207417446001521,1.8207417446001521,0.0,NO_NUMERIC_CHANGE
B3,E2_Mutual_rendered,vol_ratio,OK,OK,OK,0.9731801334551874,0.9731816247712521,0.9731816247712521,0.0,NO_NUMERIC_CHANGE
B3,E2_Mutual_rendered,hausdorff,OK,OK,OK,11.16507198236834,11.183994129120826,11.183994129120826,0.0,NO_NUMERIC_CHANGE
B3,E2_Mutual_rendered,chamfer,OK,OK,OK,1.0363764128376793,1.0762153717867158,1.0762153717867158,0.0,NO_NUMERIC_CHANGE
B3,E2_Mutual_rendered,footprint_IoU,OK,OK,OK,1.0,1.0,1.0,0.0,NO_NUMERIC_CHANGE
B3,E2_Mutual_rendered,edge_ok,OK,OK,OK,1,1,1,0,NO_NUMERIC_CHANGE
B3,E2_Mutual_rendered,open_edges,OK,OK,OK,0.0,0.0,0.0,0.0,NO_NUMERIC_CHANGE
B3,E2_Mutual_rendered,nonmanifold_edges,OK,OK,OK,0.0,0.0,0.0,0.0,NO_NUMERIC_CHANGE
B3,E2_Mutual_rendered,n_faces,OK,OK,OK,83.0,83.0,83.0,0.0,NO_NUMERIC_CHANGE
B3,E3_Baseline_primitive,roof_cov,OK,OK,OK,0.12466666666666666,0.12966666666666668,0.12966666666666668,0.0,NO_NUMERIC_CHANGE
B3,E3_Baseline_primitive,wall_cov,OK,OK,OK,0.58,0.597,0.597,0.0,NO_NUMERIC_CHANGE
B3,E3_Baseline_primitive,ground_cov,OK,OK,OK,0.30833333333333335,0.30666666666666664,0.30666666666666664,0.0,NO_NUMERIC_CHANGE
B3,E3_Baseline_primitive,semantic_face_acc,OK,OK,OK,0.7541666666666667,0.7558333333333334,0.7558333333333334,0.0,NO_NUMERIC_CHANGE
B3,E3_Baseline_primitive,support_coverage,OK,OK,OK,0.231,0.22433333333333336,0.22433333333333336,0.0,NO_NUMERIC_CHANGE
B3,E3_Baseline_primitive,F,OK,OK,OK,0.3404918032786885,0.3470088835534214,0.3470088835534214,0.0,NO_NUMERIC_CHANGE
B3,E3_Baseline_primitive,precision,OK,OK,OK,0.335,0.342,0.342,0.0,NO_NUMERIC_CHANGE
B3,E3_Baseline_primitive,recall,OK,OK,OK,0.3461666666666667,0.3521666666666667,0.3521666666666667,0.0,NO_NUMERIC_CHANGE
B3,E3_Baseline_primitive,h_err,OK,OK,OK,3.7663575751335223,3.7663575751335223,3.7663575751335223,0.0,NO_NUMERIC_CHANGE
B3,E3_Baseline_primitive,vol_ratio,OK,OK,OK,0.9546524899005119,0.954647987011602,0.954647987011602,0.0,NO_NUMERIC_CHANGE
B3,E3_Baseline_primitive,hausdorff,OK,OK,OK,10.102817385236577,9.978910581948622,9.978910581948622,0.0,NO_NUMERIC_CHANGE
B3,E3_Baseline_primitive,chamfer,OK,OK,OK,1.0557442811780529,1.0629506495836343,1.0629506495836343,0.0,NO_NUMERIC_CHANGE
B3,E3_Baseline_primitive,footprint_IoU,OK,OK,OK,1.0,1.0,1.0,0.0,NO_NUMERIC_CHANGE
B3,E3_Baseline_primitive,edge_ok,OK,OK,OK,1,1,1,0,NO_NUMERIC_CHANGE
B3,E3_Baseline_primitive,open_edges,OK,OK,OK,0.0,0.0,0.0,0.0,NO_NUMERIC_CHANGE
B3,E3_Baseline_primitive,nonmanifold_edges,OK,OK,OK,0.0,0.0,0.0,0.0,NO_NUMERIC_CHANGE
B3,E3_Baseline_primitive,n_faces,OK,OK,OK,83.0,83.0,83.0,0.0,NO_NUMERIC_CHANGE
B3,E4_Mutual_primitive,roof_cov,OK,OK,OK,0.16333333333333333,0.16233333333333333,0.16233333333333333,0.0,NO_NUMERIC_CHANGE
B3,E4_Mutual_primitive,wall_cov,OK,OK,OK,0.5816666666666667,0.608,0.608,0.0,NO_NUMERIC_CHANGE
B3,E4_Mutual_primitive,ground_cov,OK,OK,OK,0.22633333333333333,0.229,0.229,0.0,NO_NUMERIC_CHANGE
B3,E4_Mutual_primitive,semantic_face_acc,OK,OK,OK,0.756,0.7585,0.7585,0.0,NO_NUMERIC_CHANGE
B3,E4_Mutual_primitive,support_coverage,OK,OK,OK,0.23500000000000001,0.22233333333333338,0.22233333333333338,0.0,NO_NUMERIC_CHANGE
B3,E4_Mutual_primitive,F,OK,OK,OK,0.34483538597762214,0.3401412360192669,0.3401412360192669,0.0,NO_NUMERIC_CHANGE
B3,E4_Mutual_primitive,precision,OK,OK,OK,0.3358333333333333,0.33416666666666667,0.33416666666666667,0.0,NO_NUMERIC_CHANGE
B3,E4_Mutual_primitive,recall,OK,OK,OK,0.35433333333333333,0.3463333333333333,0.3463333333333333,0.0,NO_NUMERIC_CHANGE
B3,E4_Mutual_primitive,h_err,OK,OK,OK,3.6932806700854,3.6932806700854,3.6932806700854,0.0,NO_NUMERIC_CHANGE
B3,E4_Mutual_primitive,vol_ratio,OK,OK,OK,0.9983135487638483,0.9983128224081079,0.9983128224081079,0.0,NO_NUMERIC_CHANGE
B3,E4_Mutual_primitive,hausdorff,OK,OK,OK,10.319838024153672,10.34905734223538,10.34905734223538,0.0,NO_NUMERIC_CHANGE
B3,E4_Mutual_primitive,chamfer,OK,OK,OK,1.0316127197351301,1.0487456140827747,1.0487456140827747,0.0,NO_NUMERIC_CHANGE
B3,E4_Mutual_primitive,footprint_IoU,OK,OK,OK,1.0,1.0,1.0,0.0,NO_NUMERIC_CHANGE
B3,E4_Mutual_primitive,edge_ok,OK,OK,OK,1,1,1,0,NO_NUMERIC_CHANGE
B3,E4_Mutual_primitive,open_edges,OK,OK,OK,0.0,0.0,0.0,0.0,NO_NUMERIC_CHANGE
B3,E4_Mutual_primitive,nonmanifold_edges,OK,OK,OK,0.0,0.0,0.0,0.0,NO_NUMERIC_CHANGE
B3,E4_Mutual_primitive,n_faces,OK,OK,OK,83.0,83.0,83.0,0.0,NO_NUMERIC_CHANGE
B123,E0_GT_clean_upper_bound,roof_cov,OK,OK,OK,0.24666666666666667,0.23633333333333334,0.23633333333333334,0.0,NO_NUMERIC_CHANGE
B123,E0_GT_clean_upper_bound,wall_cov,OK,OK,OK,0.6463333333333333,0.6476666666666666,0.6476666666666666,0.0,NO_NUMERIC_CHANGE
B123,E0_GT_clean_upper_bound,ground_cov,OK,OK,OK,0.9776666666666667,0.9766666666666667,0.9766666666666667,0.0,NO_NUMERIC_CHANGE
B123,E0_GT_clean_upper_bound,semantic_face_acc,OK,OK,OK,0.8361666666666666,0.8325,0.8325,0.0,NO_NUMERIC_CHANGE
B123,E0_GT_clean_upper_bound,support_coverage,OK,OK,OK,0.65,0.6376666666666667,0.6376666666666667,0.0,NO_NUMERIC_CHANGE
B123,E0_GT_clean_upper_bound,F,OK,OK,OK,0.6321675889328063,0.6286635303472039,0.6286635303472039,0.0,NO_NUMERIC_CHANGE
B123,E0_GT_clean_upper_bound,precision,OK,OK,OK,0.647,0.6391666666666667,0.6391666666666667,0.0,NO_NUMERIC_CHANGE
B123,E0_GT_clean_upper_bound,recall,OK,OK,OK,0.618,0.6185,0.6185,0.0,NO_NUMERIC_CHANGE
B123,E0_GT_clean_upper_bound,h_err,OK,OK,OK,0.0,0.0,0.0,0.0,NO_NUMERIC_CHANGE
B123,E0_GT_clean_upper_bound,vol_ratio,OK,OK,OK,0.7431837443013092,0.74318374430131,0.74318374430131,0.0,NO_NUMERIC_CHANGE
B123,E0_GT_clean_upper_bound,hausdorff,OK,OK,OK,5.932051009053843,5.793265123814293,5.793265123814293,0.0,NO_NUMERIC_CHANGE
B123,E0_GT_clean_upper_bound,chamfer,OK,OK,OK,0.7866754955872073,0.7908111953262842,0.7908111953262842,0.0,NO_NUMERIC_CHANGE
B123,E0_GT_clean_upper_bound,footprint_IoU,OK,OK,OK,1.0,1.0,1.0,0.0,NO_NUMERIC_CHANGE
B123,E0_GT_clean_upper_bound,edge_ok,OK,OK,OK,1,1,1,0,NO_NUMERIC_CHANGE
B123,E0_GT_clean_upper_bound,open_edges,OK,OK,OK,0.0,0.0,0.0,0.0,NO_NUMERIC_CHANGE
B123,E0_GT_clean_upper_bound,nonmanifold_edges,OK,OK,OK,0.0,0.0,0.0,0.0,NO_NUMERIC_CHANGE
B123,E0_GT_clean_upper_bound,n_faces,OK,OK,OK,55.0,55.0,55.0,0.0,NO_NUMERIC_CHANGE
B123,E1_Baseline_rendered,roof_cov,SOURCE_MISSING,SOURCE_MISSING,SOURCE_MISSING,,,,,NA
B123,E1_Baseline_rendered,wall_cov,SOURCE_MISSING,SOURCE_MISSING,SOURCE_MISSING,,,,,NA
B123,E1_Baseline_rendered,ground_cov,SOURCE_MISSING,SOURCE_MISSING,SOURCE_MISSING,,,,,NA
B123,E1_Baseline_rendered,semantic_face_acc,SOURCE_MISSING,SOURCE_MISSING,SOURCE_MISSING,,,,,NA
B123,E1_Baseline_rendered,support_coverage,SOURCE_MISSING,SOURCE_MISSING,SOURCE_MISSING,,,,,NA
B123,E1_Baseline_rendered,F,SOURCE_MISSING,SOURCE_MISSING,SOURCE_MISSING,,,,,NA
B123,E1_Baseline_rendered,precision,SOURCE_MISSING,SOURCE_MISSING,SOURCE_MISSING,,,,,NA
B123,E1_Baseline_rendered,recall,SOURCE_MISSING,SOURCE_MISSING,SOURCE_MISSING,,,,,NA
B123,E1_Baseline_rendered,h_err,SOURCE_MISSING,SOURCE_MISSING,SOURCE_MISSING,,,,,NA
B123,E1_Baseline_rendered,vol_ratio,SOURCE_MISSING,SOURCE_MISSING,SOURCE_MISSING,,,,,NA
B123,E1_Baseline_rendered,hausdorff,SOURCE_MISSING,SOURCE_MISSING,SOURCE_MISSING,,,,,NA
B123,E1_Baseline_rendered,chamfer,SOURCE_MISSING,SOURCE_MISSING,SOURCE_MISSING,,,,,NA
B123,E1_Baseline_rendered,footprint_IoU,SOURCE_MISSING,SOURCE_MISSING,SOURCE_MISSING,,,,,NA
B123,E1_Baseline_rendered,edge_ok,SOURCE_MISSING,SOURCE_MISSING,SOURCE_MISSING,,,,,NA
B123,E1_Baseline_rendered,open_edges,SOURCE_MISSING,SOURCE_MISSING,SOURCE_MISSING,,,,,NA
B123,E1_Baseline_rendered,nonmanifold_edges,SOURCE_MISSING,SOURCE_MISSING,SOURCE_MISSING,,,,,NA
B123,E1_Baseline_rendered,n_faces,SOURCE_MISSING,SOURCE_MISSING,SOURCE_MISSING,0.0,,,,NA
B123,E2_Mutual_rendered,roof_cov,OK,OK,OK,0.15,0.15,0.15,0.0,NO_NUMERIC_CHANGE
B123,E2_Mutual_rendered,wall_cov,OK,OK,OK,0.638,0.6403333333333333,0.6403333333333333,0.0,NO_NUMERIC_CHANGE
B123,E2_Mutual_rendered,ground_cov,OK,OK,OK,0.9563333333333334,0.947,0.947,0.0,NO_NUMERIC_CHANGE
B123,E2_Mutual_rendered,semantic_face_acc,OK,OK,OK,0.8466666666666667,0.8393333333333334,0.8393333333333334,0.0,NO_NUMERIC_CHANGE
B123,E2_Mutual_rendered,support_coverage,OK,OK,OK,0.33966666666666673,0.3123333333333333,0.3123333333333333,0.0,NO_NUMERIC_CHANGE
B123,E2_Mutual_rendered,F,OK,OK,OK,0.5722756428918001,0.5762228645758057,0.5762228645758057,0.0,NO_NUMERIC_CHANGE
B123,E2_Mutual_rendered,precision,OK,OK,OK,0.5838333333333333,0.591,0.591,0.0,NO_NUMERIC_CHANGE
B123,E2_Mutual_rendered,recall,OK,OK,OK,0.5611666666666667,0.5621666666666667,0.5621666666666667,0.0,NO_NUMERIC_CHANGE
B123,E2_Mutual_rendered,h_err,OK,OK,OK,0.05493656572977912,0.05493656572977912,0.05493656572977912,0.0,NO_NUMERIC_CHANGE
B123,E2_Mutual_rendered,vol_ratio,OK,OK,OK,0.7385634117732891,0.7385642480606636,0.7385642480606636,0.0,NO_NUMERIC_CHANGE
B123,E2_Mutual_rendered,hausdorff,OK,OK,OK,5.414893169064048,5.348908854212128,5.348908854212128,0.0,NO_NUMERIC_CHANGE
B123,E2_Mutual_rendered,chamfer,OK,OK,OK,0.8723985328934007,0.8631629411907014,0.8631629411907014,0.0,NO_NUMERIC_CHANGE
B123,E2_Mutual_rendered,footprint_IoU,OK,OK,OK,1.0,1.0,1.0,0.0,NO_NUMERIC_CHANGE
B123,E2_Mutual_rendered,edge_ok,OK,OK,OK,1,1,1,0,NO_NUMERIC_CHANGE
B123,E2_Mutual_rendered,open_edges,OK,OK,OK,0.0,0.0,0.0,0.0,NO_NUMERIC_CHANGE
B123,E2_Mutual_rendered,nonmanifold_edges,OK,OK,OK,0.0,0.0,0.0,0.0,NO_NUMERIC_CHANGE
B123,E2_Mutual_rendered,n_faces,OK,OK,OK,55.0,55.0,55.0,0.0,NO_NUMERIC_CHANGE
B123,E3_Baseline_primitive,roof_cov,OK,OK,OK,0.133,0.14166666666666666,0.14166666666666666,0.0,NO_NUMERIC_CHANGE
B123,E3_Baseline_primitive,wall_cov,OK,OK,OK,0.6286666666666667,0.6416666666666667,0.6416666666666667,0.0,NO_NUMERIC_CHANGE
B123,E3_Baseline_primitive,ground_cov,OK,OK,OK,0.0,0.0,0.0,0.0,NO_NUMERIC_CHANGE
B123,E3_Baseline_primitive,semantic_face_acc,OK,OK,OK,0.8088333333333333,0.8096666666666666,0.8096666666666666,0.0,NO_NUMERIC_CHANGE
B123,E3_Baseline_primitive,support_coverage,OK,OK,OK,0.2866666666666667,0.271,0.271,0.0,NO_NUMERIC_CHANGE
B123,E3_Baseline_primitive,F,OK,OK,OK,0.42218880336819953,0.4180215268088499,0.4180215268088499,0.0,NO_NUMERIC_CHANGE
B123,E3_Baseline_primitive,precision,OK,OK,OK,0.42733333333333334,0.4231666666666667,0.4231666666666667,0.0,NO_NUMERIC_CHANGE
B123,E3_Baseline_primitive,recall,OK,OK,OK,0.4171666666666667,0.413,0.413,0.0,NO_NUMERIC_CHANGE
B123,E3_Baseline_primitive,h_err,OK,OK,OK,0.3613921506805582,0.3613921506805582,0.3613921506805582,0.0,NO_NUMERIC_CHANGE
B123,E3_Baseline_primitive,vol_ratio,OK,OK,OK,0.9479121223441074,0.947906308877938,0.947906308877938,0.0,NO_NUMERIC_CHANGE
B123,E3_Baseline_primitive,hausdorff,OK,OK,OK,5.717872908264401,5.675261000543541,5.675261000543541,0.0,NO_NUMERIC_CHANGE
B123,E3_Baseline_primitive,chamfer,OK,OK,OK,0.9576575692271078,0.9492878826054334,0.9492878826054334,0.0,NO_NUMERIC_CHANGE
B123,E3_Baseline_primitive,footprint_IoU,OK,OK,OK,1.0,1.0,1.0,0.0,NO_NUMERIC_CHANGE
B123,E3_Baseline_primitive,edge_ok,OK,OK,OK,1,1,1,0,NO_NUMERIC_CHANGE
B123,E3_Baseline_primitive,open_edges,OK,OK,OK,0.0,0.0,0.0,0.0,NO_NUMERIC_CHANGE
B123,E3_Baseline_primitive,nonmanifold_edges,OK,OK,OK,0.0,0.0,0.0,0.0,NO_NUMERIC_CHANGE
B123,E3_Baseline_primitive,n_faces,OK,OK,OK,55.0,55.0,55.0,0.0,NO_NUMERIC_CHANGE
B123,E4_Mutual_primitive,roof_cov,OK,OK,OK,0.14966666666666667,0.15633333333333332,0.15633333333333332,0.0,NO_NUMERIC_CHANGE
B123,E4_Mutual_primitive,wall_cov,OK,OK,OK,0.6373333333333333,0.6376666666666667,0.6376666666666667,0.0,NO_NUMERIC_CHANGE
B123,E4_Mutual_primitive,ground_cov,OK,OK,OK,0.0,0.0,0.0,0.0,NO_NUMERIC_CHANGE
B123,E4_Mutual_primitive,semantic_face_acc,OK,OK,OK,0.8251666666666667,0.82,0.82,0.0,NO_NUMERIC_CHANGE
B123,E4_Mutual_primitive,support_coverage,OK,OK,OK,0.2903333333333334,0.2786666666666667,0.2786666666666667,0.0,NO_NUMERIC_CHANGE
B123,E4_Mutual_primitive,F,OK,OK,OK,0.42246213017751477,0.42224896429275993,0.42224896429275993,0.0,NO_NUMERIC_CHANGE
B123,E4_Mutual_primitive,precision,OK,OK,OK,0.4265,0.43083333333333335,0.43083333333333335,0.0,NO_NUMERIC_CHANGE
B123,E4_Mutual_primitive,recall,OK,OK,OK,0.4185,0.414,0.414,0.0,NO_NUMERIC_CHANGE
B123,E4_Mutual_primitive,h_err,OK,OK,OK,0.578354910241373,0.578354910241373,0.578354910241373,0.0,NO_NUMERIC_CHANGE
B123,E4_Mutual_primitive,vol_ratio,OK,OK,OK,1.0057244420038767,1.0057163713325428,1.0057163713325428,0.0,NO_NUMERIC_CHANGE
B123,E4_Mutual_primitive,hausdorff,OK,OK,OK,5.787064855923367,5.759824045206802,5.759824045206802,0.0,NO_NUMERIC_CHANGE
B123,E4_Mutual_primitive,chamfer,OK,OK,OK,0.9495156606177775,0.9435884031201957,0.9435884031201957,0.0,NO_NUMERIC_CHANGE
B123,E4_Mutual_primitive,footprint_IoU,OK,OK,OK,1.0,1.0,1.0,0.0,NO_NUMERIC_CHANGE
B123,E4_Mutual_primitive,edge_ok,OK,OK,OK,1,1,1,0,NO_NUMERIC_CHANGE
B123,E4_Mutual_primitive,open_edges,OK,OK,OK,0.0,0.0,0.0,0.0,NO_NUMERIC_CHANGE
B123,E4_Mutual_primitive,nonmanifold_edges,OK,OK,OK,0.0,0.0,0.0,0.0,NO_NUMERIC_CHANGE
B123,E4_Mutual_primitive,n_faces,OK,OK,OK,55.0,55.0,55.0,0.0,NO_NUMERIC_CHANGE
B126,E0_GT_clean_upper_bound,roof_cov,OK,OK,OK,0.15633333333333332,0.15466666666666667,0.15466666666666667,0.0,NO_NUMERIC_CHANGE
B126,E0_GT_clean_upper_bound,wall_cov,OK,OK,OK,0.581,0.5743333333333334,0.5743333333333334,0.0,NO_NUMERIC_CHANGE
B126,E0_GT_clean_upper_bound,ground_cov,OK,OK,OK,0.9973333333333333,0.996,0.996,0.0,NO_NUMERIC_CHANGE
B126,E0_GT_clean_upper_bound,semantic_face_acc,OK,OK,OK,0.7586666666666667,0.7373333333333333,0.7373333333333333,0.0,NO_NUMERIC_CHANGE
B126,E0_GT_clean_upper_bound,support_coverage,OK,OK,OK,0.6313333333333334,0.62,0.62,0.0,NO_NUMERIC_CHANGE
B126,E0_GT_clean_upper_bound,F,OK,OK,OK,0.5680710214818062,0.5636876566878041,0.5636876566878041,0.0,NO_NUMERIC_CHANGE
B126,E0_GT_clean_upper_bound,precision,OK,OK,OK,0.6055,0.5931666666666666,0.5931666666666666,0.0,NO_NUMERIC_CHANGE
B126,E0_GT_clean_upper_bound,recall,OK,OK,OK,0.535,0.537,0.537,0.0,NO_NUMERIC_CHANGE
B126,E0_GT_clean_upper_bound,h_err,OK,OK,OK,1.2860000000000014,1.2860000000000014,1.2860000000000014,0.0,NO_NUMERIC_CHANGE
B126,E0_GT_clean_upper_bound,vol_ratio,OK,OK,OK,1.1711836550725598,1.1711836550725854,1.1711836550725854,0.0,NO_NUMERIC_CHANGE
B126,E0_GT_clean_upper_bound,hausdorff,OK,OK,OK,6.247113402729302,6.218318213357156,6.218318213357156,0.0,NO_NUMERIC_CHANGE
B126,E0_GT_clean_upper_bound,chamfer,OK,OK,OK,1.0485319718131678,1.0596984020561129,1.0596984020561129,0.0,NO_NUMERIC_CHANGE
B126,E0_GT_clean_upper_bound,footprint_IoU,OK,OK,OK,1.0,1.0,1.0,0.0,NO_NUMERIC_CHANGE
B126,E0_GT_clean_upper_bound,edge_ok,OK,OK,OK,1,1,1,0,NO_NUMERIC_CHANGE
B126,E0_GT_clean_upper_bound,open_edges,OK,OK,OK,0.0,0.0,0.0,0.0,NO_NUMERIC_CHANGE
B126,E0_GT_clean_upper_bound,nonmanifold_edges,OK,OK,OK,0.0,0.0,0.0,0.0,NO_NUMERIC_CHANGE
B126,E0_GT_clean_upper_bound,n_faces,OK,OK,OK,49.0,49.0,49.0,0.0,NO_NUMERIC_CHANGE
B126,E1_Baseline_rendered,roof_cov,SOURCE_MISSING,SOURCE_MISSING,SOURCE_MISSING,,,,,NA
B126,E1_Baseline_rendered,wall_cov,SOURCE_MISSING,SOURCE_MISSING,SOURCE_MISSING,,,,,NA
B126,E1_Baseline_rendered,ground_cov,SOURCE_MISSING,SOURCE_MISSING,SOURCE_MISSING,,,,,NA
B126,E1_Baseline_rendered,semantic_face_acc,SOURCE_MISSING,SOURCE_MISSING,SOURCE_MISSING,,,,,NA
B126,E1_Baseline_rendered,support_coverage,SOURCE_MISSING,SOURCE_MISSING,SOURCE_MISSING,,,,,NA
B126,E1_Baseline_rendered,F,SOURCE_MISSING,SOURCE_MISSING,SOURCE_MISSING,,,,,NA
B126,E1_Baseline_rendered,precision,SOURCE_MISSING,SOURCE_MISSING,SOURCE_MISSING,,,,,NA
B126,E1_Baseline_rendered,recall,SOURCE_MISSING,SOURCE_MISSING,SOURCE_MISSING,,,,,NA
B126,E1_Baseline_rendered,h_err,SOURCE_MISSING,SOURCE_MISSING,SOURCE_MISSING,,,,,NA
B126,E1_Baseline_rendered,vol_ratio,SOURCE_MISSING,SOURCE_MISSING,SOURCE_MISSING,,,,,NA
B126,E1_Baseline_rendered,hausdorff,SOURCE_MISSING,SOURCE_MISSING,SOURCE_MISSING,,,,,NA
B126,E1_Baseline_rendered,chamfer,SOURCE_MISSING,SOURCE_MISSING,SOURCE_MISSING,,,,,NA
B126,E1_Baseline_rendered,footprint_IoU,SOURCE_MISSING,SOURCE_MISSING,SOURCE_MISSING,,,,,NA
B126,E1_Baseline_rendered,edge_ok,SOURCE_MISSING,SOURCE_MISSING,SOURCE_MISSING,,,,,NA
B126,E1_Baseline_rendered,open_edges,SOURCE_MISSING,SOURCE_MISSING,SOURCE_MISSING,,,,,NA
B126,E1_Baseline_rendered,nonmanifold_edges,SOURCE_MISSING,SOURCE_MISSING,SOURCE_MISSING,,,,,NA
B126,E1_Baseline_rendered,n_faces,SOURCE_MISSING,SOURCE_MISSING,SOURCE_MISSING,0.0,,,,NA
B126,E2_Mutual_rendered,roof_cov,OK,OK,OK,0.14566666666666667,0.15566666666666668,0.15566666666666668,0.0,NO_NUMERIC_CHANGE
B126,E2_Mutual_rendered,wall_cov,OK,OK,OK,0.6226666666666667,0.6223333333333333,0.6223333333333333,0.0,NO_NUMERIC_CHANGE
B126,E2_Mutual_rendered,ground_cov,OK,OK,OK,0.968,0.9623333333333334,0.9623333333333334,0.0,NO_NUMERIC_CHANGE
B126,E2_Mutual_rendered,semantic_face_acc,OK,OK,OK,0.7566666666666667,0.7408333333333333,0.7408333333333333,0.0,NO_NUMERIC_CHANGE
B126,E2_Mutual_rendered,support_coverage,OK,OK,OK,0.26966666666666667,0.24666666666666667,0.24666666666666667,0.0,NO_NUMERIC_CHANGE
B126,E2_Mutual_rendered,F,OK,OK,OK,0.5374054221533695,0.5403327171903882,0.5403327171903882,0.0,NO_NUMERIC_CHANGE
B126,E2_Mutual_rendered,precision,OK,OK,OK,0.5545,0.56,0.56,0.0,NO_NUMERIC_CHANGE
B126,E2_Mutual_rendered,recall,OK,OK,OK,0.5213333333333333,0.522,0.522,0.0,NO_NUMERIC_CHANGE
B126,E2_Mutual_rendered,h_err,OK,OK,OK,1.1424515213034923,1.1424515213034923,1.1424515213034923,0.0,NO_NUMERIC_CHANGE
B126,E2_Mutual_rendered,vol_ratio,OK,OK,OK,0.4890327144783615,0.48903272092103717,0.48903272092103717,0.0,NO_NUMERIC_CHANGE
B126,E2_Mutual_rendered,hausdorff,OK,OK,OK,5.40336157047103,5.416819502782191,5.416819502782191,0.0,NO_NUMERIC_CHANGE
B126,E2_Mutual_rendered,chamfer,OK,OK,OK,1.0271365758525377,1.0381567046756128,1.0381567046756128,0.0,NO_NUMERIC_CHANGE
B126,E2_Mutual_rendered,footprint_IoU,OK,OK,OK,1.0,1.0,1.0,0.0,NO_NUMERIC_CHANGE
B126,E2_Mutual_rendered,edge_ok,OK,OK,OK,1,1,1,0,NO_NUMERIC_CHANGE
B126,E2_Mutual_rendered,open_edges,OK,OK,OK,0.0,0.0,0.0,0.0,NO_NUMERIC_CHANGE
B126,E2_Mutual_rendered,nonmanifold_edges,OK,OK,OK,0.0,0.0,0.0,0.0,NO_NUMERIC_CHANGE
B126,E2_Mutual_rendered,n_faces,OK,OK,OK,49.0,49.0,49.0,0.0,NO_NUMERIC_CHANGE
B126,E3_Baseline_primitive,roof_cov,OK,OK,OK,0.13266666666666665,0.13766666666666666,0.13766666666666666,0.0,NO_NUMERIC_CHANGE
B126,E3_Baseline_primitive,wall_cov,OK,OK,OK,0.6046666666666667,0.5993333333333334,0.5993333333333334,0.0,NO_NUMERIC_CHANGE
B126,E3_Baseline_primitive,ground_cov,OK,OK,OK,0.0,0.0,0.0,0.0,NO_NUMERIC_CHANGE
B126,E3_Baseline_primitive,semantic_face_acc,OK,OK,OK,0.7521666666666667,0.7433333333333333,0.7433333333333333,0.0,NO_NUMERIC_CHANGE
B126,E3_Baseline_primitive,support_coverage,OK,OK,OK,0.21933333333333335,0.2046666666666667,0.2046666666666667,0.0,NO_NUMERIC_CHANGE
B126,E3_Baseline_primitive,F,OK,OK,OK,0.41591069761237826,0.4089769997964584,0.4089769997964584,0.0,NO_NUMERIC_CHANGE
B126,E3_Baseline_primitive,precision,OK,OK,OK,0.43216666666666664,0.42283333333333334,0.42283333333333334,0.0,NO_NUMERIC_CHANGE
B126,E3_Baseline_primitive,recall,OK,OK,OK,0.4008333333333333,0.396,0.396,0.0,NO_NUMERIC_CHANGE
B126,E3_Baseline_primitive,h_err,OK,OK,OK,0.841589206280247,0.841589206280247,0.841589206280247,0.0,NO_NUMERIC_CHANGE
B126,E3_Baseline_primitive,vol_ratio,OK,OK,OK,0.6654202487506308,0.6654343008688063,0.6654343008688063,0.0,NO_NUMERIC_CHANGE
B126,E3_Baseline_primitive,hausdorff,OK,OK,OK,5.447119171630939,5.461677675232797,5.461677675232797,0.0,NO_NUMERIC_CHANGE
B126,E3_Baseline_primitive,chamfer,OK,OK,OK,1.0914589111971549,1.1142704972382838,1.1142704972382838,0.0,NO_NUMERIC_CHANGE
B126,E3_Baseline_primitive,footprint_IoU,OK,OK,OK,1.0,1.0,1.0,0.0,NO_NUMERIC_CHANGE
B126,E3_Baseline_primitive,edge_ok,OK,OK,OK,1,1,1,0,NO_NUMERIC_CHANGE
B126,E3_Baseline_primitive,open_edges,OK,OK,OK,0.0,0.0,0.0,0.0,NO_NUMERIC_CHANGE
B126,E3_Baseline_primitive,nonmanifold_edges,OK,OK,OK,0.0,0.0,0.0,0.0,NO_NUMERIC_CHANGE
B126,E3_Baseline_primitive,n_faces,OK,OK,OK,49.0,49.0,49.0,0.0,NO_NUMERIC_CHANGE
B126,E4_Mutual_primitive,roof_cov,OK,OK,OK,0.127,0.137,0.137,0.0,NO_NUMERIC_CHANGE
B126,E4_Mutual_primitive,wall_cov,OK,OK,OK,0.59,0.5963333333333334,0.5963333333333334,0.0,NO_NUMERIC_CHANGE
B126,E4_Mutual_primitive,ground_cov,OK,OK,OK,0.0,0.0,0.0,0.0,NO_NUMERIC_CHANGE
B126,E4_Mutual_primitive,semantic_face_acc,OK,OK,OK,0.753,0.7433333333333333,0.7433333333333333,0.0,NO_NUMERIC_CHANGE
B126,E4_Mutual_primitive,support_coverage,OK,OK,OK,0.232,0.21833333333333335,0.21833333333333335,0.0,NO_NUMERIC_CHANGE
B126,E4_Mutual_primitive,F,OK,OK,OK,0.42120539651201055,0.4086289205702647,0.4086289205702647,0.0,NO_NUMERIC_CHANGE
B126,E4_Mutual_primitive,precision,OK,OK,OK,0.44133333333333336,0.424,0.424,0.0,NO_NUMERIC_CHANGE
B126,E4_Mutual_primitive,recall,OK,OK,OK,0.4028333333333333,0.3943333333333333,0.3943333333333333,0.0,NO_NUMERIC_CHANGE
B126,E4_Mutual_primitive,h_err,OK,OK,OK,0.8237954397920575,0.8237954397920575,0.8237954397920575,0.0,NO_NUMERIC_CHANGE
B126,E4_Mutual_primitive,vol_ratio,OK,OK,OK,0.6616086883770352,0.6616090847907918,0.6616090847907918,0.0,NO_NUMERIC_CHANGE
B126,E4_Mutual_primitive,hausdorff,OK,OK,OK,5.4583785576495325,5.476237757331171,5.476237757331171,0.0,NO_NUMERIC_CHANGE
B126,E4_Mutual_primitive,chamfer,OK,OK,OK,1.090753564882637,1.1122549934770936,1.1122549934770936,0.0,NO_NUMERIC_CHANGE
B126,E4_Mutual_primitive,footprint_IoU,OK,OK,OK,1.0,1.0,1.0,0.0,NO_NUMERIC_CHANGE
B126,E4_Mutual_primitive,edge_ok,OK,OK,OK,1,1,1,0,NO_NUMERIC_CHANGE
B126,E4_Mutual_primitive,open_edges,OK,OK,OK,0.0,0.0,0.0,0.0,NO_NUMERIC_CHANGE
B126,E4_Mutual_primitive,nonmanifold_edges,OK,OK,OK,0.0,0.0,0.0,0.0,NO_NUMERIC_CHANGE
B126,E4_Mutual_primitive,n_faces,OK,OK,OK,49.0,49.0,49.0,0.0,NO_NUMERIC_CHANGE
B50,E0_GT_clean_upper_bound,roof_cov,OK,OK,OK,0.6543333333333333,0.6663333333333333,0.6663333333333333,0.0,NO_NUMERIC_CHANGE
B50,E0_GT_clean_upper_bound,wall_cov,OK,OK,OK,0.944,0.9376666666666666,0.9376666666666666,0.0,NO_NUMERIC_CHANGE
B50,E0_GT_clean_upper_bound,ground_cov,OK,OK,OK,1.0,1.0,1.0,0.0,NO_NUMERIC_CHANGE
B50,E0_GT_clean_upper_bound,semantic_face_acc,OK,OK,OK,0.9508333333333333,0.9648333333333333,0.9648333333333333,0.0,NO_NUMERIC_CHANGE
B50,E0_GT_clean_upper_bound,support_coverage,OK,OK,OK,0.8013333333333333,0.8166666666666668,0.8166666666666668,0.0,NO_NUMERIC_CHANGE
B50,E0_GT_clean_upper_bound,F,OK,OK,OK,0.9450143125844942,0.9420729341705728,0.9420729341705728,0.0,NO_NUMERIC_CHANGE
B50,E0_GT_clean_upper_bound,precision,OK,OK,OK,0.9571666666666667,0.9551666666666667,0.9551666666666667,0.0,NO_NUMERIC_CHANGE
B50,E0_GT_clean_upper_bound,recall,OK,OK,OK,0.9331666666666667,0.9293333333333333,0.9293333333333333,0.0,NO_NUMERIC_CHANGE
B50,E0_GT_clean_upper_bound,h_err,OK,OK,OK,0.35700000000000287,0.35700000000000287,0.35700000000000287,0.0,NO_NUMERIC_CHANGE
B50,E0_GT_clean_upper_bound,vol_ratio,OK,OK,OK,0.9689558267934505,0.9689558267934498,0.9689558267934498,0.0,NO_NUMERIC_CHANGE
B50,E0_GT_clean_upper_bound,hausdorff,OK,OK,OK,1.6963891885548588,1.6827620905281324,1.6827620905281324,0.0,NO_NUMERIC_CHANGE
B50,E0_GT_clean_upper_bound,chamfer,OK,OK,OK,0.22099730128601303,0.22626125034538247,0.22626125034538247,0.0,NO_NUMERIC_CHANGE
B50,E0_GT_clean_upper_bound,footprint_IoU,OK,OK,OK,1.0,1.0,1.0,0.0,NO_NUMERIC_CHANGE
B50,E0_GT_clean_upper_bound,edge_ok,OK,OK,OK,1,1,1,0,NO_NUMERIC_CHANGE
B50,E0_GT_clean_upper_bound,open_edges,OK,OK,OK,0.0,0.0,0.0,0.0,NO_NUMERIC_CHANGE
B50,E0_GT_clean_upper_bound,nonmanifold_edges,OK,OK,OK,0.0,0.0,0.0,0.0,NO_NUMERIC_CHANGE
B50,E0_GT_clean_upper_bound,n_faces,OK,OK,OK,19.0,19.0,19.0,0.0,NO_NUMERIC_CHANGE
B50,E1_Baseline_rendered,roof_cov,SOURCE_MISSING,SOURCE_MISSING,SOURCE_MISSING,,,,,NA
B50,E1_Baseline_rendered,wall_cov,SOURCE_MISSING,SOURCE_MISSING,SOURCE_MISSING,,,,,NA
B50,E1_Baseline_rendered,ground_cov,SOURCE_MISSING,SOURCE_MISSING,SOURCE_MISSING,,,,,NA
B50,E1_Baseline_rendered,semantic_face_acc,SOURCE_MISSING,SOURCE_MISSING,SOURCE_MISSING,,,,,NA
B50,E1_Baseline_rendered,support_coverage,SOURCE_MISSING,SOURCE_MISSING,SOURCE_MISSING,,,,,NA
B50,E1_Baseline_rendered,F,SOURCE_MISSING,SOURCE_MISSING,SOURCE_MISSING,,,,,NA
B50,E1_Baseline_rendered,precision,SOURCE_MISSING,SOURCE_MISSING,SOURCE_MISSING,,,,,NA
B50,E1_Baseline_rendered,recall,SOURCE_MISSING,SOURCE_MISSING,SOURCE_MISSING,,,,,NA
B50,E1_Baseline_rendered,h_err,SOURCE_MISSING,SOURCE_MISSING,SOURCE_MISSING,,,,,NA
B50,E1_Baseline_rendered,vol_ratio,SOURCE_MISSING,SOURCE_MISSING,SOURCE_MISSING,,,,,NA
B50,E1_Baseline_rendered,hausdorff,SOURCE_MISSING,SOURCE_MISSING,SOURCE_MISSING,,,,,NA
B50,E1_Baseline_rendered,chamfer,SOURCE_MISSING,SOURCE_MISSING,SOURCE_MISSING,,,,,NA
B50,E1_Baseline_rendered,footprint_IoU,SOURCE_MISSING,SOURCE_MISSING,SOURCE_MISSING,,,,,NA
B50,E1_Baseline_rendered,edge_ok,SOURCE_MISSING,SOURCE_MISSING,SOURCE_MISSING,,,,,NA
B50,E1_Baseline_rendered,open_edges,SOURCE_MISSING,SOURCE_MISSING,SOURCE_MISSING,,,,,NA
B50,E1_Baseline_rendered,nonmanifold_edges,SOURCE_MISSING,SOURCE_MISSING,SOURCE_MISSING,,,,,NA
B50,E1_Baseline_rendered,n_faces,SOURCE_MISSING,SOURCE_MISSING,SOURCE_MISSING,0.0,,,,NA
B50,E2_Mutual_rendered,roof_cov,OK,OK,OK,0.5576666666666666,0.553,0.553,0.0,NO_NUMERIC_CHANGE
B50,E2_Mutual_rendered,wall_cov,OK,OK,OK,0.9536666666666667,0.9473333333333334,0.9473333333333334,0.0,NO_NUMERIC_CHANGE
B50,E2_Mutual_rendered,ground_cov,OK,OK,OK,1.0,1.0,1.0,0.0,NO_NUMERIC_CHANGE
B50,E2_Mutual_rendered,semantic_face_acc,OK,OK,OK,0.9283333333333333,0.9476666666666667,0.9476666666666667,0.0,NO_NUMERIC_CHANGE
B50,E2_Mutual_rendered,support_coverage,OK,OK,OK,0.426,0.4323333333333333,0.4323333333333333,0.0,NO_NUMERIC_CHANGE
B50,E2_Mutual_rendered,F,OK,OK,OK,0.9383333037300178,0.9349016252191223,0.9349016252191223,0.0,NO_NUMERIC_CHANGE
B50,E2_Mutual_rendered,precision,OK,OK,OK,0.9381666666666667,0.9386666666666666,0.9386666666666666,0.0,NO_NUMERIC_CHANGE
B50,E2_Mutual_rendered,recall,OK,OK,OK,0.9385,0.9311666666666667,0.9311666666666667,0.0,NO_NUMERIC_CHANGE
B50,E2_Mutual_rendered,h_err,OK,OK,OK,0.27220380881142603,0.27220380881142603,0.27220380881142603,0.0,NO_NUMERIC_CHANGE
B50,E2_Mutual_rendered,vol_ratio,OK,OK,OK,1.0043667724221053,1.004370275011915,1.004370275011915,0.0,NO_NUMERIC_CHANGE
B50,E2_Mutual_rendered,hausdorff,OK,OK,OK,1.562614828842291,1.5626898081724714,1.5626898081724714,0.0,NO_NUMERIC_CHANGE
B50,E2_Mutual_rendered,chamfer,OK,OK,OK,0.22685344626593257,0.22850182087213686,0.22850182087213686,0.0,NO_NUMERIC_CHANGE
B50,E2_Mutual_rendered,footprint_IoU,OK,OK,OK,1.0,1.0,1.0,0.0,NO_NUMERIC_CHANGE
B50,E2_Mutual_rendered,edge_ok,OK,OK,OK,1,1,1,0,NO_NUMERIC_CHANGE
B50,E2_Mutual_rendered,open_edges,OK,OK,OK,0.0,0.0,0.0,0.0,NO_NUMERIC_CHANGE
B50,E2_Mutual_rendered,nonmanifold_edges,OK,OK,OK,0.0,0.0,0.0,0.0,NO_NUMERIC_CHANGE
B50,E2_Mutual_rendered,n_faces,OK,OK,OK,19.0,19.0,19.0,0.0,NO_NUMERIC_CHANGE
B50,E3_Baseline_primitive,roof_cov,EVIDENCE_OR_PLANE_INSUFFICIENT,EVIDENCE_OR_PLANE_INSUFFICIENT,OK,,,0.475,,STAGE3_V1_READOUT_RECOVERED
B50,E3_Baseline_primitive,wall_cov,EVIDENCE_OR_PLANE_INSUFFICIENT,EVIDENCE_OR_PLANE_INSUFFICIENT,OK,,,0.3396666666666667,,STAGE3_V1_READOUT_RECOVERED
B50,E3_Baseline_primitive,ground_cov,EVIDENCE_OR_PLANE_INSUFFICIENT,EVIDENCE_OR_PLANE_INSUFFICIENT,OK,,,0.0,,STAGE3_V1_READOUT_RECOVERED
B50,E3_Baseline_primitive,semantic_face_acc,EVIDENCE_OR_PLANE_INSUFFICIENT,EVIDENCE_OR_PLANE_INSUFFICIENT,OK,,,0.7233333333333334,,STAGE3_V1_READOUT_RECOVERED
B50,E3_Baseline_primitive,support_coverage,EVIDENCE_OR_PLANE_INSUFFICIENT,EVIDENCE_OR_PLANE_INSUFFICIENT,OK,,,0.49866666666666665,,STAGE3_V1_READOUT_RECOVERED
B50,E3_Baseline_primitive,F,EVIDENCE_OR_PLANE_INSUFFICIENT,EVIDENCE_OR_PLANE_INSUFFICIENT,OK,,,0.4655153712754217,,STAGE3_V1_READOUT_RECOVERED
B50,E3_Baseline_primitive,precision,EVIDENCE_OR_PLANE_INSUFFICIENT,EVIDENCE_OR_PLANE_INSUFFICIENT,OK,,,0.7111666666666666,,STAGE3_V1_READOUT_RECOVERED
B50,E3_Baseline_primitive,recall,EVIDENCE_OR_PLANE_INSUFFICIENT,EVIDENCE_OR_PLANE_INSUFFICIENT,OK,,,0.346,,STAGE3_V1_READOUT_RECOVERED
B50,E3_Baseline_primitive,h_err,EVIDENCE_OR_PLANE_INSUFFICIENT,EVIDENCE_OR_PLANE_INSUFFICIENT,OK,,,10.784953624725349,,STAGE3_V1_READOUT_RECOVERED
B50,E3_Baseline_primitive,vol_ratio,EVIDENCE_OR_PLANE_INSUFFICIENT,EVIDENCE_OR_PLANE_INSUFFICIENT,OK,,,0.35210318711620897,,STAGE3_V1_READOUT_RECOVERED
B50,E3_Baseline_primitive,hausdorff,EVIDENCE_OR_PLANE_INSUFFICIENT,EVIDENCE_OR_PLANE_INSUFFICIENT,OK,,,10.309904593554972,,STAGE3_V1_READOUT_RECOVERED
B50,E3_Baseline_primitive,chamfer,EVIDENCE_OR_PLANE_INSUFFICIENT,EVIDENCE_OR_PLANE_INSUFFICIENT,OK,,,2.1529188427602612,,STAGE3_V1_READOUT_RECOVERED
B50,E3_Baseline_primitive,footprint_IoU,EVIDENCE_OR_PLANE_INSUFFICIENT,EVIDENCE_OR_PLANE_INSUFFICIENT,OK,,,1.0,,STAGE3_V1_READOUT_RECOVERED
B50,E3_Baseline_primitive,edge_ok,EVIDENCE_OR_PLANE_INSUFFICIENT,EVIDENCE_OR_PLANE_INSUFFICIENT,OK,,,1,,STAGE3_V1_READOUT_RECOVERED
B50,E3_Baseline_primitive,open_edges,EVIDENCE_OR_PLANE_INSUFFICIENT,EVIDENCE_OR_PLANE_INSUFFICIENT,OK,,,0.0,,STAGE3_V1_READOUT_RECOVERED
B50,E3_Baseline_primitive,nonmanifold_edges,EVIDENCE_OR_PLANE_INSUFFICIENT,EVIDENCE_OR_PLANE_INSUFFICIENT,OK,,,0.0,,STAGE3_V1_READOUT_RECOVERED
B50,E3_Baseline_primitive,n_faces,EVIDENCE_OR_PLANE_INSUFFICIENT,EVIDENCE_OR_PLANE_INSUFFICIENT,OK,0.0,,19.0,,STAGE3_V1_READOUT_RECOVERED
B50,E4_Mutual_primitive,roof_cov,OK,OK,OK,0.552,0.5436666666666666,0.5436666666666666,0.0,NO_NUMERIC_CHANGE
B50,E4_Mutual_primitive,wall_cov,OK,OK,OK,0.9426666666666667,0.9396666666666667,0.9396666666666667,0.0,NO_NUMERIC_CHANGE
B50,E4_Mutual_primitive,ground_cov,OK,OK,OK,0.0,0.0,0.0,0.0,NO_NUMERIC_CHANGE
B50,E4_Mutual_primitive,semantic_face_acc,OK,OK,OK,0.912,0.9418333333333333,0.9418333333333333,0.0,NO_NUMERIC_CHANGE
B50,E4_Mutual_primitive,support_coverage,OK,OK,OK,0.39233333333333337,0.3999999999999999,0.3999999999999999,0.0,NO_NUMERIC_CHANGE
B50,E4_Mutual_primitive,F,OK,OK,OK,0.8407497935044769,0.8329096548274137,0.8329096548274137,0.0,NO_NUMERIC_CHANGE
B50,E4_Mutual_primitive,precision,OK,OK,OK,0.8403333333333334,0.8353333333333334,0.8353333333333334,0.0,NO_NUMERIC_CHANGE
B50,E4_Mutual_primitive,recall,OK,OK,OK,0.8411666666666666,0.8305,0.8305,0.0,NO_NUMERIC_CHANGE
B50,E4_Mutual_primitive,h_err,OK,OK,OK,0.2190682791471481,0.2190682791471481,0.2190682791471481,0.0,NO_NUMERIC_CHANGE
B50,E4_Mutual_primitive,vol_ratio,OK,OK,OK,1.0203464722006441,1.020344778769934,1.020344778769934,0.0,NO_NUMERIC_CHANGE
B50,E4_Mutual_primitive,hausdorff,OK,OK,OK,1.8750767213051716,1.8433825588571366,1.8433825588571366,0.0,NO_NUMERIC_CHANGE
B50,E4_Mutual_primitive,chamfer,OK,OK,OK,0.28831019593201146,0.2958133347532672,0.2958133347532672,0.0,NO_NUMERIC_CHANGE
B50,E4_Mutual_primitive,footprint_IoU,OK,OK,OK,1.0,1.0,1.0,0.0,NO_NUMERIC_CHANGE
B50,E4_Mutual_primitive,edge_ok,OK,OK,OK,1,1,1,0,NO_NUMERIC_CHANGE
B50,E4_Mutual_primitive,open_edges,OK,OK,OK,0.0,0.0,0.0,0.0,NO_NUMERIC_CHANGE
B50,E4_Mutual_primitive,nonmanifold_edges,OK,OK,OK,0.0,0.0,0.0,0.0,NO_NUMERIC_CHANGE
B50,E4_Mutual_primitive,n_faces,OK,OK,OK,19.0,19.0,19.0,0.0,NO_NUMERIC_CHANGE
B104,E0_GT_clean_upper_bound,roof_cov,OK,OK,OK,1.0,1.0,1.0,0.0,NO_NUMERIC_CHANGE
B104,E0_GT_clean_upper_bound,wall_cov,OK,OK,OK,1.0,1.0,1.0,0.0,NO_NUMERIC_CHANGE
B104,E0_GT_clean_upper_bound,ground_cov,OK,OK,OK,1.0,1.0,1.0,0.0,NO_NUMERIC_CHANGE
B104,E0_GT_clean_upper_bound,semantic_face_acc,OK,OK,OK,0.9705,0.9796666666666667,0.9796666666666667,0.0,NO_NUMERIC_CHANGE
B104,E0_GT_clean_upper_bound,support_coverage,OK,OK,OK,0.997,0.9976666666666666,0.9976666666666666,0.0,NO_NUMERIC_CHANGE
B104,E0_GT_clean_upper_bound,F,OK,OK,OK,1.0,1.0,1.0,0.0,NO_NUMERIC_CHANGE
B104,E0_GT_clean_upper_bound,precision,OK,OK,OK,1.0,1.0,1.0,0.0,NO_NUMERIC_CHANGE
B104,E0_GT_clean_upper_bound,recall,OK,OK,OK,1.0,1.0,1.0,0.0,NO_NUMERIC_CHANGE
B104,E0_GT_clean_upper_bound,h_err,OK,OK,OK,0.0,0.0,0.0,0.0,NO_NUMERIC_CHANGE
B104,E0_GT_clean_upper_bound,vol_ratio,OK,OK,OK,1.0000000000000053,1.0000000000000238,1.0000000000000238,0.0,NO_NUMERIC_CHANGE
B104,E0_GT_clean_upper_bound,hausdorff,OK,OK,OK,0.25351624369174525,0.2463123163100675,0.2463123163100675,0.0,NO_NUMERIC_CHANGE
B104,E0_GT_clean_upper_bound,chamfer,OK,OK,OK,0.06511118116902322,0.06410338281314854,0.06410338281314854,0.0,NO_NUMERIC_CHANGE
B104,E0_GT_clean_upper_bound,footprint_IoU,OK,OK,OK,1.0,1.0,1.0,0.0,NO_NUMERIC_CHANGE
B104,E0_GT_clean_upper_bound,edge_ok,OK,OK,OK,1,1,1,0,NO_NUMERIC_CHANGE
B104,E0_GT_clean_upper_bound,open_edges,OK,OK,OK,0.0,0.0,0.0,0.0,NO_NUMERIC_CHANGE
B104,E0_GT_clean_upper_bound,nonmanifold_edges,OK,OK,OK,0.0,0.0,0.0,0.0,NO_NUMERIC_CHANGE
B104,E0_GT_clean_upper_bound,n_faces,OK,OK,OK,7.0,7.0,7.0,0.0,NO_NUMERIC_CHANGE
B104,E1_Baseline_rendered,roof_cov,SOURCE_MISSING,SOURCE_MISSING,SOURCE_MISSING,,,,,NA
B104,E1_Baseline_rendered,wall_cov,SOURCE_MISSING,SOURCE_MISSING,SOURCE_MISSING,,,,,NA
B104,E1_Baseline_rendered,ground_cov,SOURCE_MISSING,SOURCE_MISSING,SOURCE_MISSING,,,,,NA
B104,E1_Baseline_rendered,semantic_face_acc,SOURCE_MISSING,SOURCE_MISSING,SOURCE_MISSING,,,,,NA
B104,E1_Baseline_rendered,support_coverage,SOURCE_MISSING,SOURCE_MISSING,SOURCE_MISSING,,,,,NA
B104,E1_Baseline_rendered,F,SOURCE_MISSING,SOURCE_MISSING,SOURCE_MISSING,,,,,NA
B104,E1_Baseline_rendered,precision,SOURCE_MISSING,SOURCE_MISSING,SOURCE_MISSING,,,,,NA
B104,E1_Baseline_rendered,recall,SOURCE_MISSING,SOURCE_MISSING,SOURCE_MISSING,,,,,NA
B104,E1_Baseline_rendered,h_err,SOURCE_MISSING,SOURCE_MISSING,SOURCE_MISSING,,,,,NA
B104,E1_Baseline_rendered,vol_ratio,SOURCE_MISSING,SOURCE_MISSING,SOURCE_MISSING,,,,,NA
B104,E1_Baseline_rendered,hausdorff,SOURCE_MISSING,SOURCE_MISSING,SOURCE_MISSING,,,,,NA
B104,E1_Baseline_rendered,chamfer,SOURCE_MISSING,SOURCE_MISSING,SOURCE_MISSING,,,,,NA
B104,E1_Baseline_rendered,footprint_IoU,SOURCE_MISSING,SOURCE_MISSING,SOURCE_MISSING,,,,,NA
B104,E1_Baseline_rendered,edge_ok,SOURCE_MISSING,SOURCE_MISSING,SOURCE_MISSING,,,,,NA
B104,E1_Baseline_rendered,open_edges,SOURCE_MISSING,SOURCE_MISSING,SOURCE_MISSING,,,,,NA
B104,E1_Baseline_rendered,nonmanifold_edges,SOURCE_MISSING,SOURCE_MISSING,SOURCE_MISSING,,,,,NA
B104,E1_Baseline_rendered,n_faces,SOURCE_MISSING,SOURCE_MISSING,SOURCE_MISSING,0.0,,,,NA
B104,E2_Mutual_rendered,roof_cov,OK,OK,OK,1.0,1.0,1.0,0.0,NO_NUMERIC_CHANGE
B104,E2_Mutual_rendered,wall_cov,OK,OK,OK,0.9223333333333333,0.9166666666666666,0.9166666666666666,0.0,NO_NUMERIC_CHANGE
B104,E2_Mutual_rendered,ground_cov,OK,OK,OK,0.0,0.0,0.0,0.0,NO_NUMERIC_CHANGE
B104,E2_Mutual_rendered,semantic_face_acc,OK,OK,OK,0.8225,0.8188333333333333,0.8188333333333333,0.0,NO_NUMERIC_CHANGE
B104,E2_Mutual_rendered,support_coverage,OK,OK,OK,0.7333333333333334,0.745,0.745,0.0,NO_NUMERIC_CHANGE
B104,E2_Mutual_rendered,F,OK,OK,OK,0.8331299266195172,0.8275055271682864,0.8275055271682864,0.0,NO_NUMERIC_CHANGE
B104,E2_Mutual_rendered,precision,OK,OK,OK,0.8903333333333333,0.8911666666666667,0.8911666666666667,0.0,NO_NUMERIC_CHANGE
B104,E2_Mutual_rendered,recall,OK,OK,OK,0.7828333333333334,0.7723333333333333,0.7723333333333333,0.0,NO_NUMERIC_CHANGE
B104,E2_Mutual_rendered,h_err,OK,OK,OK,0.6116163007342417,0.6116163007342417,0.6116163007342417,0.0,NO_NUMERIC_CHANGE
B104,E2_Mutual_rendered,vol_ratio,OK,OK,OK,0.7344324374550641,0.7344306125677919,0.7344306125677919,0.0,NO_NUMERIC_CHANGE
B104,E2_Mutual_rendered,hausdorff,OK,OK,OK,0.759673032242964,0.7774703290736924,0.7774703290736924,0.0,NO_NUMERIC_CHANGE
B104,E2_Mutual_rendered,chamfer,OK,OK,OK,0.21788578140707418,0.2219298171623314,0.2219298171623314,0.0,NO_NUMERIC_CHANGE
B104,E2_Mutual_rendered,footprint_IoU,OK,OK,OK,1.0,1.0,1.0,0.0,NO_NUMERIC_CHANGE
B104,E2_Mutual_rendered,edge_ok,OK,OK,OK,1,1,1,0,NO_NUMERIC_CHANGE
B104,E2_Mutual_rendered,open_edges,OK,OK,OK,0.0,0.0,0.0,0.0,NO_NUMERIC_CHANGE
B104,E2_Mutual_rendered,nonmanifold_edges,OK,OK,OK,0.0,0.0,0.0,0.0,NO_NUMERIC_CHANGE
B104,E2_Mutual_rendered,n_faces,OK,OK,OK,7.0,7.0,7.0,0.0,NO_NUMERIC_CHANGE
B104,E3_Baseline_primitive,roof_cov,OK,OK,OK,1.0,1.0,1.0,0.0,NO_NUMERIC_CHANGE
B104,E3_Baseline_primitive,wall_cov,OK,OK,OK,1.0,1.0,1.0,0.0,NO_NUMERIC_CHANGE
B104,E3_Baseline_primitive,ground_cov,OK,OK,OK,0.0,0.0,0.0,0.0,NO_NUMERIC_CHANGE
B104,E3_Baseline_primitive,semantic_face_acc,OK,OK,OK,0.8841666666666667,0.9185,0.9185,0.0,NO_NUMERIC_CHANGE
B104,E3_Baseline_primitive,support_coverage,OK,OK,OK,0.44366666666666665,0.4426666666666667,0.4426666666666667,0.0,NO_NUMERIC_CHANGE
B104,E3_Baseline_primitive,F,OK,OK,OK,0.8689414768013274,0.8694009763568489,0.8694009763568489,0.0,NO_NUMERIC_CHANGE
B104,E3_Baseline_primitive,precision,OK,OK,OK,0.8336666666666667,0.8385,0.8385,0.0,NO_NUMERIC_CHANGE
B104,E3_Baseline_primitive,recall,OK,OK,OK,0.9073333333333333,0.9026666666666666,0.9026666666666666,0.0,NO_NUMERIC_CHANGE
B104,E3_Baseline_primitive,h_err,OK,OK,OK,0.6171760262351902,0.6171760262351902,0.6171760262351902,0.0,NO_NUMERIC_CHANGE
B104,E3_Baseline_primitive,vol_ratio,OK,OK,OK,1.1542200531368818,1.1542200303343042,1.1542200303343042,0.0,NO_NUMERIC_CHANGE
B104,E3_Baseline_primitive,hausdorff,OK,OK,OK,0.56208996696299,0.5762915939167333,0.5762915939167333,0.0,NO_NUMERIC_CHANGE
B104,E3_Baseline_primitive,chamfer,OK,OK,OK,0.14332644479614742,0.14415832532902095,0.14415832532902095,0.0,NO_NUMERIC_CHANGE
B104,E3_Baseline_primitive,footprint_IoU,OK,OK,OK,1.0,1.0,1.0,0.0,NO_NUMERIC_CHANGE
B104,E3_Baseline_primitive,edge_ok,OK,OK,OK,1,1,1,0,NO_NUMERIC_CHANGE
B104,E3_Baseline_primitive,open_edges,OK,OK,OK,0.0,0.0,0.0,0.0,NO_NUMERIC_CHANGE
B104,E3_Baseline_primitive,nonmanifold_edges,OK,OK,OK,0.0,0.0,0.0,0.0,NO_NUMERIC_CHANGE
B104,E3_Baseline_primitive,n_faces,OK,OK,OK,7.0,7.0,7.0,0.0,NO_NUMERIC_CHANGE
B104,E4_Mutual_primitive,roof_cov,EVIDENCE_OR_PLANE_INSUFFICIENT,EVIDENCE_OR_PLANE_INSUFFICIENT,OK,,,1.0,,STAGE3_V1_READOUT_RECOVERED
B104,E4_Mutual_primitive,wall_cov,EVIDENCE_OR_PLANE_INSUFFICIENT,EVIDENCE_OR_PLANE_INSUFFICIENT,OK,,,0.38366666666666666,,STAGE3_V1_READOUT_RECOVERED
B104,E4_Mutual_primitive,ground_cov,EVIDENCE_OR_PLANE_INSUFFICIENT,EVIDENCE_OR_PLANE_INSUFFICIENT,OK,,,0.0,,STAGE3_V1_READOUT_RECOVERED
B104,E4_Mutual_primitive,semantic_face_acc,EVIDENCE_OR_PLANE_INSUFFICIENT,EVIDENCE_OR_PLANE_INSUFFICIENT,OK,,,0.636,,STAGE3_V1_READOUT_RECOVERED
B104,E4_Mutual_primitive,support_coverage,EVIDENCE_OR_PLANE_INSUFFICIENT,EVIDENCE_OR_PLANE_INSUFFICIENT,OK,,,0.536,,STAGE3_V1_READOUT_RECOVERED
B104,E4_Mutual_primitive,F,EVIDENCE_OR_PLANE_INSUFFICIENT,EVIDENCE_OR_PLANE_INSUFFICIENT,OK,,,0.5650348470724019,,STAGE3_V1_READOUT_RECOVERED
B104,E4_Mutual_primitive,precision,EVIDENCE_OR_PLANE_INSUFFICIENT,EVIDENCE_OR_PLANE_INSUFFICIENT,OK,,,0.8206666666666667,,STAGE3_V1_READOUT_RECOVERED
B104,E4_Mutual_primitive,recall,EVIDENCE_OR_PLANE_INSUFFICIENT,EVIDENCE_OR_PLANE_INSUFFICIENT,OK,,,0.43083333333333335,,STAGE3_V1_READOUT_RECOVERED
B104,E4_Mutual_primitive,h_err,EVIDENCE_OR_PLANE_INSUFFICIENT,EVIDENCE_OR_PLANE_INSUFFICIENT,OK,,,2.5578893592527616,,STAGE3_V1_READOUT_RECOVERED
B104,E4_Mutual_primitive,vol_ratio,EVIDENCE_OR_PLANE_INSUFFICIENT,EVIDENCE_OR_PLANE_INSUFFICIENT,OK,,,0.26621816464941617,,STAGE3_V1_READOUT_RECOVERED
B104,E4_Mutual_primitive,hausdorff,EVIDENCE_OR_PLANE_INSUFFICIENT,EVIDENCE_OR_PLANE_INSUFFICIENT,OK,,,2.63701030678869,,STAGE3_V1_READOUT_RECOVERED
B104,E4_Mutual_primitive,chamfer,EVIDENCE_OR_PLANE_INSUFFICIENT,EVIDENCE_OR_PLANE_INSUFFICIENT,OK,,,0.6787855365428839,,STAGE3_V1_READOUT_RECOVERED
B104,E4_Mutual_primitive,footprint_IoU,EVIDENCE_OR_PLANE_INSUFFICIENT,EVIDENCE_OR_PLANE_INSUFFICIENT,OK,,,1.0,,STAGE3_V1_READOUT_RECOVERED
B104,E4_Mutual_primitive,edge_ok,EVIDENCE_OR_PLANE_INSUFFICIENT,EVIDENCE_OR_PLANE_INSUFFICIENT,OK,,,1,,STAGE3_V1_READOUT_RECOVERED
B104,E4_Mutual_primitive,open_edges,EVIDENCE_OR_PLANE_INSUFFICIENT,EVIDENCE_OR_PLANE_INSUFFICIENT,OK,,,0.0,,STAGE3_V1_READOUT_RECOVERED
B104,E4_Mutual_primitive,nonmanifold_edges,EVIDENCE_OR_PLANE_INSUFFICIENT,EVIDENCE_OR_PLANE_INSUFFICIENT,OK,,,0.0,,STAGE3_V1_READOUT_RECOVERED
B104,E4_Mutual_primitive,n_faces,EVIDENCE_OR_PLANE_INSUFFICIENT,EVIDENCE_OR_PLANE_INSUFFICIENT,OK,0.0,,7.0,,STAGE3_V1_READOUT_RECOVERED
