bid,source,stage3_algo_version,metric_version,status,metric_artifact_dir,readout_artifact_dir,failure_reason,n_faces,n_roof_faces,n_wall_faces,n_ground_faces,roof_cov,wall_cov,ground_cov,semantic_face_acc,face_planarity_mean,face_planarity_max,support_coverage,F,precision,recall,h_err,vol_ratio,hausdorff,chamfer,footprint_IoU,edge_ok,open_edges,nonmanifold_edges,roof_wall_adjacency_count,wall_ground_adjacency_count,shell_completeness,roof_support_cov,wall_support_cov,ground_support_cov,support_cov,non_manifold_edges,source_family,footprint_buffer_m,bid_int
B0,E1_Baseline_rendered_buffer_0.25m,Stage3Algo-v1,Metric-v1,OK,results/footprint_conditioned_readout/FC_S3_mutual_loss_alignment_g2_target_definition/phase5_footprint_sensitivity/metric_v1/buffer_0.25m/E1_Baseline_rendered/B0,results/footprint_conditioned_readout/FC_S3_mutual_loss_alignment_g2_target_definition/phase5_footprint_sensitivity/readout/buffer_0.25m/E1_Baseline_rendered/B0,,23,10,12,1,0.7026666666666667,0.9666666666666667,1.0,0.9455,1.8275913957365527e-15,9.599516701501e-15,0.56,0.9410202726628896,0.9241666666666667,0.9585,0.4952171223017956,1.1236322388875755,2.0391592571557124,0.24482702890129088,1.0,True,0,0,12,12,CLOSED,0.739,0.679,0.24,0.56,0,E1_Baseline_rendered,0.25,0
B0,E2_Mutual_rendered_buffer_0.25m,Stage3Algo-v1,Metric-v1,OK,results/footprint_conditioned_readout/FC_S3_mutual_loss_alignment_g2_target_definition/phase5_footprint_sensitivity/metric_v1/buffer_0.25m/E2_Mutual_rendered/B0,results/footprint_conditioned_readout/FC_S3_mutual_loss_alignment_g2_target_definition/phase5_footprint_sensitivity/readout/buffer_0.25m/E2_Mutual_rendered/B0,,23,10,12,1,0.7683333333333333,0.9646666666666667,1.0,0.9458333333333333,1.8472452344101796e-15,1.0069893855681058e-14,0.5903333333333334,0.961033555883118,0.9541666666666667,0.968,0.6291183695605795,1.061543881283862,1.8379736661454227,0.2289611659162213,1.0,True,0,0,12,12,CLOSED,0.863,0.685,0.23,0.5903333333333334,0,E2_Mutual_rendered,0.25,0
B1,E1_Baseline_rendered_buffer_0.25m,Stage3Algo-v1,Metric-v1,OK,results/footprint_conditioned_readout/FC_S3_mutual_loss_alignment_g2_target_definition/phase5_footprint_sensitivity/metric_v1/buffer_0.25m/E1_Baseline_rendered/B1,results/footprint_conditioned_readout/FC_S3_mutual_loss_alignment_g2_target_definition/phase5_footprint_sensitivity/readout/buffer_0.25m/E1_Baseline_rendered/B1,,11,4,6,1,0.7296666666666667,0.923,1.0,0.9553333333333334,2.653565963069813e-15,7.7963205411995e-15,0.4133333333333334,0.9522067617630757,0.9586666666666667,0.9458333333333333,0.13458450764190033,0.7359177115008947,2.3341498854475287,0.24754228707519005,1.0,True,0,0,6,6,CLOSED,0.759,0.42,0.062,0.4133333333333334,0,E1_Baseline_rendered,0.25,1
B1,E2_Mutual_rendered_buffer_0.25m,Stage3Algo-v1,Metric-v1,OK,results/footprint_conditioned_readout/FC_S3_mutual_loss_alignment_g2_target_definition/phase5_footprint_sensitivity/metric_v1/buffer_0.25m/E2_Mutual_rendered/B1,results/footprint_conditioned_readout/FC_S3_mutual_loss_alignment_g2_target_definition/phase5_footprint_sensitivity/readout/buffer_0.25m/E2_Mutual_rendered/B1,,11,4,6,1,0.7053333333333334,0.922,1.0,0.9503333333333334,2.5494446777903484e-15,7.445992085982614e-15,0.40433333333333327,0.9491100087796311,0.9565,0.9418333333333333,0.11926978812631006,0.7276954555108032,2.315048156421994,0.25827205155783095,1.0,True,0,0,6,6,CLOSED,0.754,0.4,0.069,0.40433333333333327,0,E2_Mutual_rendered,0.25,1
B2,E1_Baseline_rendered_buffer_0.25m,Stage3Algo-v1,Metric-v1,OK,results/footprint_conditioned_readout/FC_S3_mutual_loss_alignment_g2_target_definition/phase5_footprint_sensitivity/metric_v1/buffer_0.25m/E1_Baseline_rendered/B2,results/footprint_conditioned_readout/FC_S3_mutual_loss_alignment_g2_target_definition/phase5_footprint_sensitivity/readout/buffer_0.25m/E1_Baseline_rendered/B2,,11,4,6,1,1.0,0.986,1.0,0.974,1.1617217285325704e-15,6.472708492223177e-15,0.504,0.9921565597177893,0.989,0.9953333333333333,0.5013822217395205,2.079048613367631,0.8682859024687706,0.20108665783878393,1.0,True,0,0,6,6,CLOSED,1.0,0.407,0.117,0.504,0,E1_Baseline_rendered,0.25,2
B2,E2_Mutual_rendered_buffer_0.25m,Stage3Algo-v1,Metric-v1,OK,results/footprint_conditioned_readout/FC_S3_mutual_loss_alignment_g2_target_definition/phase5_footprint_sensitivity/metric_v1/buffer_0.25m/E2_Mutual_rendered/B2,results/footprint_conditioned_readout/FC_S3_mutual_loss_alignment_g2_target_definition/phase5_footprint_sensitivity/readout/buffer_0.25m/E2_Mutual_rendered/B2,,11,4,6,1,1.0,0.988,1.0,0.9738333333333333,1.1862270666148327e-15,7.209008402154581e-15,0.49,0.994497206859952,0.9928333333333333,0.9961666666666666,0.4559502352582161,2.0913065263414623,0.8567746165690554,0.1994961811908174,1.0,True,0,0,6,6,CLOSED,1.0,0.401,0.099,0.49,0,E2_Mutual_rendered,0.25,2
B8,E1_Baseline_rendered_buffer_0.25m,Stage3Algo-v1,Metric-v1,OK,results/footprint_conditioned_readout/FC_S3_mutual_loss_alignment_g2_target_definition/phase5_footprint_sensitivity/metric_v1/buffer_0.25m/E1_Baseline_rendered/B8,results/footprint_conditioned_readout/FC_S3_mutual_loss_alignment_g2_target_definition/phase5_footprint_sensitivity/readout/buffer_0.25m/E1_Baseline_rendered/B8,,15,6,8,1,0.9756666666666667,0.9806666666666667,1.0,0.9618333333333333,1.4858086345558228e-15,4.426337812744867e-15,0.492,0.9832413481368477,0.9803333333333333,0.9861666666666666,0.40559929696258834,1.6078682056204952,0.8413006840291931,0.2081558774236523,1.0,True,0,0,8,8,CLOSED,1.0,0.391,0.056,0.492,0,E1_Baseline_rendered,0.25,8
B8,E2_Mutual_rendered_buffer_0.25m,Stage3Algo-v1,Metric-v1,OK,results/footprint_conditioned_readout/FC_S3_mutual_loss_alignment_g2_target_definition/phase5_footprint_sensitivity/metric_v1/buffer_0.25m/E2_Mutual_rendered/B8,results/footprint_conditioned_readout/FC_S3_mutual_loss_alignment_g2_target_definition/phase5_footprint_sensitivity/readout/buffer_0.25m/E2_Mutual_rendered/B8,,15,6,8,1,1.0,0.9813333333333333,0.7026666666666667,0.9576666666666667,1.5667960594834297e-15,4.461517161367674e-15,0.511,0.9228121764776694,0.9098333333333334,0.9361666666666667,0.49329428165598976,1.56917537751698,0.7693993604066457,0.21727895703546207,1.0,True,0,0,8,8,CLOSED,1.0,0.443,0.052,0.511,0,E2_Mutual_rendered,0.25,8
B6,E1_Baseline_rendered_buffer_0.25m,Stage3Algo-v1,Metric-v1,OK,results/footprint_conditioned_readout/FC_S3_mutual_loss_alignment_g2_target_definition/phase5_footprint_sensitivity/metric_v1/buffer_0.25m/E1_Baseline_rendered/B6,results/footprint_conditioned_readout/FC_S3_mutual_loss_alignment_g2_target_definition/phase5_footprint_sensitivity/readout/buffer_0.25m/E1_Baseline_rendered/B6,,23,10,12,1,0.6736666666666666,0.936,1.0,0.9316666666666666,1.51195077467237e-15,5.350739672834268e-15,0.44366666666666665,0.9480787553836687,0.9501666666666667,0.946,3.5024472302166636,0.686634146569005,3.566713639064695,0.230798113725126,1.0,True,0,0,12,12,CLOSED,0.903,0.361,0.044,0.44366666666666665,0,E1_Baseline_rendered,0.25,6
B6,E2_Mutual_rendered_buffer_0.25m,Stage3Algo-v1,Metric-v1,OK,results/footprint_conditioned_readout/FC_S3_mutual_loss_alignment_g2_target_definition/phase5_footprint_sensitivity/metric_v1/buffer_0.25m/E2_Mutual_rendered/B6,results/footprint_conditioned_readout/FC_S3_mutual_loss_alignment_g2_target_definition/phase5_footprint_sensitivity/readout/buffer_0.25m/E2_Mutual_rendered/B6,,23,10,12,1,0.529,0.9316666666666666,1.0,0.9363333333333334,1.5875933838697359e-15,5.763804204484928e-15,0.40399999999999997,0.9312080536912751,0.9375,0.925,3.2769829644385347,0.667541127537808,3.6235083886001966,0.23889218990356204,1.0,True,0,0,12,12,CLOSED,0.751,0.352,0.062,0.40399999999999997,0,E2_Mutual_rendered,0.25,6
B3,E1_Baseline_rendered_buffer_0.25m,Stage3Algo-v1,Metric-v1,OK,results/footprint_conditioned_readout/FC_S3_mutual_loss_alignment_g2_target_definition/phase5_footprint_sensitivity/metric_v1/buffer_0.25m/E1_Baseline_rendered/B3,results/footprint_conditioned_readout/FC_S3_mutual_loss_alignment_g2_target_definition/phase5_footprint_sensitivity/readout/buffer_0.25m/E1_Baseline_rendered/B3,,83,40,42,1,0.144,0.593,0.0,0.7613333333333333,1.244821960752288e-15,7.773900408399412e-15,0.23566666666666666,0.3030712125378059,0.3011666666666667,0.305,2.866413655423827,0.9321828271184259,11.093890265059906,1.1337004632126122,1.0,True,0,0,42,42,CLOSED,0.298,0.402,0.031,0.23566666666666666,0,E1_Baseline_rendered,0.25,3
B3,E2_Mutual_rendered_buffer_0.25m,Stage3Algo-v1,Metric-v1,OK,results/footprint_conditioned_readout/FC_S3_mutual_loss_alignment_g2_target_definition/phase5_footprint_sensitivity/metric_v1/buffer_0.25m/E2_Mutual_rendered/B3,results/footprint_conditioned_readout/FC_S3_mutual_loss_alignment_g2_target_definition/phase5_footprint_sensitivity/readout/buffer_0.25m/E2_Mutual_rendered/B3,,83,40,42,1,0.15833333333333333,0.595,0.0,0.763,1.3072713388890363e-15,8.533737046452868e-15,0.232,0.3065956521739131,0.302,0.31133333333333335,2.4390101205421217,0.9302733590807277,11.052097322101742,1.1473743769983433,1.0,True,0,0,42,42,CLOSED,0.279,0.425,0.027,0.232,0,E2_Mutual_rendered,0.25,3
B123,E1_Baseline_rendered_buffer_0.25m,Stage3Algo-v1,Metric-v1,OK,results/footprint_conditioned_readout/FC_S3_mutual_loss_alignment_g2_target_definition/phase5_footprint_sensitivity/metric_v1/buffer_0.25m/E1_Baseline_rendered/B123,results/footprint_conditioned_readout/FC_S3_mutual_loss_alignment_g2_target_definition/phase5_footprint_sensitivity/readout/buffer_0.25m/E1_Baseline_rendered/B123,,55,26,28,1,0.16566666666666666,0.6376666666666667,0.0,0.8281666666666667,1.6344335845657691e-15,7.293265168272619e-15,0.3273333333333333,0.41738631830873557,0.4315,0.4041666666666667,0.808992321656838,0.9568999308914184,5.305519254153722,0.9059454264762558,1.0,True,0,0,28,28,CLOSED,0.292,0.628,0.088,0.3273333333333333,0,E1_Baseline_rendered,0.25,123
B123,E2_Mutual_rendered_buffer_0.25m,Stage3Algo-v1,Metric-v1,OK,results/footprint_conditioned_readout/FC_S3_mutual_loss_alignment_g2_target_definition/phase5_footprint_sensitivity/metric_v1/buffer_0.25m/E2_Mutual_rendered/B123,results/footprint_conditioned_readout/FC_S3_mutual_loss_alignment_g2_target_definition/phase5_footprint_sensitivity/readout/buffer_0.25m/E2_Mutual_rendered/B123,,55,26,28,1,0.148,0.6426666666666667,0.9716666666666667,0.842,1.630901312975517e-15,8.50518462195344e-15,0.31366666666666665,0.5896270715630886,0.6048333333333333,0.5751666666666667,0.16749383453391076,0.7755611661580233,5.348908854212128,0.8531544894787632,1.0,True,0,0,28,28,CLOSED,0.272,0.613,0.088,0.31366666666666665,0,E2_Mutual_rendered,0.25,123
B126,E1_Baseline_rendered_buffer_0.25m,Stage3Algo-v1,Metric-v1,OK,results/footprint_conditioned_readout/FC_S3_mutual_loss_alignment_g2_target_definition/phase5_footprint_sensitivity/metric_v1/buffer_0.25m/E1_Baseline_rendered/B126,results/footprint_conditioned_readout/FC_S3_mutual_loss_alignment_g2_target_definition/phase5_footprint_sensitivity/readout/buffer_0.25m/E1_Baseline_rendered/B126,,49,23,25,1,0.15233333333333332,0.6223333333333333,0.9883333333333333,0.7438333333333333,2.7024314503664205e-15,1.0890134665614142e-14,0.23433333333333337,0.5582371938192477,0.5808333333333333,0.5373333333333333,1.2039718261126673,0.2119171369317909,5.417874489875546,1.027486247635541,1.0,True,0,0,25,25,CLOSED,0.229,0.463,0.037,0.23433333333333337,0,E1_Baseline_rendered,0.25,126
B126,E2_Mutual_rendered_buffer_0.25m,Stage3Algo-v1,Metric-v1,OK,results/footprint_conditioned_readout/FC_S3_mutual_loss_alignment_g2_target_definition/phase5_footprint_sensitivity/metric_v1/buffer_0.25m/E2_Mutual_rendered/B126,results/footprint_conditioned_readout/FC_S3_mutual_loss_alignment_g2_target_definition/phase5_footprint_sensitivity/readout/buffer_0.25m/E2_Mutual_rendered/B126,,49,23,25,1,0.15533333333333332,0.6223333333333333,0.962,0.7398333333333333,2.728123087403547e-15,1.0862379089998514e-14,0.2406666666666667,0.5375757200371633,0.556,0.5203333333333333,1.1413084728089409,0.4749152144867128,5.416819502782191,1.040738371014752,1.0,True,0,0,25,25,CLOSED,0.241,0.463,0.045,0.2406666666666667,0,E2_Mutual_rendered,0.25,126
B50,E1_Baseline_rendered_buffer_0.25m,Stage3Algo-v1,Metric-v1,OK,results/footprint_conditioned_readout/FC_S3_mutual_loss_alignment_g2_target_definition/phase5_footprint_sensitivity/metric_v1/buffer_0.25m/E1_Baseline_rendered/B50,results/footprint_conditioned_readout/FC_S3_mutual_loss_alignment_g2_target_definition/phase5_footprint_sensitivity/readout/buffer_0.25m/E1_Baseline_rendered/B50,,19,8,10,1,0.5326666666666666,0.947,1.0,0.9386666666666666,1.012854013833384e-15,4.535652032484896e-15,0.4406666666666667,0.9257256278692951,0.9305,0.921,0.6489005868987547,0.9833327183369223,1.5425270509774753,0.2531120271521213,1.0,True,0,0,10,10,CLOSED,0.92,0.335,0.062,0.4406666666666667,0,E1_Baseline_rendered,0.25,50
B50,E2_Mutual_rendered_buffer_0.25m,Stage3Algo-v1,Metric-v1,OK,results/footprint_conditioned_readout/FC_S3_mutual_loss_alignment_g2_target_definition/phase5_footprint_sensitivity/metric_v1/buffer_0.25m/E2_Mutual_rendered/B50,results/footprint_conditioned_readout/FC_S3_mutual_loss_alignment_g2_target_definition/phase5_footprint_sensitivity/readout/buffer_0.25m/E2_Mutual_rendered/B50,,19,8,10,1,0.45366666666666666,0.9436666666666667,1.0,0.9268333333333333,8.97768906723278e-16,3.4024458178222215e-15,0.43166666666666664,0.9278314172804024,0.9291666666666667,0.9265,0.11877581492477418,1.0168548503753803,1.563030377051344,0.2433738831111827,1.0,True,0,0,10,10,CLOSED,0.916,0.341,0.015,0.43166666666666664,0,E2_Mutual_rendered,0.25,50
B104,E1_Baseline_rendered_buffer_0.25m,Stage3Algo-v1,Metric-v1,OK,results/footprint_conditioned_readout/FC_S3_mutual_loss_alignment_g2_target_definition/phase5_footprint_sensitivity/metric_v1/buffer_0.25m/E1_Baseline_rendered/B104,results/footprint_conditioned_readout/FC_S3_mutual_loss_alignment_g2_target_definition/phase5_footprint_sensitivity/readout/buffer_0.25m/E1_Baseline_rendered/B104,,7,2,4,1,1.0,0.94,0.0,0.8603333333333333,2.2233382198225263e-15,7.146456704764039e-15,0.7886666666666667,0.83941162514828,0.898,0.788,0.5551637048533427,0.8453612767430793,0.6967740549225012,0.1837185826984044,1.0,True,0,0,4,4,CLOSED,1.0,0.8,0.529,0.7886666666666667,0,E1_Baseline_rendered,0.25,104
B104,E2_Mutual_rendered_buffer_0.25m,Stage3Algo-v1,Metric-v1,OK,results/footprint_conditioned_readout/FC_S3_mutual_loss_alignment_g2_target_definition/phase5_footprint_sensitivity/metric_v1/buffer_0.25m/E2_Mutual_rendered/B104,results/footprint_conditioned_readout/FC_S3_mutual_loss_alignment_g2_target_definition/phase5_footprint_sensitivity/readout/buffer_0.25m/E2_Mutual_rendered/B104,,7,2,4,1,0.8793333333333333,0.7173333333333334,0.0,0.6886666666666666,2.2213019706430724e-15,7.317403294980697e-15,0.7616666666666667,0.7267878516528619,0.8593333333333333,0.6296666666666667,1.264200928417806,0.520145172370391,1.3976403857260822,0.38198104944280065,1.0,True,0,0,4,4,CLOSED,1.0,0.9,0.364,0.7616666666666667,0,E2_Mutual_rendered,0.25,104
B0,E1_Baseline_rendered_buffer_0.75m,Stage3Algo-v1,Metric-v1,OK,results/footprint_conditioned_readout/FC_S3_mutual_loss_alignment_g2_target_definition/phase5_footprint_sensitivity/metric_v1/buffer_0.75m/E1_Baseline_rendered/B0,results/footprint_conditioned_readout/FC_S3_mutual_loss_alignment_g2_target_definition/phase5_footprint_sensitivity/readout/buffer_0.75m/E1_Baseline_rendered/B0,,23,10,12,1,0.7083333333333334,0.9666666666666667,1.0,0.9468333333333333,1.9237778930714862e-15,9.821561306426032e-15,0.5643333333333334,0.9431012572505374,0.9261666666666667,0.9606666666666667,0.46317344274640604,1.1037195319762478,2.032316039035035,0.24164808654486314,1.0,True,0,0,12,12,CLOSED,0.744,0.687,0.24,0.5643333333333334,0,E1_Baseline_rendered,0.75,0
B0,E2_Mutual_rendered_buffer_0.75m,Stage3Algo-v1,Metric-v1,OK,results/footprint_conditioned_readout/FC_S3_mutual_loss_alignment_g2_target_definition/phase5_footprint_sensitivity/metric_v1/buffer_0.75m/E2_Mutual_rendered/B0,results/footprint_conditioned_readout/FC_S3_mutual_loss_alignment_g2_target_definition/phase5_footprint_sensitivity/readout/buffer_0.75m/E2_Mutual_rendered/B0,,23,10,12,1,0.7706666666666667,0.9623333333333334,1.0,0.946,1.851991012631141e-15,9.829558326425327e-15,0.5923333333333333,0.959110599478714,0.9518333333333333,0.9665,0.5267500991966507,1.101200743096035,1.9228446365893324,0.22915601091957324,1.0,True,0,0,12,12,CLOSED,0.86,0.692,0.23,0.5923333333333333,0,E2_Mutual_rendered,0.75,0
B1,E1_Baseline_rendered_buffer_0.75m,Stage3Algo-v1,Metric-v1,OK,results/footprint_conditioned_readout/FC_S3_mutual_loss_alignment_g2_target_definition/phase5_footprint_sensitivity/metric_v1/buffer_0.75m/E1_Baseline_rendered/B1,results/footprint_conditioned_readout/FC_S3_mutual_loss_alignment_g2_target_definition/phase5_footprint_sensitivity/readout/buffer_0.75m/E1_Baseline_rendered/B1,,11,4,6,1,0.876,0.8636666666666667,0.0,0.9076666666666666,2.5912085159055575e-15,7.822965893790503e-15,0.4983333333333333,0.8391250330425588,0.8766666666666667,0.8046666666666666,1.6901273512442305,0.791373106324835,1.815001553346551,0.39348311830437976,1.0,True,0,0,6,6,CLOSED,0.982,0.53,0.002,0.4983333333333333,0,E1_Baseline_rendered,0.75,1
B1,E2_Mutual_rendered_buffer_0.75m,Stage3Algo-v1,Metric-v1,OK,results/footprint_conditioned_readout/FC_S3_mutual_loss_alignment_g2_target_definition/phase5_footprint_sensitivity/metric_v1/buffer_0.75m/E2_Mutual_rendered/B1,results/footprint_conditioned_readout/FC_S3_mutual_loss_alignment_g2_target_definition/phase5_footprint_sensitivity/readout/buffer_0.75m/E2_Mutual_rendered/B1,,11,4,6,1,0.7803333333333333,0.9293333333333333,0.963,0.9568333333333333,2.6029297002103288e-15,7.37887668394044e-15,0.48933333333333334,0.9140608933454877,0.924,0.9043333333333333,0.32589166941419023,0.8318275308772364,1.3294199845074028,0.26164930122034225,1.0,True,0,0,6,6,CLOSED,0.917,0.519,0.055,0.48933333333333334,0,E2_Mutual_rendered,0.75,1
B2,E1_Baseline_rendered_buffer_0.75m,Stage3Algo-v1,Metric-v1,OK,results/footprint_conditioned_readout/FC_S3_mutual_loss_alignment_g2_target_definition/phase5_footprint_sensitivity/metric_v1/buffer_0.75m/E1_Baseline_rendered/B2,results/footprint_conditioned_readout/FC_S3_mutual_loss_alignment_g2_target_definition/phase5_footprint_sensitivity/readout/buffer_0.75m/E1_Baseline_rendered/B2,,11,4,6,1,1.0,0.987,1.0,0.9745,1.1842351594773425e-15,6.69808929350998e-15,0.5056666666666667,0.9964135931532435,0.9946666666666667,0.9981666666666666,0.5234961877382975,2.071946822557437,0.8350199114506536,0.19720129823536003,1.0,True,0,0,6,6,CLOSED,1.0,0.409,0.119,0.5056666666666667,0,E1_Baseline_rendered,0.75,2
B2,E2_Mutual_rendered_buffer_0.75m,Stage3Algo-v1,Metric-v1,OK,results/footprint_conditioned_readout/FC_S3_mutual_loss_alignment_g2_target_definition/phase5_footprint_sensitivity/metric_v1/buffer_0.75m/E2_Mutual_rendered/B2,results/footprint_conditioned_readout/FC_S3_mutual_loss_alignment_g2_target_definition/phase5_footprint_sensitivity/readout/buffer_0.75m/E2_Mutual_rendered/B2,,11,4,6,1,1.0,0.9883333333333333,1.0,0.9735,1.1763443728944331e-15,6.990299993591321e-15,0.49,0.9931585836549756,0.9903333333333333,0.996,0.4710039968325521,2.081555328295899,0.8650417498916951,0.2004784417331288,1.0,True,0,0,6,6,CLOSED,1.0,0.402,0.098,0.49,0,E2_Mutual_rendered,0.75,2
B8,E1_Baseline_rendered_buffer_0.75m,Stage3Algo-v1,Metric-v1,OK,results/footprint_conditioned_readout/FC_S3_mutual_loss_alignment_g2_target_definition/phase5_footprint_sensitivity/metric_v1/buffer_0.75m/E1_Baseline_rendered/B8,results/footprint_conditioned_readout/FC_S3_mutual_loss_alignment_g2_target_definition/phase5_footprint_sensitivity/readout/buffer_0.75m/E1_Baseline_rendered/B8,,15,6,8,1,0.9816666666666667,0.9816666666666667,1.0,0.9668333333333333,1.4743677862870585e-15,4.167089298285007e-15,0.496,0.9959158229436867,0.995,0.9968333333333333,0.2493086345062192,1.589819017680507,0.7714359738555728,0.19343811126845106,1.0,True,0,0,8,8,CLOSED,1.0,0.395,0.057,0.496,0,E1_Baseline_rendered,0.75,8
B8,E2_Mutual_rendered_buffer_0.75m,Stage3Algo-v1,Metric-v1,OK,results/footprint_conditioned_readout/FC_S3_mutual_loss_alignment_g2_target_definition/phase5_footprint_sensitivity/metric_v1/buffer_0.75m/E2_Mutual_rendered/B8,results/footprint_conditioned_readout/FC_S3_mutual_loss_alignment_g2_target_definition/phase5_footprint_sensitivity/readout/buffer_0.75m/E2_Mutual_rendered/B8,,15,6,8,1,1.0,0.9823333333333333,0.606,0.9568333333333333,1.5089057761730021e-15,4.453538276848183e-15,0.513,0.9175338841974635,0.9036666666666666,0.9318333333333333,0.46113781590596403,1.5768500644137617,0.7712779498861765,0.2181518403308031,1.0,True,0,0,8,8,CLOSED,1.0,0.448,0.052,0.513,0,E2_Mutual_rendered,0.75,8
B6,E1_Baseline_rendered_buffer_0.75m,Stage3Algo-v1,Metric-v1,OK,results/footprint_conditioned_readout/FC_S3_mutual_loss_alignment_g2_target_definition/phase5_footprint_sensitivity/metric_v1/buffer_0.75m/E1_Baseline_rendered/B6,results/footprint_conditioned_readout/FC_S3_mutual_loss_alignment_g2_target_definition/phase5_footprint_sensitivity/readout/buffer_0.75m/E1_Baseline_rendered/B6,,23,10,12,1,0.6693333333333333,0.9326666666666666,1.0,0.9273333333333333,1.5163540457066645e-15,5.11940160046375e-15,0.4626666666666666,0.947825830842272,0.9505,0.9451666666666667,3.627471515617838,0.6782715244356421,3.5667136390646914,0.23813073131969748,1.0,True,0,0,12,12,CLOSED,0.903,0.408,0.067,0.4626666666666666,0,E1_Baseline_rendered,0.75,6
B6,E2_Mutual_rendered_buffer_0.75m,Stage3Algo-v1,Metric-v1,OK,results/footprint_conditioned_readout/FC_S3_mutual_loss_alignment_g2_target_definition/phase5_footprint_sensitivity/metric_v1/buffer_0.75m/E2_Mutual_rendered/B6,results/footprint_conditioned_readout/FC_S3_mutual_loss_alignment_g2_target_definition/phase5_footprint_sensitivity/readout/buffer_0.75m/E2_Mutual_rendered/B6,,23,10,12,1,0.5246666666666666,0.932,1.0,0.937,1.5949491021093687e-15,5.483238945021996e-15,0.41733333333333333,0.931374727863768,0.9376666666666666,0.9251666666666667,3.38937412340141,0.6638984274781619,3.6235083886001966,0.23824001664625477,1.0,True,0,0,12,12,CLOSED,0.756,0.376,0.071,0.41733333333333333,0,E2_Mutual_rendered,0.75,6
B3,E1_Baseline_rendered_buffer_0.75m,Stage3Algo-v1,Metric-v1,OK,results/footprint_conditioned_readout/FC_S3_mutual_loss_alignment_g2_target_definition/phase5_footprint_sensitivity/metric_v1/buffer_0.75m/E1_Baseline_rendered/B3,results/footprint_conditioned_readout/FC_S3_mutual_loss_alignment_g2_target_definition/phase5_footprint_sensitivity/readout/buffer_0.75m/E1_Baseline_rendered/B3,,83,40,42,1,0.14966666666666667,0.609,0.7763333333333333,0.7798333333333334,1.2347575861805968e-15,7.458152980196018e-15,0.25266666666666665,0.40331385102574696,0.3948333333333333,0.4121666666666667,2.4719599680153728,0.9650653233730663,11.121050384368926,1.0849839789180125,1.0,True,0,0,42,42,CLOSED,0.302,0.443,0.056,0.25266666666666665,0,E1_Baseline_rendered,0.75,3
B3,E2_Mutual_rendered_buffer_0.75m,Stage3Algo-v1,Metric-v1,OK,results/footprint_conditioned_readout/FC_S3_mutual_loss_alignment_g2_target_definition/phase5_footprint_sensitivity/metric_v1/buffer_0.75m/E2_Mutual_rendered/B3,results/footprint_conditioned_readout/FC_S3_mutual_loss_alignment_g2_target_definition/phase5_footprint_sensitivity/readout/buffer_0.75m/E2_Mutual_rendered/B3,,83,40,42,1,0.156,0.6216666666666667,0.896,0.7798333333333334,1.2154140225948219e-15,7.645558626752743e-15,0.25533333333333336,0.43840797720797725,0.4265,0.451,1.8207417446001521,0.9731816247712521,11.183994129120826,1.0762153717867158,1.0,True,0,0,42,42,CLOSED,0.276,0.465,0.056,0.25533333333333336,0,E2_Mutual_rendered,0.75,3
B123,E1_Baseline_rendered_buffer_0.75m,Stage3Algo-v1,Metric-v1,OK,results/footprint_conditioned_readout/FC_S3_mutual_loss_alignment_g2_target_definition/phase5_footprint_sensitivity/metric_v1/buffer_0.75m/E1_Baseline_rendered/B123,results/footprint_conditioned_readout/FC_S3_mutual_loss_alignment_g2_target_definition/phase5_footprint_sensitivity/readout/buffer_0.75m/E1_Baseline_rendered/B123,,55,26,28,1,0.167,0.647,0.9766666666666667,0.8443333333333334,1.5960433524099018e-15,8.070421285510229e-15,0.342,0.5965428132420729,0.6015,0.5916666666666667,0.29203150714080905,0.992215560786045,5.305519254153722,0.8348434343385214,1.0,True,0,0,28,28,CLOSED,0.292,0.633,0.14,0.342,0,E1_Baseline_rendered,0.75,123
B123,E2_Mutual_rendered_buffer_0.75m,Stage3Algo-v1,Metric-v1,OK,results/footprint_conditioned_readout/FC_S3_mutual_loss_alignment_g2_target_definition/phase5_footprint_sensitivity/metric_v1/buffer_0.75m/E2_Mutual_rendered/B123,results/footprint_conditioned_readout/FC_S3_mutual_loss_alignment_g2_target_definition/phase5_footprint_sensitivity/readout/buffer_0.75m/E2_Mutual_rendered/B123,,55,26,28,1,0.15,0.6403333333333333,0.947,0.8393333333333334,1.6675173224441727e-15,8.084313294052623e-15,0.3123333333333333,0.5762228645758057,0.591,0.5621666666666667,0.05493656572977912,0.7385642480606636,5.348908854212128,0.8631629411907014,1.0,True,0,0,28,28,CLOSED,0.272,0.606,0.089,0.3123333333333333,0,E2_Mutual_rendered,0.75,123
B126,E1_Baseline_rendered_buffer_0.75m,Stage3Algo-v1,Metric-v1,OK,results/footprint_conditioned_readout/FC_S3_mutual_loss_alignment_g2_target_definition/phase5_footprint_sensitivity/metric_v1/buffer_0.75m/E1_Baseline_rendered/B126,results/footprint_conditioned_readout/FC_S3_mutual_loss_alignment_g2_target_definition/phase5_footprint_sensitivity/readout/buffer_0.75m/E1_Baseline_rendered/B126,,49,23,25,1,0.14133333333333334,0.6223333333333333,0.99,0.7446666666666667,2.6912456319565558e-15,1.0875005912170445e-14,0.23500000000000001,0.5614468652734549,0.5835,0.541,1.233671258914974,0.2767196310685855,5.4164174580267215,1.0299905522465689,1.0,True,0,0,25,25,CLOSED,0.223,0.464,0.038,0.23500000000000001,0,E1_Baseline_rendered,0.75,126
B126,E2_Mutual_rendered_buffer_0.75m,Stage3Algo-v1,Metric-v1,OK,results/footprint_conditioned_readout/FC_S3_mutual_loss_alignment_g2_target_definition/phase5_footprint_sensitivity/metric_v1/buffer_0.75m/E2_Mutual_rendered/B126,results/footprint_conditioned_readout/FC_S3_mutual_loss_alignment_g2_target_definition/phase5_footprint_sensitivity/readout/buffer_0.75m/E2_Mutual_rendered/B126,,49,23,25,1,0.15566666666666668,0.6223333333333333,0.9623333333333334,0.7408333333333333,2.7718512548658097e-15,1.0317195741328054e-14,0.24666666666666667,0.5403327171903882,0.56,0.522,1.1424515213034923,0.48903272092103717,5.416819502782191,1.0381567046756128,1.0,True,0,0,25,25,CLOSED,0.244,0.473,0.048,0.24666666666666667,0,E2_Mutual_rendered,0.75,126
B50,E1_Baseline_rendered_buffer_0.75m,Stage3Algo-v1,Metric-v1,OK,results/footprint_conditioned_readout/FC_S3_mutual_loss_alignment_g2_target_definition/phase5_footprint_sensitivity/metric_v1/buffer_0.75m/E1_Baseline_rendered/B50,results/footprint_conditioned_readout/FC_S3_mutual_loss_alignment_g2_target_definition/phase5_footprint_sensitivity/readout/buffer_0.75m/E1_Baseline_rendered/B50,,19,8,10,1,0.5476666666666666,0.945,1.0,0.946,1.090435552213523e-15,3.4024458178222215e-15,0.4403333333333334,0.9331509198071085,0.937,0.9293333333333333,0.13542257921591627,1.0095923918666236,1.5157838155860595,0.23308632957319247,1.0,True,0,0,10,10,CLOSED,0.935,0.327,0.056,0.4403333333333334,0,E1_Baseline_rendered,0.75,50
B50,E2_Mutual_rendered_buffer_0.75m,Stage3Algo-v1,Metric-v1,OK,results/footprint_conditioned_readout/FC_S3_mutual_loss_alignment_g2_target_definition/phase5_footprint_sensitivity/metric_v1/buffer_0.75m/E2_Mutual_rendered/B50,results/footprint_conditioned_readout/FC_S3_mutual_loss_alignment_g2_target_definition/phase5_footprint_sensitivity/readout/buffer_0.75m/E2_Mutual_rendered/B50,,19,8,10,1,0.553,0.9473333333333334,1.0,0.9476666666666667,9.719845997786263e-16,3.4024458178222215e-15,0.4323333333333333,0.9349016252191223,0.9386666666666666,0.9311666666666667,0.27220380881142603,1.004370275011915,1.5626898081724714,0.22850182087213686,1.0,True,0,0,10,10,CLOSED,0.924,0.335,0.015,0.4323333333333333,0,E2_Mutual_rendered,0.75,50
B104,E1_Baseline_rendered_buffer_0.75m,Stage3Algo-v1,Metric-v1,OK,results/footprint_conditioned_readout/FC_S3_mutual_loss_alignment_g2_target_definition/phase5_footprint_sensitivity/metric_v1/buffer_0.75m/E1_Baseline_rendered/B104,results/footprint_conditioned_readout/FC_S3_mutual_loss_alignment_g2_target_definition/phase5_footprint_sensitivity/readout/buffer_0.75m/E1_Baseline_rendered/B104,,7,2,4,1,1.0,0.9996666666666667,1.0,0.9098333333333334,2.2123215171838835e-15,7.013299995729592e-15,0.7943333333333333,1.0,1.0,1.0,0.2308115401708064,0.8649605297263258,0.46300447768003145,0.13417468555339113,1.0,True,0,0,4,4,CLOSED,1.0,0.782,0.557,0.7943333333333333,0,E1_Baseline_rendered,0.75,104
B104,E2_Mutual_rendered_buffer_0.75m,Stage3Algo-v1,Metric-v1,OK,results/footprint_conditioned_readout/FC_S3_mutual_loss_alignment_g2_target_definition/phase5_footprint_sensitivity/metric_v1/buffer_0.75m/E2_Mutual_rendered/B104,results/footprint_conditioned_readout/FC_S3_mutual_loss_alignment_g2_target_definition/phase5_footprint_sensitivity/readout/buffer_0.75m/E2_Mutual_rendered/B104,,7,2,4,1,1.0,0.9166666666666666,0.0,0.8188333333333333,2.209504231261536e-15,6.924412099839007e-15,0.745,0.8275055271682864,0.8911666666666667,0.7723333333333333,0.6116163007342417,0.7344306125677919,0.7774703290736924,0.2219298171623314,1.0,True,0,0,4,4,CLOSED,1.0,0.818,0.354,0.745,0,E2_Mutual_rendered,0.75,104
B0,E1_Baseline_rendered_buffer_1.50m,Stage3Algo-v1,Metric-v1,OK,results/footprint_conditioned_readout/FC_S3_mutual_loss_alignment_g2_target_definition/phase5_footprint_sensitivity/metric_v1/buffer_1.50m/E1_Baseline_rendered/B0,results/footprint_conditioned_readout/FC_S3_mutual_loss_alignment_g2_target_definition/phase5_footprint_sensitivity/readout/buffer_1.50m/E1_Baseline_rendered/B0,,23,10,12,1,0.7083333333333334,0.966,1.0,0.9461666666666667,1.7861246164106808e-15,9.599516701501e-15,0.564,0.9429284094590218,0.9258333333333333,0.9606666666666667,0.47584940782923013,1.1045679543958355,2.032316039035035,0.24264644725624618,1.0,True,0,0,12,12,CLOSED,0.744,0.687,0.24,0.564,0,E1_Baseline_rendered,1.5,0
B0,E2_Mutual_rendered_buffer_1.50m,Stage3Algo-v1,Metric-v1,OK,results/footprint_conditioned_readout/FC_S3_mutual_loss_alignment_g2_target_definition/phase5_footprint_sensitivity/metric_v1/buffer_1.50m/E2_Mutual_rendered/B0,results/footprint_conditioned_readout/FC_S3_mutual_loss_alignment_g2_target_definition/phase5_footprint_sensitivity/readout/buffer_1.50m/E2_Mutual_rendered/B0,,23,10,12,1,0.7706666666666667,0.9626666666666667,1.0,0.9456666666666667,1.8058840238585346e-15,1.0069893855681058e-14,0.5926666666666666,0.9571872551580047,0.9495,0.965,0.5448234478526324,1.1023326901359043,1.9228446365893324,0.23062700475500644,1.0,True,0,0,12,12,CLOSED,0.86,0.691,0.23,0.5926666666666666,0,E2_Mutual_rendered,1.5,0
B1,E1_Baseline_rendered_buffer_1.50m,Stage3Algo-v1,Metric-v1,OK,results/footprint_conditioned_readout/FC_S3_mutual_loss_alignment_g2_target_definition/phase5_footprint_sensitivity/metric_v1/buffer_1.50m/E1_Baseline_rendered/B1,results/footprint_conditioned_readout/FC_S3_mutual_loss_alignment_g2_target_definition/phase5_footprint_sensitivity/readout/buffer_1.50m/E1_Baseline_rendered/B1,,11,4,6,1,0.7643333333333333,0.861,0.0,0.9091666666666667,2.545002803980765e-15,7.822965893790503e-15,0.451,0.8298029877681973,0.8648333333333333,0.7975,1.456660997170026,0.7167315874386165,1.700096948943768,0.3774047875066594,1.0,True,0,0,6,6,CLOSED,0.848,0.524,0.004,0.451,0,E1_Baseline_rendered,1.5,1
B1,E2_Mutual_rendered_buffer_1.50m,Stage3Algo-v1,Metric-v1,OK,results/footprint_conditioned_readout/FC_S3_mutual_loss_alignment_g2_target_definition/phase5_footprint_sensitivity/metric_v1/buffer_1.50m/E2_Mutual_rendered/B1,results/footprint_conditioned_readout/FC_S3_mutual_loss_alignment_g2_target_definition/phase5_footprint_sensitivity/readout/buffer_1.50m/E2_Mutual_rendered/B1,,11,4,6,1,0.7803333333333333,0.9223333333333333,0.0,0.9535,2.7785772207447364e-15,7.890081295832676e-15,0.48866666666666664,0.855679421023594,0.8701666666666666,0.8416666666666667,0.38476996522920004,0.8282549652692063,1.3294199845074062,0.2674724773647992,1.0,True,0,0,6,6,CLOSED,0.917,0.519,0.05,0.48866666666666664,0,E2_Mutual_rendered,1.5,1
B2,E1_Baseline_rendered_buffer_1.50m,Stage3Algo-v1,Metric-v1,OK,results/footprint_conditioned_readout/FC_S3_mutual_loss_alignment_g2_target_definition/phase5_footprint_sensitivity/metric_v1/buffer_1.50m/E1_Baseline_rendered/B2,results/footprint_conditioned_readout/FC_S3_mutual_loss_alignment_g2_target_definition/phase5_footprint_sensitivity/readout/buffer_1.50m/E1_Baseline_rendered/B2,,11,4,6,1,1.0,0.987,1.0,0.977,1.175474490519391e-15,6.990299993591321e-15,0.5046666666666667,0.9984993045123242,0.9976666666666667,0.9993333333333333,0.37452903503691637,2.049597542058696,0.7701719117278403,0.18271911935786148,1.0,True,0,0,6,6,CLOSED,1.0,0.411,0.113,0.5046666666666667,0,E1_Baseline_rendered,1.5,2
B2,E2_Mutual_rendered_buffer_1.50m,Stage3Algo-v1,Metric-v1,OK,results/footprint_conditioned_readout/FC_S3_mutual_loss_alignment_g2_target_definition/phase5_footprint_sensitivity/metric_v1/buffer_1.50m/E2_Mutual_rendered/B2,results/footprint_conditioned_readout/FC_S3_mutual_loss_alignment_g2_target_definition/phase5_footprint_sensitivity/readout/buffer_1.50m/E2_Mutual_rendered/B2,,11,4,6,1,1.0,0.988,1.0,0.9711666666666666,1.3387091318253752e-15,6.990299993591321e-15,0.48933333333333334,0.9820570216376749,0.977,0.9871666666666666,0.5214514406209929,2.089123869757737,0.8940377634051218,0.20575299052589713,1.0,True,0,0,6,6,CLOSED,1.0,0.397,0.098,0.48933333333333334,0,E2_Mutual_rendered,1.5,2
B8,E1_Baseline_rendered_buffer_1.50m,Stage3Algo-v1,Metric-v1,OK,results/footprint_conditioned_readout/FC_S3_mutual_loss_alignment_g2_target_definition/phase5_footprint_sensitivity/metric_v1/buffer_1.50m/E1_Baseline_rendered/B8,results/footprint_conditioned_readout/FC_S3_mutual_loss_alignment_g2_target_definition/phase5_footprint_sensitivity/readout/buffer_1.50m/E1_Baseline_rendered/B8,,15,6,8,1,0.984,0.9516666666666667,0.0,0.9403333333333334,1.4193443575356925e-15,4.086586494235534e-15,0.478,0.8951681712424384,0.9103333333333333,0.8805,0.6788635026179879,1.4860785787618873,0.8657732007151742,0.23273674594160138,1.0,True,0,0,8,8,CLOSED,1.0,0.41,0.0,0.478,0,E1_Baseline_rendered,1.5,8
B8,E2_Mutual_rendered_buffer_1.50m,Stage3Algo-v1,Metric-v1,OK,results/footprint_conditioned_readout/FC_S3_mutual_loss_alignment_g2_target_definition/phase5_footprint_sensitivity/metric_v1/buffer_1.50m/E2_Mutual_rendered/B8,results/footprint_conditioned_readout/FC_S3_mutual_loss_alignment_g2_target_definition/phase5_footprint_sensitivity/readout/buffer_1.50m/E2_Mutual_rendered/B8,,15,6,8,1,1.0,0.9823333333333333,1.0,0.9598333333333333,1.4895550934306261e-15,4.683561766292705e-15,0.5136666666666667,0.9877484181219944,0.9865,0.989,0.3567123397433125,1.5649483050957362,0.8330328436512614,0.20824829059353772,1.0,True,0,0,8,8,CLOSED,1.0,0.449,0.051,0.5136666666666667,0,E2_Mutual_rendered,1.5,8
B6,E1_Baseline_rendered_buffer_1.50m,Stage3Algo-v1,Metric-v1,OK,results/footprint_conditioned_readout/FC_S3_mutual_loss_alignment_g2_target_definition/phase5_footprint_sensitivity/metric_v1/buffer_1.50m/E1_Baseline_rendered/B6,results/footprint_conditioned_readout/FC_S3_mutual_loss_alignment_g2_target_definition/phase5_footprint_sensitivity/readout/buffer_1.50m/E1_Baseline_rendered/B6,,23,10,12,1,0.6693333333333333,0.9316666666666666,1.0,0.929,1.6542707667329527e-15,5.350739672834268e-15,0.4626666666666667,0.948325834797891,0.951,0.9456666666666667,3.5759969016833573,0.6804885114394883,3.566713639064695,0.23443012101240024,1.0,True,0,0,12,12,CLOSED,0.903,0.408,0.069,0.4626666666666667,0,E1_Baseline_rendered,1.5,6
B6,E2_Mutual_rendered_buffer_1.50m,Stage3Algo-v1,Metric-v1,OK,results/footprint_conditioned_readout/FC_S3_mutual_loss_alignment_g2_target_definition/phase5_footprint_sensitivity/metric_v1/buffer_1.50m/E2_Mutual_rendered/B6,results/footprint_conditioned_readout/FC_S3_mutual_loss_alignment_g2_target_definition/phase5_footprint_sensitivity/readout/buffer_1.50m/E2_Mutual_rendered/B6,,23,10,12,1,0.5246666666666666,0.9303333333333333,1.0,0.9365,1.6114371085249588e-15,5.555554120640865e-15,0.42,0.9316165474060822,0.9385,0.9248333333333333,3.2370249073167336,0.6704600353522017,3.6235083886001966,0.23974114961391402,1.0,True,0,0,12,12,CLOSED,0.756,0.381,0.083,0.42,0,E2_Mutual_rendered,1.5,6
B3,E1_Baseline_rendered_buffer_1.50m,Stage3Algo-v1,Metric-v1,OK,results/footprint_conditioned_readout/FC_S3_mutual_loss_alignment_g2_target_definition/phase5_footprint_sensitivity/metric_v1/buffer_1.50m/E1_Baseline_rendered/B3,results/footprint_conditioned_readout/FC_S3_mutual_loss_alignment_g2_target_definition/phase5_footprint_sensitivity/readout/buffer_1.50m/E1_Baseline_rendered/B3,,83,40,42,1,0.14866666666666667,0.603,0.9186666666666666,0.7856666666666666,1.251153714873041e-15,6.842741747213367e-15,0.254,0.4500747041420119,0.43433333333333335,0.467,2.2076661274090483,0.9814509902851412,11.121050384368926,1.0505438851482554,1.0,True,0,0,42,42,CLOSED,0.302,0.441,0.065,0.254,0,E1_Baseline_rendered,1.5,3
B3,E2_Mutual_rendered_buffer_1.50m,Stage3Algo-v1,Metric-v1,OK,results/footprint_conditioned_readout/FC_S3_mutual_loss_alignment_g2_target_definition/phase5_footprint_sensitivity/metric_v1/buffer_1.50m/E2_Mutual_rendered/B3,results/footprint_conditioned_readout/FC_S3_mutual_loss_alignment_g2_target_definition/phase5_footprint_sensitivity/readout/buffer_1.50m/E2_Mutual_rendered/B3,,83,40,42,1,0.15566666666666668,0.6116666666666667,0.9196666666666666,0.7763333333333333,1.2067765081672796e-15,8.551056525637021e-15,0.254,0.4484852422498608,0.435,0.4628333333333333,1.5920348550016392,0.9873560147721581,11.183994129120826,1.0661603581333385,1.0,True,0,0,42,42,CLOSED,0.276,0.457,0.062,0.254,0,E2_Mutual_rendered,1.5,3
B123,E1_Baseline_rendered_buffer_1.50m,Stage3Algo-v1,Metric-v1,OK,results/footprint_conditioned_readout/FC_S3_mutual_loss_alignment_g2_target_definition/phase5_footprint_sensitivity/metric_v1/buffer_1.50m/E1_Baseline_rendered/B123,results/footprint_conditioned_readout/FC_S3_mutual_loss_alignment_g2_target_definition/phase5_footprint_sensitivity/readout/buffer_1.50m/E1_Baseline_rendered/B123,,55,26,28,1,0.167,0.648,0.9763333333333334,0.8435,1.6164709189534098e-15,7.311694870481396e-15,0.3413333333333333,0.5940066395473887,0.6008333333333333,0.5873333333333334,0.23573692270038293,0.9968473918108273,5.305519254153722,0.8358871888932535,1.0,True,0,0,28,28,CLOSED,0.292,0.63,0.139,0.3413333333333333,0,E1_Baseline_rendered,1.5,123
B123,E2_Mutual_rendered_buffer_1.50m,Stage3Algo-v1,Metric-v1,OK,results/footprint_conditioned_readout/FC_S3_mutual_loss_alignment_g2_target_definition/phase5_footprint_sensitivity/metric_v1/buffer_1.50m/E2_Mutual_rendered/B123,results/footprint_conditioned_readout/FC_S3_mutual_loss_alignment_g2_target_definition/phase5_footprint_sensitivity/readout/buffer_1.50m/E2_Mutual_rendered/B123,,55,26,28,1,0.15,0.6406666666666667,0.953,0.8395,1.6036929568273916e-15,8.0426657098946e-15,0.3133333333333333,0.5789075912338753,0.5933333333333334,0.5651666666666667,0.07418265796775358,0.7369807094659698,5.348908854212128,0.8621142256680117,1.0,True,0,0,28,28,CLOSED,0.272,0.606,0.089,0.3133333333333333,0,E2_Mutual_rendered,1.5,123
B126,E1_Baseline_rendered_buffer_1.50m,Stage3Algo-v1,Metric-v1,OK,results/footprint_conditioned_readout/FC_S3_mutual_loss_alignment_g2_target_definition/phase5_footprint_sensitivity/metric_v1/buffer_1.50m/E1_Baseline_rendered/B126,results/footprint_conditioned_readout/FC_S3_mutual_loss_alignment_g2_target_definition/phase5_footprint_sensitivity/readout/buffer_1.50m/E1_Baseline_rendered/B126,,49,23,25,1,0.14133333333333334,0.621,0.991,0.7448333333333333,2.7264299280499217e-15,9.867034428113265e-15,0.2336666666666667,0.5641047352116831,0.5863333333333334,0.5435,1.261119018866701,0.2748412500503767,5.4164174580267215,1.0261499063819224,1.0,True,0,0,25,25,CLOSED,0.223,0.464,0.038,0.2336666666666667,0,E1_Baseline_rendered,1.5,126
B126,E2_Mutual_rendered_buffer_1.50m,Stage3Algo-v1,Metric-v1,OK,results/footprint_conditioned_readout/FC_S3_mutual_loss_alignment_g2_target_definition/phase5_footprint_sensitivity/metric_v1/buffer_1.50m/E2_Mutual_rendered/B126,results/footprint_conditioned_readout/FC_S3_mutual_loss_alignment_g2_target_definition/phase5_footprint_sensitivity/readout/buffer_1.50m/E2_Mutual_rendered/B126,,49,23,25,1,0.15566666666666668,0.624,0.981,0.7405,2.7512160330207295e-15,1.0875005912170445e-14,0.246,0.5523005826803296,0.5726666666666667,0.5333333333333333,1.1924858864236434,0.4856086308726973,5.416819502782191,1.0325508458435855,1.0,True,0,0,25,25,CLOSED,0.244,0.475,0.048,0.246,0,E2_Mutual_rendered,1.5,126
B50,E1_Baseline_rendered_buffer_1.50m,Stage3Algo-v1,Metric-v1,OK,results/footprint_conditioned_readout/FC_S3_mutual_loss_alignment_g2_target_definition/phase5_footprint_sensitivity/metric_v1/buffer_1.50m/E1_Baseline_rendered/B50,results/footprint_conditioned_readout/FC_S3_mutual_loss_alignment_g2_target_definition/phase5_footprint_sensitivity/readout/buffer_1.50m/E1_Baseline_rendered/B50,,19,8,10,1,0.5476666666666666,0.946,1.0,0.9466666666666667,9.492573417558188e-16,4.37550078775494e-15,0.441,0.9328236853076053,0.9358333333333333,0.9298333333333333,0.26586991761910284,1.001797432197157,1.5157838155860595,0.22968170919441433,1.0,True,0,0,10,10,CLOSED,0.935,0.328,0.056,0.441,0,E1_Baseline_rendered,1.5,50
B50,E2_Mutual_rendered_buffer_1.50m,Stage3Algo-v1,Metric-v1,OK,results/footprint_conditioned_readout/FC_S3_mutual_loss_alignment_g2_target_definition/phase5_footprint_sensitivity/metric_v1/buffer_1.50m/E2_Mutual_rendered/B50,results/footprint_conditioned_readout/FC_S3_mutual_loss_alignment_g2_target_definition/phase5_footprint_sensitivity/readout/buffer_1.50m/E2_Mutual_rendered/B50,,19,8,10,1,0.553,0.9466666666666667,0.9996666666666667,0.9383333333333334,1.0353820693461401e-15,4.287461675329943e-15,0.432,0.9245388012618297,0.931,0.9181666666666667,0.7201350202309378,0.9776038743290705,1.5626898081724685,0.25408639381715115,1.0,True,0,0,10,10,CLOSED,0.924,0.342,0.007,0.432,0,E2_Mutual_rendered,1.5,50
B104,E1_Baseline_rendered_buffer_1.50m,Stage3Algo-v1,Metric-v1,OK,results/footprint_conditioned_readout/FC_S3_mutual_loss_alignment_g2_target_definition/phase5_footprint_sensitivity/metric_v1/buffer_1.50m/E1_Baseline_rendered/B104,results/footprint_conditioned_readout/FC_S3_mutual_loss_alignment_g2_target_definition/phase5_footprint_sensitivity/readout/buffer_1.50m/E1_Baseline_rendered/B104,,7,2,4,1,1.0,1.0,1.0,0.937,2.1665939464796806e-15,6.791255390804561e-15,0.7776666666666667,1.0,1.0,1.0,0.07172433479453444,0.9098924774710536,0.46300447768003145,0.10613961678327383,1.0,True,0,0,4,4,CLOSED,1.0,0.757,0.526,0.7776666666666667,0,E1_Baseline_rendered,1.5,104
B104,E2_Mutual_rendered_buffer_1.50m,Stage3Algo-v1,Metric-v1,OK,results/footprint_conditioned_readout/FC_S3_mutual_loss_alignment_g2_target_definition/phase5_footprint_sensitivity/metric_v1/buffer_1.50m/E2_Mutual_rendered/B104,results/footprint_conditioned_readout/FC_S3_mutual_loss_alignment_g2_target_definition/phase5_footprint_sensitivity/readout/buffer_1.50m/E2_Mutual_rendered/B104,,7,2,4,1,0.6446666666666667,0.9536666666666667,1.0,0.858,2.18908783951284e-15,6.924412099839007e-15,0.6806666666666668,0.9327515400410678,0.9583333333333334,0.9085,0.22494125570084123,0.7847969901186355,1.1682818697532964,0.18879243130647108,1.0,True,0,0,4,4,CLOSED,0.998,0.729,0.284,0.6806666666666668,0,E2_Mutual_rendered,1.5,104
