setting,run_name,arm,replicate,min_obs,voxel_m,sor,sor_std,stage,building_id,occupied_cells,grid_total_cells,coverage_frac
base,gs_e5_C001_s1_sparse_r1,sparse,r1,3,0.05,on,2.0,voxel_all_pre_minobs,DEBY_LOD2_60098,770,784,0.9821428571428571
base,gs_e5_C001_s1_sparse_r1,sparse,r1,3,0.05,on,2.0,voxel_all_pre_minobs,DEBY_LOD2_4907184,1352,1352,1.0
base,gs_e5_C001_s1_sparse_r1,sparse,r1,3,0.05,on,2.0,voxel_all_pre_minobs,DEBY_LOD2_4907185,642,644,0.9968944099378882
base,gs_e5_C001_s1_sparse_r1,sparse,r1,3,0.05,on,2.0,voxel_all_pre_minobs,DEBY_LOD2_4907186,668,673,0.9925705794947994
base,gs_e5_C001_s1_sparse_r1,sparse,r1,3,0.05,on,2.0,voxel_all_pre_minobs,DEBY_LOD2_4907188,660,664,0.9939759036144579
base,gs_e5_C001_s1_sparse_r1,sparse,r1,3,0.05,on,2.0,voxel_all_pre_minobs,DEBY_LOD2_4907194,844,850,0.9929411764705882
base,gs_e5_C001_s1_sparse_r1,sparse,r1,3,0.05,on,2.0,voxel_all_pre_minobs,DEBY_LOD2_4907195,709,710,0.9985915492957746
base,gs_e5_C001_s1_sparse_r1,sparse,r1,3,0.05,on,2.0,voxel_all_pre_minobs,DEBY_LOD2_4907198,1429,1438,0.9937413073713491
base,gs_e5_C001_s1_sparse_r1,sparse,r1,3,0.05,on,2.0,voxel_all_pre_minobs,DEBY_LOD2_4907199,369,393,0.9389312977099237
base,gs_e5_C001_s1_sparse_r1,sparse,r1,3,0.05,on,2.0,voxel_all_pre_minobs,DEBY_LOD2_4907202,639,641,0.9968798751950078
base,gs_e5_C001_s1_sparse_r1,sparse,r1,3,0.05,on,2.0,voxel_all_pre_minobs,DEBY_LOD2_4908168,114,114,1.0
base,gs_e5_C001_s1_sparse_r1,sparse,r1,3,0.05,on,2.0,voxel_all_pre_minobs,DEBY_LOD2_4908178,447,454,0.9845814977973568
base,gs_e5_C001_s1_sparse_r1,sparse,r1,3,0.05,on,2.0,voxel_all_pre_minobs,DEBY_LOD2_4908179,465,474,0.9810126582278481
base,gs_e5_C001_s1_sparse_r1,sparse,r1,3,0.05,on,2.0,voxel_all_pre_minobs,DEBY_LOD2_8568391,221,221,1.0
base,gs_e5_C001_s1_sparse_r1,sparse,r1,3,0.05,on,2.0,voxel_all_pre_minobs,DEBY_LOD2_8568392,24,24,1.0
base,gs_e5_C001_s1_sparse_r1,sparse,r1,3,0.05,on,2.0,voxel_all_pre_minobs,DEBY_LOD2_108247349,376,402,0.9353233830845771
base,gs_e5_C001_s1_sparse_r1,sparse,r1,3,0.05,on,2.0,voxel_all_pre_minobs,DEBY_LOD2_108247350,34,48,0.7083333333333334
base,gs_e5_C001_s1_sparse_r1,sparse,r1,3,0.05,on,2.0,voxel_all_pre_minobs,DEBY_LOD2_108247351,181,260,0.6961538461538461
base,gs_e5_C001_s1_sparse_r1,sparse,r1,3,0.05,on,2.0,minobs_post_gate_pre_sor,DEBY_LOD2_60098,328,784,0.41836734693877553
base,gs_e5_C001_s1_sparse_r1,sparse,r1,3,0.05,on,2.0,minobs_post_gate_pre_sor,DEBY_LOD2_4907184,1352,1352,1.0
base,gs_e5_C001_s1_sparse_r1,sparse,r1,3,0.05,on,2.0,minobs_post_gate_pre_sor,DEBY_LOD2_4907185,440,644,0.6832298136645962
base,gs_e5_C001_s1_sparse_r1,sparse,r1,3,0.05,on,2.0,minobs_post_gate_pre_sor,DEBY_LOD2_4907186,300,673,0.4457652303120357
base,gs_e5_C001_s1_sparse_r1,sparse,r1,3,0.05,on,2.0,minobs_post_gate_pre_sor,DEBY_LOD2_4907188,205,664,0.30873493975903615
base,gs_e5_C001_s1_sparse_r1,sparse,r1,3,0.05,on,2.0,minobs_post_gate_pre_sor,DEBY_LOD2_4907194,335,850,0.3941176470588235
base,gs_e5_C001_s1_sparse_r1,sparse,r1,3,0.05,on,2.0,minobs_post_gate_pre_sor,DEBY_LOD2_4907195,452,710,0.6366197183098592
base,gs_e5_C001_s1_sparse_r1,sparse,r1,3,0.05,on,2.0,minobs_post_gate_pre_sor,DEBY_LOD2_4907198,726,1438,0.5048678720445062
base,gs_e5_C001_s1_sparse_r1,sparse,r1,3,0.05,on,2.0,minobs_post_gate_pre_sor,DEBY_LOD2_4907199,60,393,0.15267175572519084
base,gs_e5_C001_s1_sparse_r1,sparse,r1,3,0.05,on,2.0,minobs_post_gate_pre_sor,DEBY_LOD2_4907202,318,641,0.4960998439937597
base,gs_e5_C001_s1_sparse_r1,sparse,r1,3,0.05,on,2.0,minobs_post_gate_pre_sor,DEBY_LOD2_4908168,71,114,0.6228070175438597
base,gs_e5_C001_s1_sparse_r1,sparse,r1,3,0.05,on,2.0,minobs_post_gate_pre_sor,DEBY_LOD2_4908178,239,454,0.526431718061674
base,gs_e5_C001_s1_sparse_r1,sparse,r1,3,0.05,on,2.0,minobs_post_gate_pre_sor,DEBY_LOD2_4908179,29,474,0.06118143459915612
base,gs_e5_C001_s1_sparse_r1,sparse,r1,3,0.05,on,2.0,minobs_post_gate_pre_sor,DEBY_LOD2_8568391,25,221,0.11312217194570136
base,gs_e5_C001_s1_sparse_r1,sparse,r1,3,0.05,on,2.0,minobs_post_gate_pre_sor,DEBY_LOD2_8568392,3,24,0.125
base,gs_e5_C001_s1_sparse_r1,sparse,r1,3,0.05,on,2.0,minobs_post_gate_pre_sor,DEBY_LOD2_108247349,27,402,0.06716417910447761
base,gs_e5_C001_s1_sparse_r1,sparse,r1,3,0.05,on,2.0,minobs_post_gate_pre_sor,DEBY_LOD2_108247350,7,48,0.14583333333333334
base,gs_e5_C001_s1_sparse_r1,sparse,r1,3,0.05,on,2.0,minobs_post_gate_pre_sor,DEBY_LOD2_108247351,87,260,0.3346153846153846
base,gs_e5_C001_s1_sparse_r1,sparse,r1,3,0.05,on,2.0,sor_post_clean,DEBY_LOD2_60098,102,784,0.13010204081632654
base,gs_e5_C001_s1_sparse_r1,sparse,r1,3,0.05,on,2.0,sor_post_clean,DEBY_LOD2_4907184,1352,1352,1.0
base,gs_e5_C001_s1_sparse_r1,sparse,r1,3,0.05,on,2.0,sor_post_clean,DEBY_LOD2_4907185,321,644,0.4984472049689441
base,gs_e5_C001_s1_sparse_r1,sparse,r1,3,0.05,on,2.0,sor_post_clean,DEBY_LOD2_4907186,60,673,0.08915304606240713
base,gs_e5_C001_s1_sparse_r1,sparse,r1,3,0.05,on,2.0,sor_post_clean,DEBY_LOD2_4907188,36,664,0.05421686746987952
base,gs_e5_C001_s1_sparse_r1,sparse,r1,3,0.05,on,2.0,sor_post_clean,DEBY_LOD2_4907194,29,850,0.03411764705882353
base,gs_e5_C001_s1_sparse_r1,sparse,r1,3,0.05,on,2.0,sor_post_clean,DEBY_LOD2_4907195,209,710,0.2943661971830986
base,gs_e5_C001_s1_sparse_r1,sparse,r1,3,0.05,on,2.0,sor_post_clean,DEBY_LOD2_4907198,378,1438,0.26286509040333794
base,gs_e5_C001_s1_sparse_r1,sparse,r1,3,0.05,on,2.0,sor_post_clean,DEBY_LOD2_4907199,54,393,0.13740458015267176
base,gs_e5_C001_s1_sparse_r1,sparse,r1,3,0.05,on,2.0,sor_post_clean,DEBY_LOD2_4907202,277,641,0.43213728549141966
base,gs_e5_C001_s1_sparse_r1,sparse,r1,3,0.05,on,2.0,sor_post_clean,DEBY_LOD2_4908168,67,114,0.5877192982456141
base,gs_e5_C001_s1_sparse_r1,sparse,r1,3,0.05,on,2.0,sor_post_clean,DEBY_LOD2_4908178,227,454,0.5
base,gs_e5_C001_s1_sparse_r1,sparse,r1,3,0.05,on,2.0,sor_post_clean,DEBY_LOD2_4908179,2,474,0.004219409282700422
base,gs_e5_C001_s1_sparse_r1,sparse,r1,3,0.05,on,2.0,sor_post_clean,DEBY_LOD2_8568391,1,221,0.004524886877828055
base,gs_e5_C001_s1_sparse_r1,sparse,r1,3,0.05,on,2.0,sor_post_clean,DEBY_LOD2_8568392,0,24,0.0
base,gs_e5_C001_s1_sparse_r1,sparse,r1,3,0.05,on,2.0,sor_post_clean,DEBY_LOD2_108247349,4,402,0.009950248756218905
base,gs_e5_C001_s1_sparse_r1,sparse,r1,3,0.05,on,2.0,sor_post_clean,DEBY_LOD2_108247350,2,48,0.041666666666666664
base,gs_e5_C001_s1_sparse_r1,sparse,r1,3,0.05,on,2.0,sor_post_clean,DEBY_LOD2_108247351,44,260,0.16923076923076924
base,gs_e5_C001_s1_dense_r1,dense,r1,3,0.05,on,2.0,voxel_all_pre_minobs,DEBY_LOD2_60098,780,784,0.9948979591836735
base,gs_e5_C001_s1_dense_r1,dense,r1,3,0.05,on,2.0,voxel_all_pre_minobs,DEBY_LOD2_4907184,1352,1352,1.0
base,gs_e5_C001_s1_dense_r1,dense,r1,3,0.05,on,2.0,voxel_all_pre_minobs,DEBY_LOD2_4907185,640,644,0.9937888198757764
base,gs_e5_C001_s1_dense_r1,dense,r1,3,0.05,on,2.0,voxel_all_pre_minobs,DEBY_LOD2_4907186,670,673,0.9955423476968797
base,gs_e5_C001_s1_dense_r1,dense,r1,3,0.05,on,2.0,voxel_all_pre_minobs,DEBY_LOD2_4907188,660,664,0.9939759036144579
base,gs_e5_C001_s1_dense_r1,dense,r1,3,0.05,on,2.0,voxel_all_pre_minobs,DEBY_LOD2_4907194,839,850,0.9870588235294118
base,gs_e5_C001_s1_dense_r1,dense,r1,3,0.05,on,2.0,voxel_all_pre_minobs,DEBY_LOD2_4907195,710,710,1.0
base,gs_e5_C001_s1_dense_r1,dense,r1,3,0.05,on,2.0,voxel_all_pre_minobs,DEBY_LOD2_4907198,1437,1438,0.9993045897079277
base,gs_e5_C001_s1_dense_r1,dense,r1,3,0.05,on,2.0,voxel_all_pre_minobs,DEBY_LOD2_4907199,368,393,0.9363867684478372
base,gs_e5_C001_s1_dense_r1,dense,r1,3,0.05,on,2.0,voxel_all_pre_minobs,DEBY_LOD2_4907202,641,641,1.0
base,gs_e5_C001_s1_dense_r1,dense,r1,3,0.05,on,2.0,voxel_all_pre_minobs,DEBY_LOD2_4908168,108,114,0.9473684210526315
base,gs_e5_C001_s1_dense_r1,dense,r1,3,0.05,on,2.0,voxel_all_pre_minobs,DEBY_LOD2_4908178,454,454,1.0
base,gs_e5_C001_s1_dense_r1,dense,r1,3,0.05,on,2.0,voxel_all_pre_minobs,DEBY_LOD2_4908179,126,474,0.26582278481012656
base,gs_e5_C001_s1_dense_r1,dense,r1,3,0.05,on,2.0,voxel_all_pre_minobs,DEBY_LOD2_8568391,221,221,1.0
base,gs_e5_C001_s1_dense_r1,dense,r1,3,0.05,on,2.0,voxel_all_pre_minobs,DEBY_LOD2_8568392,24,24,1.0
base,gs_e5_C001_s1_dense_r1,dense,r1,3,0.05,on,2.0,voxel_all_pre_minobs,DEBY_LOD2_108247349,9,402,0.022388059701492536
base,gs_e5_C001_s1_dense_r1,dense,r1,3,0.05,on,2.0,voxel_all_pre_minobs,DEBY_LOD2_108247350,33,48,0.6875
base,gs_e5_C001_s1_dense_r1,dense,r1,3,0.05,on,2.0,voxel_all_pre_minobs,DEBY_LOD2_108247351,131,260,0.5038461538461538
base,gs_e5_C001_s1_dense_r1,dense,r1,3,0.05,on,2.0,minobs_post_gate_pre_sor,DEBY_LOD2_60098,341,784,0.43494897959183676
base,gs_e5_C001_s1_dense_r1,dense,r1,3,0.05,on,2.0,minobs_post_gate_pre_sor,DEBY_LOD2_4907184,1352,1352,1.0
base,gs_e5_C001_s1_dense_r1,dense,r1,3,0.05,on,2.0,minobs_post_gate_pre_sor,DEBY_LOD2_4907185,391,644,0.6071428571428571
base,gs_e5_C001_s1_dense_r1,dense,r1,3,0.05,on,2.0,minobs_post_gate_pre_sor,DEBY_LOD2_4907186,240,673,0.35661218424962854
base,gs_e5_C001_s1_dense_r1,dense,r1,3,0.05,on,2.0,minobs_post_gate_pre_sor,DEBY_LOD2_4907188,194,664,0.2921686746987952
base,gs_e5_C001_s1_dense_r1,dense,r1,3,0.05,on,2.0,minobs_post_gate_pre_sor,DEBY_LOD2_4907194,250,850,0.29411764705882354
base,gs_e5_C001_s1_dense_r1,dense,r1,3,0.05,on,2.0,minobs_post_gate_pre_sor,DEBY_LOD2_4907195,448,710,0.6309859154929578
base,gs_e5_C001_s1_dense_r1,dense,r1,3,0.05,on,2.0,minobs_post_gate_pre_sor,DEBY_LOD2_4907198,859,1438,0.5973574408901252
base,gs_e5_C001_s1_dense_r1,dense,r1,3,0.05,on,2.0,minobs_post_gate_pre_sor,DEBY_LOD2_4907199,134,393,0.34096692111959287
base,gs_e5_C001_s1_dense_r1,dense,r1,3,0.05,on,2.0,minobs_post_gate_pre_sor,DEBY_LOD2_4907202,437,641,0.6817472698907956
base,gs_e5_C001_s1_dense_r1,dense,r1,3,0.05,on,2.0,minobs_post_gate_pre_sor,DEBY_LOD2_4908168,63,114,0.5526315789473685
base,gs_e5_C001_s1_dense_r1,dense,r1,3,0.05,on,2.0,minobs_post_gate_pre_sor,DEBY_LOD2_4908178,291,454,0.6409691629955947
base,gs_e5_C001_s1_dense_r1,dense,r1,3,0.05,on,2.0,minobs_post_gate_pre_sor,DEBY_LOD2_4908179,18,474,0.0379746835443038
base,gs_e5_C001_s1_dense_r1,dense,r1,3,0.05,on,2.0,minobs_post_gate_pre_sor,DEBY_LOD2_8568391,31,221,0.14027149321266968
base,gs_e5_C001_s1_dense_r1,dense,r1,3,0.05,on,2.0,minobs_post_gate_pre_sor,DEBY_LOD2_8568392,13,24,0.5416666666666666
base,gs_e5_C001_s1_dense_r1,dense,r1,3,0.05,on,2.0,minobs_post_gate_pre_sor,DEBY_LOD2_108247349,0,402,0.0
base,gs_e5_C001_s1_dense_r1,dense,r1,3,0.05,on,2.0,minobs_post_gate_pre_sor,DEBY_LOD2_108247350,10,48,0.20833333333333334
base,gs_e5_C001_s1_dense_r1,dense,r1,3,0.05,on,2.0,minobs_post_gate_pre_sor,DEBY_LOD2_108247351,38,260,0.14615384615384616
base,gs_e5_C001_s1_dense_r1,dense,r1,3,0.05,on,2.0,sor_post_clean,DEBY_LOD2_60098,97,784,0.12372448979591837
base,gs_e5_C001_s1_dense_r1,dense,r1,3,0.05,on,2.0,sor_post_clean,DEBY_LOD2_4907184,1352,1352,1.0
base,gs_e5_C001_s1_dense_r1,dense,r1,3,0.05,on,2.0,sor_post_clean,DEBY_LOD2_4907185,246,644,0.38198757763975155
base,gs_e5_C001_s1_dense_r1,dense,r1,3,0.05,on,2.0,sor_post_clean,DEBY_LOD2_4907186,59,673,0.08766716196136701
base,gs_e5_C001_s1_dense_r1,dense,r1,3,0.05,on,2.0,sor_post_clean,DEBY_LOD2_4907188,34,664,0.05120481927710843
base,gs_e5_C001_s1_dense_r1,dense,r1,3,0.05,on,2.0,sor_post_clean,DEBY_LOD2_4907194,22,850,0.02588235294117647
base,gs_e5_C001_s1_dense_r1,dense,r1,3,0.05,on,2.0,sor_post_clean,DEBY_LOD2_4907195,190,710,0.2676056338028169
base,gs_e5_C001_s1_dense_r1,dense,r1,3,0.05,on,2.0,sor_post_clean,DEBY_LOD2_4907198,407,1438,0.28303198887343534
base,gs_e5_C001_s1_dense_r1,dense,r1,3,0.05,on,2.0,sor_post_clean,DEBY_LOD2_4907199,73,393,0.18575063613231552
base,gs_e5_C001_s1_dense_r1,dense,r1,3,0.05,on,2.0,sor_post_clean,DEBY_LOD2_4907202,342,641,0.5335413416536662
base,gs_e5_C001_s1_dense_r1,dense,r1,3,0.05,on,2.0,sor_post_clean,DEBY_LOD2_4908168,63,114,0.5526315789473685
base,gs_e5_C001_s1_dense_r1,dense,r1,3,0.05,on,2.0,sor_post_clean,DEBY_LOD2_4908178,244,454,0.5374449339207048
base,gs_e5_C001_s1_dense_r1,dense,r1,3,0.05,on,2.0,sor_post_clean,DEBY_LOD2_4908179,3,474,0.006329113924050633
base,gs_e5_C001_s1_dense_r1,dense,r1,3,0.05,on,2.0,sor_post_clean,DEBY_LOD2_8568391,3,221,0.013574660633484163
base,gs_e5_C001_s1_dense_r1,dense,r1,3,0.05,on,2.0,sor_post_clean,DEBY_LOD2_8568392,5,24,0.20833333333333334
base,gs_e5_C001_s1_dense_r1,dense,r1,3,0.05,on,2.0,sor_post_clean,DEBY_LOD2_108247349,0,402,0.0
base,gs_e5_C001_s1_dense_r1,dense,r1,3,0.05,on,2.0,sor_post_clean,DEBY_LOD2_108247350,5,48,0.10416666666666667
base,gs_e5_C001_s1_dense_r1,dense,r1,3,0.05,on,2.0,sor_post_clean,DEBY_LOD2_108247351,2,260,0.007692307692307693
base,gs_e5_C001_s1_acmp_r1,acmp,r1,3,0.05,on,2.0,voxel_all_pre_minobs,DEBY_LOD2_60098,780,784,0.9948979591836735
base,gs_e5_C001_s1_acmp_r1,acmp,r1,3,0.05,on,2.0,voxel_all_pre_minobs,DEBY_LOD2_4907184,1352,1352,1.0
base,gs_e5_C001_s1_acmp_r1,acmp,r1,3,0.05,on,2.0,voxel_all_pre_minobs,DEBY_LOD2_4907185,643,644,0.9984472049689441
base,gs_e5_C001_s1_acmp_r1,acmp,r1,3,0.05,on,2.0,voxel_all_pre_minobs,DEBY_LOD2_4907186,672,673,0.9985141158989599
base,gs_e5_C001_s1_acmp_r1,acmp,r1,3,0.05,on,2.0,voxel_all_pre_minobs,DEBY_LOD2_4907188,658,664,0.9909638554216867
base,gs_e5_C001_s1_acmp_r1,acmp,r1,3,0.05,on,2.0,voxel_all_pre_minobs,DEBY_LOD2_4907194,840,850,0.9882352941176471
base,gs_e5_C001_s1_acmp_r1,acmp,r1,3,0.05,on,2.0,voxel_all_pre_minobs,DEBY_LOD2_4907195,710,710,1.0
base,gs_e5_C001_s1_acmp_r1,acmp,r1,3,0.05,on,2.0,voxel_all_pre_minobs,DEBY_LOD2_4907198,1438,1438,1.0
base,gs_e5_C001_s1_acmp_r1,acmp,r1,3,0.05,on,2.0,voxel_all_pre_minobs,DEBY_LOD2_4907199,386,393,0.9821882951653944
base,gs_e5_C001_s1_acmp_r1,acmp,r1,3,0.05,on,2.0,voxel_all_pre_minobs,DEBY_LOD2_4907202,641,641,1.0
base,gs_e5_C001_s1_acmp_r1,acmp,r1,3,0.05,on,2.0,voxel_all_pre_minobs,DEBY_LOD2_4908168,114,114,1.0
base,gs_e5_C001_s1_acmp_r1,acmp,r1,3,0.05,on,2.0,voxel_all_pre_minobs,DEBY_LOD2_4908178,454,454,1.0
base,gs_e5_C001_s1_acmp_r1,acmp,r1,3,0.05,on,2.0,voxel_all_pre_minobs,DEBY_LOD2_4908179,406,474,0.8565400843881856
base,gs_e5_C001_s1_acmp_r1,acmp,r1,3,0.05,on,2.0,voxel_all_pre_minobs,DEBY_LOD2_8568391,221,221,1.0
base,gs_e5_C001_s1_acmp_r1,acmp,r1,3,0.05,on,2.0,voxel_all_pre_minobs,DEBY_LOD2_8568392,24,24,1.0
base,gs_e5_C001_s1_acmp_r1,acmp,r1,3,0.05,on,2.0,voxel_all_pre_minobs,DEBY_LOD2_108247349,347,402,0.8631840796019901
base,gs_e5_C001_s1_acmp_r1,acmp,r1,3,0.05,on,2.0,voxel_all_pre_minobs,DEBY_LOD2_108247350,47,48,0.9791666666666666
base,gs_e5_C001_s1_acmp_r1,acmp,r1,3,0.05,on,2.0,voxel_all_pre_minobs,DEBY_LOD2_108247351,252,260,0.9692307692307692
base,gs_e5_C001_s1_acmp_r1,acmp,r1,3,0.05,on,2.0,minobs_post_gate_pre_sor,DEBY_LOD2_60098,451,784,0.5752551020408163
base,gs_e5_C001_s1_acmp_r1,acmp,r1,3,0.05,on,2.0,minobs_post_gate_pre_sor,DEBY_LOD2_4907184,1352,1352,1.0
base,gs_e5_C001_s1_acmp_r1,acmp,r1,3,0.05,on,2.0,minobs_post_gate_pre_sor,DEBY_LOD2_4907185,450,644,0.6987577639751553
base,gs_e5_C001_s1_acmp_r1,acmp,r1,3,0.05,on,2.0,minobs_post_gate_pre_sor,DEBY_LOD2_4907186,314,673,0.46656760772659733
base,gs_e5_C001_s1_acmp_r1,acmp,r1,3,0.05,on,2.0,minobs_post_gate_pre_sor,DEBY_LOD2_4907188,229,664,0.34487951807228917
base,gs_e5_C001_s1_acmp_r1,acmp,r1,3,0.05,on,2.0,minobs_post_gate_pre_sor,DEBY_LOD2_4907194,285,850,0.3352941176470588
base,gs_e5_C001_s1_acmp_r1,acmp,r1,3,0.05,on,2.0,minobs_post_gate_pre_sor,DEBY_LOD2_4907195,494,710,0.6957746478873239
base,gs_e5_C001_s1_acmp_r1,acmp,r1,3,0.05,on,2.0,minobs_post_gate_pre_sor,DEBY_LOD2_4907198,914,1438,0.6356050069541029
base,gs_e5_C001_s1_acmp_r1,acmp,r1,3,0.05,on,2.0,minobs_post_gate_pre_sor,DEBY_LOD2_4907199,86,393,0.21882951653944022
base,gs_e5_C001_s1_acmp_r1,acmp,r1,3,0.05,on,2.0,minobs_post_gate_pre_sor,DEBY_LOD2_4907202,380,641,0.592823712948518
base,gs_e5_C001_s1_acmp_r1,acmp,r1,3,0.05,on,2.0,minobs_post_gate_pre_sor,DEBY_LOD2_4908168,82,114,0.7192982456140351
base,gs_e5_C001_s1_acmp_r1,acmp,r1,3,0.05,on,2.0,minobs_post_gate_pre_sor,DEBY_LOD2_4908178,365,454,0.8039647577092511
base,gs_e5_C001_s1_acmp_r1,acmp,r1,3,0.05,on,2.0,minobs_post_gate_pre_sor,DEBY_LOD2_4908179,34,474,0.07172995780590717
base,gs_e5_C001_s1_acmp_r1,acmp,r1,3,0.05,on,2.0,minobs_post_gate_pre_sor,DEBY_LOD2_8568391,62,221,0.28054298642533937
base,gs_e5_C001_s1_acmp_r1,acmp,r1,3,0.05,on,2.0,minobs_post_gate_pre_sor,DEBY_LOD2_8568392,16,24,0.6666666666666666
base,gs_e5_C001_s1_acmp_r1,acmp,r1,3,0.05,on,2.0,minobs_post_gate_pre_sor,DEBY_LOD2_108247349,33,402,0.08208955223880597
base,gs_e5_C001_s1_acmp_r1,acmp,r1,3,0.05,on,2.0,minobs_post_gate_pre_sor,DEBY_LOD2_108247350,19,48,0.3958333333333333
base,gs_e5_C001_s1_acmp_r1,acmp,r1,3,0.05,on,2.0,minobs_post_gate_pre_sor,DEBY_LOD2_108247351,80,260,0.3076923076923077
base,gs_e5_C001_s1_acmp_r1,acmp,r1,3,0.05,on,2.0,sor_post_clean,DEBY_LOD2_60098,143,784,0.18239795918367346
base,gs_e5_C001_s1_acmp_r1,acmp,r1,3,0.05,on,2.0,sor_post_clean,DEBY_LOD2_4907184,1352,1352,1.0
base,gs_e5_C001_s1_acmp_r1,acmp,r1,3,0.05,on,2.0,sor_post_clean,DEBY_LOD2_4907185,335,644,0.5201863354037267
base,gs_e5_C001_s1_acmp_r1,acmp,r1,3,0.05,on,2.0,sor_post_clean,DEBY_LOD2_4907186,84,673,0.12481426448736999
base,gs_e5_C001_s1_acmp_r1,acmp,r1,3,0.05,on,2.0,sor_post_clean,DEBY_LOD2_4907188,39,664,0.058734939759036146
base,gs_e5_C001_s1_acmp_r1,acmp,r1,3,0.05,on,2.0,sor_post_clean,DEBY_LOD2_4907194,40,850,0.047058823529411764
base,gs_e5_C001_s1_acmp_r1,acmp,r1,3,0.05,on,2.0,sor_post_clean,DEBY_LOD2_4907195,251,710,0.35352112676056335
base,gs_e5_C001_s1_acmp_r1,acmp,r1,3,0.05,on,2.0,sor_post_clean,DEBY_LOD2_4907198,490,1438,0.34075104311543813
base,gs_e5_C001_s1_acmp_r1,acmp,r1,3,0.05,on,2.0,sor_post_clean,DEBY_LOD2_4907199,63,393,0.16030534351145037
base,gs_e5_C001_s1_acmp_r1,acmp,r1,3,0.05,on,2.0,sor_post_clean,DEBY_LOD2_4907202,334,641,0.5210608424336973
base,gs_e5_C001_s1_acmp_r1,acmp,r1,3,0.05,on,2.0,sor_post_clean,DEBY_LOD2_4908168,72,114,0.631578947368421
base,gs_e5_C001_s1_acmp_r1,acmp,r1,3,0.05,on,2.0,sor_post_clean,DEBY_LOD2_4908178,309,454,0.6806167400881057
base,gs_e5_C001_s1_acmp_r1,acmp,r1,3,0.05,on,2.0,sor_post_clean,DEBY_LOD2_4908179,3,474,0.006329113924050633
base,gs_e5_C001_s1_acmp_r1,acmp,r1,3,0.05,on,2.0,sor_post_clean,DEBY_LOD2_8568391,22,221,0.09954751131221719
base,gs_e5_C001_s1_acmp_r1,acmp,r1,3,0.05,on,2.0,sor_post_clean,DEBY_LOD2_8568392,7,24,0.2916666666666667
base,gs_e5_C001_s1_acmp_r1,acmp,r1,3,0.05,on,2.0,sor_post_clean,DEBY_LOD2_108247349,2,402,0.004975124378109453
base,gs_e5_C001_s1_acmp_r1,acmp,r1,3,0.05,on,2.0,sor_post_clean,DEBY_LOD2_108247350,3,48,0.0625
base,gs_e5_C001_s1_acmp_r1,acmp,r1,3,0.05,on,2.0,sor_post_clean,DEBY_LOD2_108247351,29,260,0.11153846153846154
voxel02,gs_e5_C001_s1_sparse_r1,sparse,r1,3,0.02,on,2.0,voxel_all_pre_minobs,DEBY_LOD2_60098,770,784,0.9821428571428571
voxel02,gs_e5_C001_s1_sparse_r1,sparse,r1,3,0.02,on,2.0,voxel_all_pre_minobs,DEBY_LOD2_4907184,1352,1352,1.0
voxel02,gs_e5_C001_s1_sparse_r1,sparse,r1,3,0.02,on,2.0,voxel_all_pre_minobs,DEBY_LOD2_4907185,643,644,0.9984472049689441
voxel02,gs_e5_C001_s1_sparse_r1,sparse,r1,3,0.02,on,2.0,voxel_all_pre_minobs,DEBY_LOD2_4907186,668,673,0.9925705794947994
voxel02,gs_e5_C001_s1_sparse_r1,sparse,r1,3,0.02,on,2.0,voxel_all_pre_minobs,DEBY_LOD2_4907188,660,664,0.9939759036144579
voxel02,gs_e5_C001_s1_sparse_r1,sparse,r1,3,0.02,on,2.0,voxel_all_pre_minobs,DEBY_LOD2_4907194,844,850,0.9929411764705882
voxel02,gs_e5_C001_s1_sparse_r1,sparse,r1,3,0.02,on,2.0,voxel_all_pre_minobs,DEBY_LOD2_4907195,709,710,0.9985915492957746
voxel02,gs_e5_C001_s1_sparse_r1,sparse,r1,3,0.02,on,2.0,voxel_all_pre_minobs,DEBY_LOD2_4907198,1429,1438,0.9937413073713491
voxel02,gs_e5_C001_s1_sparse_r1,sparse,r1,3,0.02,on,2.0,voxel_all_pre_minobs,DEBY_LOD2_4907199,369,393,0.9389312977099237
voxel02,gs_e5_C001_s1_sparse_r1,sparse,r1,3,0.02,on,2.0,voxel_all_pre_minobs,DEBY_LOD2_4907202,639,641,0.9968798751950078
voxel02,gs_e5_C001_s1_sparse_r1,sparse,r1,3,0.02,on,2.0,voxel_all_pre_minobs,DEBY_LOD2_4908168,114,114,1.0
voxel02,gs_e5_C001_s1_sparse_r1,sparse,r1,3,0.02,on,2.0,voxel_all_pre_minobs,DEBY_LOD2_4908178,447,454,0.9845814977973568
voxel02,gs_e5_C001_s1_sparse_r1,sparse,r1,3,0.02,on,2.0,voxel_all_pre_minobs,DEBY_LOD2_4908179,465,474,0.9810126582278481
voxel02,gs_e5_C001_s1_sparse_r1,sparse,r1,3,0.02,on,2.0,voxel_all_pre_minobs,DEBY_LOD2_8568391,221,221,1.0
voxel02,gs_e5_C001_s1_sparse_r1,sparse,r1,3,0.02,on,2.0,voxel_all_pre_minobs,DEBY_LOD2_8568392,24,24,1.0
voxel02,gs_e5_C001_s1_sparse_r1,sparse,r1,3,0.02,on,2.0,voxel_all_pre_minobs,DEBY_LOD2_108247349,376,402,0.9353233830845771
voxel02,gs_e5_C001_s1_sparse_r1,sparse,r1,3,0.02,on,2.0,voxel_all_pre_minobs,DEBY_LOD2_108247350,34,48,0.7083333333333334
voxel02,gs_e5_C001_s1_sparse_r1,sparse,r1,3,0.02,on,2.0,voxel_all_pre_minobs,DEBY_LOD2_108247351,181,260,0.6961538461538461
voxel02,gs_e5_C001_s1_sparse_r1,sparse,r1,3,0.02,on,2.0,minobs_post_gate_pre_sor,DEBY_LOD2_60098,24,784,0.030612244897959183
voxel02,gs_e5_C001_s1_sparse_r1,sparse,r1,3,0.02,on,2.0,minobs_post_gate_pre_sor,DEBY_LOD2_4907184,1350,1352,0.9985207100591716
voxel02,gs_e5_C001_s1_sparse_r1,sparse,r1,3,0.02,on,2.0,minobs_post_gate_pre_sor,DEBY_LOD2_4907185,103,644,0.15993788819875776
voxel02,gs_e5_C001_s1_sparse_r1,sparse,r1,3,0.02,on,2.0,minobs_post_gate_pre_sor,DEBY_LOD2_4907186,17,673,0.02526002971768202
voxel02,gs_e5_C001_s1_sparse_r1,sparse,r1,3,0.02,on,2.0,minobs_post_gate_pre_sor,DEBY_LOD2_4907188,17,664,0.025602409638554216
voxel02,gs_e5_C001_s1_sparse_r1,sparse,r1,3,0.02,on,2.0,minobs_post_gate_pre_sor,DEBY_LOD2_4907194,5,850,0.0058823529411764705
voxel02,gs_e5_C001_s1_sparse_r1,sparse,r1,3,0.02,on,2.0,minobs_post_gate_pre_sor,DEBY_LOD2_4907195,90,710,0.1267605633802817
voxel02,gs_e5_C001_s1_sparse_r1,sparse,r1,3,0.02,on,2.0,minobs_post_gate_pre_sor,DEBY_LOD2_4907198,171,1438,0.11891515994436717
voxel02,gs_e5_C001_s1_sparse_r1,sparse,r1,3,0.02,on,2.0,minobs_post_gate_pre_sor,DEBY_LOD2_4907199,52,393,0.13231552162849872
voxel02,gs_e5_C001_s1_sparse_r1,sparse,r1,3,0.02,on,2.0,minobs_post_gate_pre_sor,DEBY_LOD2_4907202,163,641,0.2542901716068643
voxel02,gs_e5_C001_s1_sparse_r1,sparse,r1,3,0.02,on,2.0,minobs_post_gate_pre_sor,DEBY_LOD2_4908168,28,114,0.24561403508771928
voxel02,gs_e5_C001_s1_sparse_r1,sparse,r1,3,0.02,on,2.0,minobs_post_gate_pre_sor,DEBY_LOD2_4908178,73,454,0.16079295154185022
voxel02,gs_e5_C001_s1_sparse_r1,sparse,r1,3,0.02,on,2.0,minobs_post_gate_pre_sor,DEBY_LOD2_4908179,1,474,0.002109704641350211
voxel02,gs_e5_C001_s1_sparse_r1,sparse,r1,3,0.02,on,2.0,minobs_post_gate_pre_sor,DEBY_LOD2_8568391,0,221,0.0
voxel02,gs_e5_C001_s1_sparse_r1,sparse,r1,3,0.02,on,2.0,minobs_post_gate_pre_sor,DEBY_LOD2_8568392,0,24,0.0
voxel02,gs_e5_C001_s1_sparse_r1,sparse,r1,3,0.02,on,2.0,minobs_post_gate_pre_sor,DEBY_LOD2_108247349,0,402,0.0
voxel02,gs_e5_C001_s1_sparse_r1,sparse,r1,3,0.02,on,2.0,minobs_post_gate_pre_sor,DEBY_LOD2_108247350,1,48,0.020833333333333332
voxel02,gs_e5_C001_s1_sparse_r1,sparse,r1,3,0.02,on,2.0,minobs_post_gate_pre_sor,DEBY_LOD2_108247351,30,260,0.11538461538461539
voxel02,gs_e5_C001_s1_sparse_r1,sparse,r1,3,0.02,on,2.0,sor_post_clean,DEBY_LOD2_60098,0,784,0.0
voxel02,gs_e5_C001_s1_sparse_r1,sparse,r1,3,0.02,on,2.0,sor_post_clean,DEBY_LOD2_4907184,1348,1352,0.9970414201183432
voxel02,gs_e5_C001_s1_sparse_r1,sparse,r1,3,0.02,on,2.0,sor_post_clean,DEBY_LOD2_4907185,21,644,0.03260869565217391
voxel02,gs_e5_C001_s1_sparse_r1,sparse,r1,3,0.02,on,2.0,sor_post_clean,DEBY_LOD2_4907186,0,673,0.0
voxel02,gs_e5_C001_s1_sparse_r1,sparse,r1,3,0.02,on,2.0,sor_post_clean,DEBY_LOD2_4907188,0,664,0.0
voxel02,gs_e5_C001_s1_sparse_r1,sparse,r1,3,0.02,on,2.0,sor_post_clean,DEBY_LOD2_4907194,0,850,0.0
voxel02,gs_e5_C001_s1_sparse_r1,sparse,r1,3,0.02,on,2.0,sor_post_clean,DEBY_LOD2_4907195,0,710,0.0
voxel02,gs_e5_C001_s1_sparse_r1,sparse,r1,3,0.02,on,2.0,sor_post_clean,DEBY_LOD2_4907198,32,1438,0.022253129346314324
voxel02,gs_e5_C001_s1_sparse_r1,sparse,r1,3,0.02,on,2.0,sor_post_clean,DEBY_LOD2_4907199,20,393,0.05089058524173028
voxel02,gs_e5_C001_s1_sparse_r1,sparse,r1,3,0.02,on,2.0,sor_post_clean,DEBY_LOD2_4907202,95,641,0.1482059282371295
voxel02,gs_e5_C001_s1_sparse_r1,sparse,r1,3,0.02,on,2.0,sor_post_clean,DEBY_LOD2_4908168,2,114,0.017543859649122806
voxel02,gs_e5_C001_s1_sparse_r1,sparse,r1,3,0.02,on,2.0,sor_post_clean,DEBY_LOD2_4908178,20,454,0.04405286343612335
voxel02,gs_e5_C001_s1_sparse_r1,sparse,r1,3,0.02,on,2.0,sor_post_clean,DEBY_LOD2_4908179,0,474,0.0
voxel02,gs_e5_C001_s1_sparse_r1,sparse,r1,3,0.02,on,2.0,sor_post_clean,DEBY_LOD2_8568391,0,221,0.0
voxel02,gs_e5_C001_s1_sparse_r1,sparse,r1,3,0.02,on,2.0,sor_post_clean,DEBY_LOD2_8568392,0,24,0.0
voxel02,gs_e5_C001_s1_sparse_r1,sparse,r1,3,0.02,on,2.0,sor_post_clean,DEBY_LOD2_108247349,0,402,0.0
voxel02,gs_e5_C001_s1_sparse_r1,sparse,r1,3,0.02,on,2.0,sor_post_clean,DEBY_LOD2_108247350,0,48,0.0
voxel02,gs_e5_C001_s1_sparse_r1,sparse,r1,3,0.02,on,2.0,sor_post_clean,DEBY_LOD2_108247351,0,260,0.0
voxel02,gs_e5_C001_s1_dense_r1,dense,r1,3,0.02,on,2.0,voxel_all_pre_minobs,DEBY_LOD2_60098,780,784,0.9948979591836735
voxel02,gs_e5_C001_s1_dense_r1,dense,r1,3,0.02,on,2.0,voxel_all_pre_minobs,DEBY_LOD2_4907184,1352,1352,1.0
voxel02,gs_e5_C001_s1_dense_r1,dense,r1,3,0.02,on,2.0,voxel_all_pre_minobs,DEBY_LOD2_4907185,641,644,0.9953416149068323
voxel02,gs_e5_C001_s1_dense_r1,dense,r1,3,0.02,on,2.0,voxel_all_pre_minobs,DEBY_LOD2_4907186,670,673,0.9955423476968797
voxel02,gs_e5_C001_s1_dense_r1,dense,r1,3,0.02,on,2.0,voxel_all_pre_minobs,DEBY_LOD2_4907188,660,664,0.9939759036144579
voxel02,gs_e5_C001_s1_dense_r1,dense,r1,3,0.02,on,2.0,voxel_all_pre_minobs,DEBY_LOD2_4907194,839,850,0.9870588235294118
voxel02,gs_e5_C001_s1_dense_r1,dense,r1,3,0.02,on,2.0,voxel_all_pre_minobs,DEBY_LOD2_4907195,710,710,1.0
voxel02,gs_e5_C001_s1_dense_r1,dense,r1,3,0.02,on,2.0,voxel_all_pre_minobs,DEBY_LOD2_4907198,1437,1438,0.9993045897079277
voxel02,gs_e5_C001_s1_dense_r1,dense,r1,3,0.02,on,2.0,voxel_all_pre_minobs,DEBY_LOD2_4907199,368,393,0.9363867684478372
voxel02,gs_e5_C001_s1_dense_r1,dense,r1,3,0.02,on,2.0,voxel_all_pre_minobs,DEBY_LOD2_4907202,641,641,1.0
voxel02,gs_e5_C001_s1_dense_r1,dense,r1,3,0.02,on,2.0,voxel_all_pre_minobs,DEBY_LOD2_4908168,108,114,0.9473684210526315
voxel02,gs_e5_C001_s1_dense_r1,dense,r1,3,0.02,on,2.0,voxel_all_pre_minobs,DEBY_LOD2_4908178,454,454,1.0
voxel02,gs_e5_C001_s1_dense_r1,dense,r1,3,0.02,on,2.0,voxel_all_pre_minobs,DEBY_LOD2_4908179,126,474,0.26582278481012656
voxel02,gs_e5_C001_s1_dense_r1,dense,r1,3,0.02,on,2.0,voxel_all_pre_minobs,DEBY_LOD2_8568391,221,221,1.0
voxel02,gs_e5_C001_s1_dense_r1,dense,r1,3,0.02,on,2.0,voxel_all_pre_minobs,DEBY_LOD2_8568392,24,24,1.0
voxel02,gs_e5_C001_s1_dense_r1,dense,r1,3,0.02,on,2.0,voxel_all_pre_minobs,DEBY_LOD2_108247349,9,402,0.022388059701492536
voxel02,gs_e5_C001_s1_dense_r1,dense,r1,3,0.02,on,2.0,voxel_all_pre_minobs,DEBY_LOD2_108247350,33,48,0.6875
voxel02,gs_e5_C001_s1_dense_r1,dense,r1,3,0.02,on,2.0,voxel_all_pre_minobs,DEBY_LOD2_108247351,131,260,0.5038461538461538
voxel02,gs_e5_C001_s1_dense_r1,dense,r1,3,0.02,on,2.0,minobs_post_gate_pre_sor,DEBY_LOD2_60098,19,784,0.02423469387755102
voxel02,gs_e5_C001_s1_dense_r1,dense,r1,3,0.02,on,2.0,minobs_post_gate_pre_sor,DEBY_LOD2_4907184,1352,1352,1.0
voxel02,gs_e5_C001_s1_dense_r1,dense,r1,3,0.02,on,2.0,minobs_post_gate_pre_sor,DEBY_LOD2_4907185,113,644,0.17546583850931677
voxel02,gs_e5_C001_s1_dense_r1,dense,r1,3,0.02,on,2.0,minobs_post_gate_pre_sor,DEBY_LOD2_4907186,12,673,0.017830609212481426
voxel02,gs_e5_C001_s1_dense_r1,dense,r1,3,0.02,on,2.0,minobs_post_gate_pre_sor,DEBY_LOD2_4907188,19,664,0.0286144578313253
voxel02,gs_e5_C001_s1_dense_r1,dense,r1,3,0.02,on,2.0,minobs_post_gate_pre_sor,DEBY_LOD2_4907194,7,850,0.00823529411764706
voxel02,gs_e5_C001_s1_dense_r1,dense,r1,3,0.02,on,2.0,minobs_post_gate_pre_sor,DEBY_LOD2_4907195,98,710,0.13802816901408452
voxel02,gs_e5_C001_s1_dense_r1,dense,r1,3,0.02,on,2.0,minobs_post_gate_pre_sor,DEBY_LOD2_4907198,168,1438,0.1168289290681502
voxel02,gs_e5_C001_s1_dense_r1,dense,r1,3,0.02,on,2.0,minobs_post_gate_pre_sor,DEBY_LOD2_4907199,39,393,0.09923664122137404
voxel02,gs_e5_C001_s1_dense_r1,dense,r1,3,0.02,on,2.0,minobs_post_gate_pre_sor,DEBY_LOD2_4907202,245,641,0.38221528861154447
voxel02,gs_e5_C001_s1_dense_r1,dense,r1,3,0.02,on,2.0,minobs_post_gate_pre_sor,DEBY_LOD2_4908168,14,114,0.12280701754385964
voxel02,gs_e5_C001_s1_dense_r1,dense,r1,3,0.02,on,2.0,minobs_post_gate_pre_sor,DEBY_LOD2_4908178,149,454,0.32819383259911894
voxel02,gs_e5_C001_s1_dense_r1,dense,r1,3,0.02,on,2.0,minobs_post_gate_pre_sor,DEBY_LOD2_4908179,0,474,0.0
voxel02,gs_e5_C001_s1_dense_r1,dense,r1,3,0.02,on,2.0,minobs_post_gate_pre_sor,DEBY_LOD2_8568391,1,221,0.004524886877828055
voxel02,gs_e5_C001_s1_dense_r1,dense,r1,3,0.02,on,2.0,minobs_post_gate_pre_sor,DEBY_LOD2_8568392,0,24,0.0
voxel02,gs_e5_C001_s1_dense_r1,dense,r1,3,0.02,on,2.0,minobs_post_gate_pre_sor,DEBY_LOD2_108247349,0,402,0.0
voxel02,gs_e5_C001_s1_dense_r1,dense,r1,3,0.02,on,2.0,minobs_post_gate_pre_sor,DEBY_LOD2_108247350,1,48,0.020833333333333332
voxel02,gs_e5_C001_s1_dense_r1,dense,r1,3,0.02,on,2.0,minobs_post_gate_pre_sor,DEBY_LOD2_108247351,3,260,0.011538461538461539
voxel02,gs_e5_C001_s1_dense_r1,dense,r1,3,0.02,on,2.0,sor_post_clean,DEBY_LOD2_60098,0,784,0.0
voxel02,gs_e5_C001_s1_dense_r1,dense,r1,3,0.02,on,2.0,sor_post_clean,DEBY_LOD2_4907184,1352,1352,1.0
voxel02,gs_e5_C001_s1_dense_r1,dense,r1,3,0.02,on,2.0,sor_post_clean,DEBY_LOD2_4907185,45,644,0.06987577639751552
voxel02,gs_e5_C001_s1_dense_r1,dense,r1,3,0.02,on,2.0,sor_post_clean,DEBY_LOD2_4907186,0,673,0.0
voxel02,gs_e5_C001_s1_dense_r1,dense,r1,3,0.02,on,2.0,sor_post_clean,DEBY_LOD2_4907188,0,664,0.0
voxel02,gs_e5_C001_s1_dense_r1,dense,r1,3,0.02,on,2.0,sor_post_clean,DEBY_LOD2_4907194,0,850,0.0
voxel02,gs_e5_C001_s1_dense_r1,dense,r1,3,0.02,on,2.0,sor_post_clean,DEBY_LOD2_4907195,1,710,0.0014084507042253522
voxel02,gs_e5_C001_s1_dense_r1,dense,r1,3,0.02,on,2.0,sor_post_clean,DEBY_LOD2_4907198,12,1438,0.008344923504867872
voxel02,gs_e5_C001_s1_dense_r1,dense,r1,3,0.02,on,2.0,sor_post_clean,DEBY_LOD2_4907199,0,393,0.0
voxel02,gs_e5_C001_s1_dense_r1,dense,r1,3,0.02,on,2.0,sor_post_clean,DEBY_LOD2_4907202,132,641,0.2059282371294852
voxel02,gs_e5_C001_s1_dense_r1,dense,r1,3,0.02,on,2.0,sor_post_clean,DEBY_LOD2_4908168,3,114,0.02631578947368421
voxel02,gs_e5_C001_s1_dense_r1,dense,r1,3,0.02,on,2.0,sor_post_clean,DEBY_LOD2_4908178,51,454,0.11233480176211454
voxel02,gs_e5_C001_s1_dense_r1,dense,r1,3,0.02,on,2.0,sor_post_clean,DEBY_LOD2_4908179,0,474,0.0
voxel02,gs_e5_C001_s1_dense_r1,dense,r1,3,0.02,on,2.0,sor_post_clean,DEBY_LOD2_8568391,0,221,0.0
voxel02,gs_e5_C001_s1_dense_r1,dense,r1,3,0.02,on,2.0,sor_post_clean,DEBY_LOD2_8568392,0,24,0.0
voxel02,gs_e5_C001_s1_dense_r1,dense,r1,3,0.02,on,2.0,sor_post_clean,DEBY_LOD2_108247349,0,402,0.0
voxel02,gs_e5_C001_s1_dense_r1,dense,r1,3,0.02,on,2.0,sor_post_clean,DEBY_LOD2_108247350,0,48,0.0
voxel02,gs_e5_C001_s1_dense_r1,dense,r1,3,0.02,on,2.0,sor_post_clean,DEBY_LOD2_108247351,0,260,0.0
voxel02,gs_e5_C001_s1_acmp_r1,acmp,r1,3,0.02,on,2.0,voxel_all_pre_minobs,DEBY_LOD2_60098,780,784,0.9948979591836735
voxel02,gs_e5_C001_s1_acmp_r1,acmp,r1,3,0.02,on,2.0,voxel_all_pre_minobs,DEBY_LOD2_4907184,1352,1352,1.0
voxel02,gs_e5_C001_s1_acmp_r1,acmp,r1,3,0.02,on,2.0,voxel_all_pre_minobs,DEBY_LOD2_4907185,644,644,1.0
voxel02,gs_e5_C001_s1_acmp_r1,acmp,r1,3,0.02,on,2.0,voxel_all_pre_minobs,DEBY_LOD2_4907186,672,673,0.9985141158989599
voxel02,gs_e5_C001_s1_acmp_r1,acmp,r1,3,0.02,on,2.0,voxel_all_pre_minobs,DEBY_LOD2_4907188,658,664,0.9909638554216867
voxel02,gs_e5_C001_s1_acmp_r1,acmp,r1,3,0.02,on,2.0,voxel_all_pre_minobs,DEBY_LOD2_4907194,840,850,0.9882352941176471
voxel02,gs_e5_C001_s1_acmp_r1,acmp,r1,3,0.02,on,2.0,voxel_all_pre_minobs,DEBY_LOD2_4907195,710,710,1.0
voxel02,gs_e5_C001_s1_acmp_r1,acmp,r1,3,0.02,on,2.0,voxel_all_pre_minobs,DEBY_LOD2_4907198,1438,1438,1.0
voxel02,gs_e5_C001_s1_acmp_r1,acmp,r1,3,0.02,on,2.0,voxel_all_pre_minobs,DEBY_LOD2_4907199,386,393,0.9821882951653944
voxel02,gs_e5_C001_s1_acmp_r1,acmp,r1,3,0.02,on,2.0,voxel_all_pre_minobs,DEBY_LOD2_4907202,641,641,1.0
voxel02,gs_e5_C001_s1_acmp_r1,acmp,r1,3,0.02,on,2.0,voxel_all_pre_minobs,DEBY_LOD2_4908168,114,114,1.0
voxel02,gs_e5_C001_s1_acmp_r1,acmp,r1,3,0.02,on,2.0,voxel_all_pre_minobs,DEBY_LOD2_4908178,454,454,1.0
voxel02,gs_e5_C001_s1_acmp_r1,acmp,r1,3,0.02,on,2.0,voxel_all_pre_minobs,DEBY_LOD2_4908179,406,474,0.8565400843881856
voxel02,gs_e5_C001_s1_acmp_r1,acmp,r1,3,0.02,on,2.0,voxel_all_pre_minobs,DEBY_LOD2_8568391,221,221,1.0
voxel02,gs_e5_C001_s1_acmp_r1,acmp,r1,3,0.02,on,2.0,voxel_all_pre_minobs,DEBY_LOD2_8568392,24,24,1.0
voxel02,gs_e5_C001_s1_acmp_r1,acmp,r1,3,0.02,on,2.0,voxel_all_pre_minobs,DEBY_LOD2_108247349,347,402,0.8631840796019901
voxel02,gs_e5_C001_s1_acmp_r1,acmp,r1,3,0.02,on,2.0,voxel_all_pre_minobs,DEBY_LOD2_108247350,47,48,0.9791666666666666
voxel02,gs_e5_C001_s1_acmp_r1,acmp,r1,3,0.02,on,2.0,voxel_all_pre_minobs,DEBY_LOD2_108247351,252,260,0.9692307692307692
voxel02,gs_e5_C001_s1_acmp_r1,acmp,r1,3,0.02,on,2.0,minobs_post_gate_pre_sor,DEBY_LOD2_60098,22,784,0.02806122448979592
voxel02,gs_e5_C001_s1_acmp_r1,acmp,r1,3,0.02,on,2.0,minobs_post_gate_pre_sor,DEBY_LOD2_4907184,1351,1352,0.9992603550295858
voxel02,gs_e5_C001_s1_acmp_r1,acmp,r1,3,0.02,on,2.0,minobs_post_gate_pre_sor,DEBY_LOD2_4907185,130,644,0.20186335403726707
voxel02,gs_e5_C001_s1_acmp_r1,acmp,r1,3,0.02,on,2.0,minobs_post_gate_pre_sor,DEBY_LOD2_4907186,22,673,0.03268945022288262
voxel02,gs_e5_C001_s1_acmp_r1,acmp,r1,3,0.02,on,2.0,minobs_post_gate_pre_sor,DEBY_LOD2_4907188,26,664,0.0391566265060241
voxel02,gs_e5_C001_s1_acmp_r1,acmp,r1,3,0.02,on,2.0,minobs_post_gate_pre_sor,DEBY_LOD2_4907194,4,850,0.004705882352941176
voxel02,gs_e5_C001_s1_acmp_r1,acmp,r1,3,0.02,on,2.0,minobs_post_gate_pre_sor,DEBY_LOD2_4907195,95,710,0.13380281690140844
voxel02,gs_e5_C001_s1_acmp_r1,acmp,r1,3,0.02,on,2.0,minobs_post_gate_pre_sor,DEBY_LOD2_4907198,155,1438,0.10778859527121001
voxel02,gs_e5_C001_s1_acmp_r1,acmp,r1,3,0.02,on,2.0,minobs_post_gate_pre_sor,DEBY_LOD2_4907199,51,393,0.1297709923664122
voxel02,gs_e5_C001_s1_acmp_r1,acmp,r1,3,0.02,on,2.0,minobs_post_gate_pre_sor,DEBY_LOD2_4907202,213,641,0.33229329173166927
voxel02,gs_e5_C001_s1_acmp_r1,acmp,r1,3,0.02,on,2.0,minobs_post_gate_pre_sor,DEBY_LOD2_4908168,10,114,0.08771929824561403
voxel02,gs_e5_C001_s1_acmp_r1,acmp,r1,3,0.02,on,2.0,minobs_post_gate_pre_sor,DEBY_LOD2_4908178,184,454,0.4052863436123348
voxel02,gs_e5_C001_s1_acmp_r1,acmp,r1,3,0.02,on,2.0,minobs_post_gate_pre_sor,DEBY_LOD2_4908179,0,474,0.0
voxel02,gs_e5_C001_s1_acmp_r1,acmp,r1,3,0.02,on,2.0,minobs_post_gate_pre_sor,DEBY_LOD2_8568391,2,221,0.00904977375565611
voxel02,gs_e5_C001_s1_acmp_r1,acmp,r1,3,0.02,on,2.0,minobs_post_gate_pre_sor,DEBY_LOD2_8568392,0,24,0.0
voxel02,gs_e5_C001_s1_acmp_r1,acmp,r1,3,0.02,on,2.0,minobs_post_gate_pre_sor,DEBY_LOD2_108247349,0,402,0.0
voxel02,gs_e5_C001_s1_acmp_r1,acmp,r1,3,0.02,on,2.0,minobs_post_gate_pre_sor,DEBY_LOD2_108247350,0,48,0.0
voxel02,gs_e5_C001_s1_acmp_r1,acmp,r1,3,0.02,on,2.0,minobs_post_gate_pre_sor,DEBY_LOD2_108247351,22,260,0.08461538461538462
voxel02,gs_e5_C001_s1_acmp_r1,acmp,r1,3,0.02,on,2.0,sor_post_clean,DEBY_LOD2_60098,0,784,0.0
voxel02,gs_e5_C001_s1_acmp_r1,acmp,r1,3,0.02,on,2.0,sor_post_clean,DEBY_LOD2_4907184,1351,1352,0.9992603550295858
voxel02,gs_e5_C001_s1_acmp_r1,acmp,r1,3,0.02,on,2.0,sor_post_clean,DEBY_LOD2_4907185,39,644,0.06055900621118013
voxel02,gs_e5_C001_s1_acmp_r1,acmp,r1,3,0.02,on,2.0,sor_post_clean,DEBY_LOD2_4907186,0,673,0.0
voxel02,gs_e5_C001_s1_acmp_r1,acmp,r1,3,0.02,on,2.0,sor_post_clean,DEBY_LOD2_4907188,0,664,0.0
voxel02,gs_e5_C001_s1_acmp_r1,acmp,r1,3,0.02,on,2.0,sor_post_clean,DEBY_LOD2_4907194,0,850,0.0
voxel02,gs_e5_C001_s1_acmp_r1,acmp,r1,3,0.02,on,2.0,sor_post_clean,DEBY_LOD2_4907195,0,710,0.0
voxel02,gs_e5_C001_s1_acmp_r1,acmp,r1,3,0.02,on,2.0,sor_post_clean,DEBY_LOD2_4907198,13,1438,0.009040333796940195
voxel02,gs_e5_C001_s1_acmp_r1,acmp,r1,3,0.02,on,2.0,sor_post_clean,DEBY_LOD2_4907199,9,393,0.022900763358778626
voxel02,gs_e5_C001_s1_acmp_r1,acmp,r1,3,0.02,on,2.0,sor_post_clean,DEBY_LOD2_4907202,122,641,0.19032761310452417
voxel02,gs_e5_C001_s1_acmp_r1,acmp,r1,3,0.02,on,2.0,sor_post_clean,DEBY_LOD2_4908168,0,114,0.0
voxel02,gs_e5_C001_s1_acmp_r1,acmp,r1,3,0.02,on,2.0,sor_post_clean,DEBY_LOD2_4908178,58,454,0.1277533039647577
voxel02,gs_e5_C001_s1_acmp_r1,acmp,r1,3,0.02,on,2.0,sor_post_clean,DEBY_LOD2_4908179,0,474,0.0
voxel02,gs_e5_C001_s1_acmp_r1,acmp,r1,3,0.02,on,2.0,sor_post_clean,DEBY_LOD2_8568391,0,221,0.0
voxel02,gs_e5_C001_s1_acmp_r1,acmp,r1,3,0.02,on,2.0,sor_post_clean,DEBY_LOD2_8568392,0,24,0.0
voxel02,gs_e5_C001_s1_acmp_r1,acmp,r1,3,0.02,on,2.0,sor_post_clean,DEBY_LOD2_108247349,0,402,0.0
voxel02,gs_e5_C001_s1_acmp_r1,acmp,r1,3,0.02,on,2.0,sor_post_clean,DEBY_LOD2_108247350,0,48,0.0
voxel02,gs_e5_C001_s1_acmp_r1,acmp,r1,3,0.02,on,2.0,sor_post_clean,DEBY_LOD2_108247351,0,260,0.0
